,62.4293036_6.3280543,62.4728130_6.1584737,62.4648029_6.1111520,62.4749043_6.2216744,62.4719208_6.1427615,62.4677730_6.3069108,62.4726771_6.1614843,62.5581807_6.2647180,62.4695645_6.6247074,62.4735740_6.1568680,62.4728964_6.1563672,62.4699296_6.1460985,62.4712466_6.1538577,62.4712260_6.1528700,62.4714696_6.1536135,62.4752591_6.1530952,62.4714804_6.1512358,62.4712404_6.1617014,62.4744125_6.1566436,62.4756638_6.1552199,62.4713488_6.1559244,62.4709540_6.1530810,62.4755287_6.1560491,62.4695051_6.1521612,62.4744062_6.1557970,62.4727740_6.1650560,62.4716873_6.1609571,62.4727409_6.2309420,62.4731906_6.1567012,62.4604828_6.2686763,62.4643885_6.3172074,62.4723101_6.1583677,62.4746740_6.1569160,62.4752788_6.1565513,62.4697710_6.1256370,62.4735516_6.1564804,62.4715115_6.2065205,62.4700820_6.1400480,62.4273801_6.3156902,62.4723820_6.2406150,62.4710560_6.1666930,62.4636310_6.3125440,62.4729228_6.1581093,62.4713742_6.1591680,62.4712141_6.1588682,62.4728188_6.1583341,62.4718628_6.1603005,62.4712525_6.1578843,62.4725947_6.1574179,62.4819990_6.1853070,62.4725015_6.1581388,62.4720040_6.2358180,62.4660480_6.3563750,62.4648170_6.3515225,62.4650820_6.3515200,62.4651818_6.3478662,62.4629970_6.3630480,62.4660900_6.1094880,62.4708459_6.1312305,62.4713955_6.1594019,62.4719148_6.1593252,62.4667330_6.1136780,62.4666932_6.1141750,62.4722192_6.1522983,62.4749561_6.1563663,62.4703741_6.1502732,62.6719230_6.6749030,62.4366350_6.3705230,62.4710580_6.3421710,62.4716084_6.3453172,62.4714714_6.3447286,62.4622693_6.3640886,62.4420250_6.3719770,62.4635290_6.3644850,62.4717260_6.3633530,62.4319749_6.4127797,62.4664420_6.3512370,62.4669725_6.3502766,62.4624300_6.3636223,62.4673802_6.3564385,62.4842080_6.3899840,62.4686300_6.3477760,62.4666080_6.2460440,62.4683680_6.2920740,62.4420055_6.2580881,62.4431074_6.2726405,62.4444111_6.1943517,62.4424369_6.1886657,62.4415864_6.2751885,62.4390436_6.1854688,62.4246541_6.3055775,62.4421478_6.1903413,62.4376538_6.1879915,62.4407026_6.1998007,62.4378240_6.2349440,62.4402429_6.2730816
62.4293036_6.3280543,0.0,16732.9,19803.0,13705.3,17664.7,9215.0,16736.1,49427.8,19780.1,16856.3,16832.1,17255.6,16979.1,16998.0,16959.7,17288.8,17032.6,16416.7,17118.7,17148.5,16722.9,16969.2,17373.6,17074.8,17108.1,16639.6,16753.3,13080.4,16864.1,10437.2,8175.0,16940.9,17142.8,17340.5,18386.3,17004.4,14620.6,17560.3,3404.0,12787.2,16163.4,8254.4,16754.0,16656.7,16538.7,16740.1,16586.7,16598.4,16830.2,17044.1,16941.3,12908.7,5960.6,5896.0,5887.7,6275.7,5821.4,19668.0,18100.9,16669.0,16630.4,19452.0,19482.9,17155.5,17332.6,17032.6,60765.0,3241.1,6887.3,6729.0,6731.8,5655.1,3955.1,5821.5,7205.7,6114.0,6248.3,6201.5,5707.8,6198.2,9297.9,6413.3,11661.5,9340.7,9400.5,8752.7,13660.0,13591.4,8491.1,13865.3,4310.6,13568.3,13783.7,12928.2,11029.3,8322.7
62.4728130_6.1584737,16743.3,0.0,3320.3,4406.1,1182.0,9967.3,159.1,54189.0,30434.9,144.6,99.2,772.9,350.8,369.6,331.3,511.6,549.9,361.1,295.0,436.8,406.9,391.8,596.4,686.3,342.1,342.9,225.7,4273.2,152.4,7039.3,9202.6,208.0,270.9,563.3,1903.6,376.0,2963.4,1077.6,17349.5,4976.4,577.4,9363.2,21.1,291.7,514.8,7.2,174.8,574.4,97.3,2593.0,208.4,5097.9,11480.3,11146.6,11138.2,10823.2,12046.9,3185.3,1618.2,303.9,163.0,2969.3,3000.2,672.8,555.4,549.9,65526.2,15109.3,10633.6,10475.3,10478.1,12132.4,14610.0,11824.3,11121.5,16768.8,10986.3,10939.6,11933.3,11010.6,13250.2,11151.3,5398.3,7823.0,23346.0,22698.2,27605.5,27536.9,22436.6,27810.8,18256.1,27513.8,27729.2,26873.7,24974.8,22268.2
62.4648029_6.1111520,19779.9,3315.0,0.0,7442.7,2447.8,13003.9,3474.1,57225.6,33471.5,3459.6,3215.7,2545.6,2967.7,2948.9,2987.2,3564.8,2812.8,3485.9,3394.6,3638.7,3154.1,2926.7,3649.5,3126.4,3384.0,3657.8,3433.7,7309.8,3467.4,10075.9,12239.1,3394.1,3418.7,3616.4,1453.5,3280.3,6000.0,2240.9,20386.1,8013.0,3710.0,12399.8,3293.9,3337.1,3261.9,3307.8,3489.7,3278.7,3283.4,5629.6,3394.5,8134.5,14516.9,14183.2,14174.8,13859.8,15083.5,286.6,1812.6,3349.4,3478.0,351.0,348.5,2918.8,3608.5,2803.1,68562.8,18145.9,13670.2,13511.9,13514.7,15169.0,17646.5,14860.9,14158.1,19805.4,14022.9,13976.2,14969.9,14047.2,16286.7,14187.9,8434.8,10859.6,26382.6,25734.8,30642.1,30573.5,25473.2,30847.4,21292.7,30550.4,30765.8,29910.3,28011.4,25304.8
62.4749043_6.2216744,13781.0,4128.5,7198.6,0.0,5060.3,7005.0,4131.7,50929.2,27472.6,4251.9,4227.7,4651.2,4374.7,4393.6,4355.3,4684.5,4428.2,3812.3,4514.3,4544.1,4118.5,4364.8,4769.2,4470.4,4503.7,4035.2,4149.0,894.2,4259.7,3875.9,6240.2,4336.5,4538.4,4736.1,5781.9,4400.0,1517.9,4955.9,14387.2,1441.1,3559.0,6400.8,4149.6,4052.3,3934.3,4135.7,3982.3,3994.0,4225.8,4439.7,4336.9,1367.2,8517.9,8184.2,8175.9,7860.9,9084.6,7063.6,5496.5,4064.6,4026.1,6847.6,6878.5,4551.2,4728.2,4428.2,62266.4,12146.9,7671.3,7512.9,7515.7,9170.1,11647.6,8862.0,8159.1,13806.5,8023.9,7977.2,8970.9,8048.2,10287.8,8188.9,2234.9,4860.6,20383.6,19735.8,24643.1,24574.6,19474.3,24848.5,15293.7,24551.5,24766.9,23911.4,22012.4,19305.8
62.4719208_6.1427615,17664.2,1199.2,2436.7,5326.9,0.0,10888.2,1358.3,55109.8,31355.8,1343.8,1100.0,480.4,851.9,833.1,871.4,1449.0,595.9,1370.2,1278.8,1522.9,1038.3,810.9,1533.8,743.9,1268.2,1542.1,1318.0,5194.0,1351.6,7960.1,10123.4,1278.4,1303.0,1500.6,1020.0,1164.5,3884.3,310.4,18270.4,5897.2,1594.2,10284.0,1178.1,1221.3,1146.1,1192.0,1374.0,1163.0,1167.6,3513.8,1278.7,6018.8,12401.1,12067.4,12059.0,11744.1,12967.7,2301.6,711.3,1233.6,1362.2,2085.7,2116.5,701.9,1492.7,637.5,66447.0,16030.1,11554.4,11396.1,11398.9,13053.3,15530.8,12745.2,12042.3,17689.6,11907.1,11860.4,12854.1,11931.4,14171.0,12072.1,6319.1,8743.8,24266.8,23619.0,28526.3,28457.8,23357.5,28731.7,19176.9,28434.6,28650.1,27794.6,25895.6,23189.0
62.4677730_6.3069108,9161.1,9903.0,12973.2,6875.4,10834.9,0.0,9906.2,46309.4,22852.7,10026.5,10002.3,10425.8,10149.3,10168.2,10129.8,10459.0,10202.8,9586.8,10288.9,10318.6,9893.1,10139.4,10543.8,10245.0,10278.3,9809.8,9923.5,6250.6,10034.3,5232.8,2544.0,10111.1,10313.0,10510.6,11556.5,10174.5,7790.8,10730.4,9767.3,5957.3,9333.5,2840.5,9924.2,9826.9,9708.9,9910.2,9756.9,9768.5,10000.4,10214.3,10111.4,6078.9,3366.9,2969.7,2961.3,2646.3,3961.0,12838.1,11271.1,9839.2,9800.6,12622.2,12653.0,10325.7,10502.7,10202.7,57646.5,7527.0,3051.4,2893.1,2895.9,3844.8,7027.7,3738.4,3539.3,9186.6,2815.0,2726.3,3847.3,2924.6,5667.9,2369.5,5240.8,2919.9,15763.8,15115.9,20023.3,19954.7,14854.4,20228.6,10673.9,19931.6,20147.0,19291.5,17392.6,14686.0
62.4726771_6.1614843,16584.2,159.1,3479.5,4246.9,1341.1,9808.2,0.0,54029.9,30275.8,282.6,258.4,932.0,509.9,528.8,490.5,649.6,709.1,379.5,433.0,574.7,717.3,551.0,734.4,845.4,480.1,183.7,338.7,4114.1,290.4,6880.1,9043.4,367.2,408.9,701.2,2062.8,535.1,2804.3,1236.7,17190.4,4817.2,418.2,9204.1,180.3,404.7,533.1,166.3,287.8,592.8,256.5,2433.8,367.6,4938.8,11321.2,10987.4,10979.1,10664.1,11887.8,3344.4,1777.4,416.9,276.0,3128.5,3159.3,832.0,693.3,709.0,65367.0,14950.1,10474.5,10316.1,10318.9,11973.3,14450.8,11665.2,10962.3,16609.7,10827.2,10780.4,11774.1,10851.4,13091.0,10992.1,5239.1,7663.8,23186.8,22539.0,27446.4,27377.8,22277.5,27651.7,18096.9,27354.7,27570.1,26714.6,24815.6,22109.1
62.5581807_6.2647180,49323.0,54045.0,57115.2,50561.8,54976.8,46071.5,54048.2,0.0,38122.7,54168.5,54144.2,54567.7,54291.3,54310.1,54271.8,54601.0,54344.8,53728.8,54430.8,54460.6,54035.0,54281.4,54685.8,54386.9,54420.2,53951.7,54065.5,49937.0,54176.2,48341.4,45992.2,54253.1,54455.0,54652.6,55698.5,54316.5,51477.2,54872.4,49929.3,49643.7,53475.5,46288.7,54066.1,53968.9,53850.9,54052.2,53898.9,53910.5,54142.3,51525.1,54253.4,49765.3,44060.0,43916.2,43907.8,44295.8,43925.0,56980.1,55413.1,53981.1,53942.6,56764.2,56795.0,54467.7,54644.7,54344.7,33081.9,47689.0,43743.9,43585.6,43588.4,43808.7,47189.7,43702.4,42635.0,49348.5,43566.0,43519.3,43811.3,43590.3,42484.3,43731.0,48927.2,46606.3,55925.7,55277.9,60185.2,60116.6,55016.3,60390.6,50835.8,60093.5,60308.9,59453.4,57554.5,54847.9
62.4695645_6.6247074,20043.5,30295.0,33365.1,27267.3,31226.8,22777.0,30298.2,38027.2,0.0,30418.4,30394.2,30817.7,30541.2,30560.1,30521.8,30850.9,30594.7,29978.8,30680.8,30710.6,30285.0,30531.3,30935.7,30636.9,30670.2,30201.7,30315.4,26642.5,30426.2,23999.3,21737.1,30503.0,30704.9,30902.5,31948.4,30566.4,28182.7,31122.3,20649.7,26349.2,29725.5,21816.5,30316.1,30218.8,30100.8,30302.1,30148.8,30160.4,30392.3,30606.2,30503.4,26470.8,19522.7,19458.1,19449.8,19837.8,19383.5,33230.0,31663.0,30231.1,30192.5,33014.1,33044.9,30717.6,30894.6,30594.6,49364.3,16659.3,20449.4,20291.1,20293.9,19217.2,16191.9,19383.6,20767.8,13967.4,19810.4,19763.6,19269.8,19760.3,22349.3,19975.3,25223.6,22902.8,26646.2,25998.4,30905.7,30837.1,25736.8,31111.0,21556.3,30814.0,31029.4,30173.9,28275.0,25568.4
62.4735740_6.1568680,16866.8,144.6,3464.9,4529.5,1326.6,10090.8,282.6,54312.5,30558.4,0.0,243.9,917.5,495.4,514.2,475.9,502.2,694.5,484.6,285.5,427.3,551.5,536.4,586.9,830.9,332.6,466.3,349.2,4396.7,7.8,7162.7,9326.0,352.7,261.4,553.8,2048.3,520.6,3086.9,1222.2,17473.0,5099.9,700.8,9486.7,165.7,415.1,638.3,151.8,298.2,697.9,241.9,2716.4,353.0,5221.4,11603.8,11270.0,11261.7,10946.7,12170.4,3329.9,1762.9,427.4,286.5,3114.0,3144.8,817.5,545.9,694.5,65649.6,15232.7,10757.1,10598.8,10601.6,12255.9,14733.4,11947.8,11244.9,16892.3,11109.8,11063.0,12056.7,11134.0,13373.6,11274.7,5521.7,7946.5,23469.5,22821.6,27729.0,27660.4,22560.1,27934.3,18379.5,27637.3,27852.7,26997.2,25098.2,22391.7
62.4728964_6.1563672,16842.6,99.2,3221.1,4505.3,1082.8,10066.6,258.4,54288.3,30534.2,243.9,0.0,673.7,251.5,270.4,232.1,561.2,450.7,460.3,391.1,536.0,307.7,292.6,646.0,587.1,380.5,442.1,324.9,4372.4,251.6,7138.5,9301.8,178.4,415.2,612.9,1804.4,276.7,3062.7,978.3,17448.8,5075.6,676.6,9462.4,78.1,390.9,425.1,92.1,274.0,442.0,67.7,2692.2,178.8,5197.2,11579.5,11245.8,11237.5,10922.5,12146.2,3086.0,1519.0,403.2,262.3,2870.1,2900.9,573.6,605.0,450.6,65625.4,15208.5,10732.9,10574.5,10577.3,12231.7,14709.2,11923.6,11220.7,16868.1,11085.5,11038.8,12032.5,11109.8,13349.4,11250.5,5497.5,7922.2,23445.2,22797.4,27704.8,27636.2,22535.9,27910.1,18355.3,27613.1,27828.5,26973.0,25074.0,22367.4
62.4699296_6.1460985,17234.4,769.4,2547.4,4897.1,463.1,10458.3,928.5,54680.0,30926.0,914.0,670.1,0.0,422.1,403.3,441.6,1019.2,333.5,940.4,849.0,1093.1,608.5,381.1,1103.9,580.9,838.4,1112.3,888.1,4764.2,921.8,7530.3,9693.6,848.6,873.2,1070.8,1130.7,734.7,3454.5,304.7,17840.6,5467.4,1164.4,9854.2,748.3,791.5,716.3,762.2,944.2,733.2,737.8,3084.0,848.9,5588.9,11971.3,11637.6,11629.2,11314.2,12537.9,2412.4,847.3,803.8,932.4,2196.4,2227.3,439.5,1062.9,257.5,66017.2,15600.3,11124.6,10966.3,10969.1,12623.4,15101.0,12315.3,11612.5,17259.8,11477.3,11430.6,12424.3,11501.6,13741.2,11642.3,5889.3,8314.0,23837.0,23189.2,28096.5,28027.9,22927.6,28301.9,18747.1,28004.8,28220.2,27364.7,25465.8,22759.2
62.4712466_6.1538577,16952.7,347.3,2969.6,4615.4,831.2,10176.7,506.4,54398.4,30644.3,491.9,248.0,422.1,0.0,18.9,19.5,597.0,199.2,708.4,426.9,671.0,317.2,41.1,681.8,335.5,416.3,690.1,573.0,4482.6,499.6,7248.6,9411.9,426.4,451.0,648.7,1552.9,312.5,3172.8,726.8,17558.9,5185.7,924.6,9572.6,326.1,509.9,434.7,340.1,522.0,451.5,315.7,2802.3,426.8,5307.3,11689.7,11355.9,11347.6,11032.6,12256.3,2834.5,1267.5,522.1,510.3,2618.6,2649.4,322.1,640.8,199.1,65735.5,15318.6,10843.0,10684.6,10687.5,12341.8,14819.3,12033.7,11330.8,16978.2,11195.7,11148.9,12142.6,11219.9,13459.5,11360.6,5607.6,8032.3,23555.4,22907.5,27814.9,27746.3,22646.0,28020.2,18465.4,27723.2,27938.6,27083.1,25184.1,22477.6
62.4712260_6.1528700,16971.6,366.1,2950.7,4634.3,812.4,10195.5,525.3,54417.2,30663.2,510.7,266.9,403.3,18.9,0.0,38.3,615.9,180.3,727.2,445.7,689.8,344.3,22.2,700.7,316.7,435.2,709.0,591.8,4501.4,518.5,7267.5,9430.8,445.3,469.9,667.5,1534.0,331.4,3191.7,707.9,17577.8,5204.6,943.5,9591.4,345.0,528.7,453.5,358.9,540.9,470.4,334.6,2821.2,445.7,5326.1,11708.5,11374.8,11366.4,11051.4,12275.1,2815.6,1248.6,541.0,529.2,2599.7,2630.5,303.2,659.6,180.2,65754.4,15337.5,10861.8,10703.5,10706.3,12360.7,14838.2,12052.5,11349.7,16997.0,11214.5,11167.8,12161.5,11238.8,13478.4,11379.5,5626.5,8051.2,23574.2,22926.4,27833.7,27765.2,22664.8,28039.1,18484.3,27742.0,27957.4,27102.0,25203.0,22496.4
62.4714696_6.1536135,16933.2,327.8,2989.0,4596.0,850.7,10157.2,486.9,54378.9,30624.8,472.4,228.6,441.6,19.5,38.3,0.0,577.6,218.6,688.9,407.4,651.5,297.7,60.5,662.4,355.0,396.8,670.7,553.5,4463.1,480.2,7229.2,9392.5,407.0,431.6,629.2,1572.3,293.1,3153.3,746.3,17539.5,5166.3,905.2,9553.1,306.7,490.4,415.2,320.6,502.6,432.1,296.2,2782.9,407.3,5287.8,11670.2,11336.5,11328.1,11013.1,12236.8,2854.0,1286.9,502.7,490.8,2638.0,2668.9,341.5,621.3,218.5,65716.1,15299.2,10823.5,10665.2,10668.0,12322.3,14799.9,12014.2,11311.4,16958.7,11176.2,11129.5,12123.2,11200.5,13440.1,11341.2,5588.2,8012.9,23535.9,22888.1,27795.4,27726.8,22626.5,28000.8,18446.0,27703.7,27919.1,27063.6,25164.7,22458.1
62.4752591_6.1530952,17283.0,511.6,3560.9,4945.7,1422.6,10507.0,649.6,54728.7,30974.6,502.2,578.3,1013.5,591.4,610.2,571.9,0.0,790.5,851.6,216.6,144.9,647.5,632.4,207.5,926.9,217.2,833.4,716.2,4812.9,509.9,7578.9,9742.2,719.7,240.8,174.4,2144.2,403.7,3503.1,1318.2,17889.2,5516.0,1067.8,9902.8,532.8,782.2,764.9,518.8,665.3,781.8,609.0,3132.6,720.1,5637.6,12019.9,11686.2,11677.9,11362.9,12586.6,3425.9,1858.8,794.4,653.5,3209.9,3240.8,913.4,166.5,790.4,66065.8,15648.9,11173.3,11014.9,11017.7,12672.1,15149.6,12364.0,11661.1,17308.5,11525.9,11479.2,12472.9,11550.2,13789.8,11690.9,5937.9,8362.6,23885.6,23237.8,28145.2,28076.6,22976.3,28350.5,18795.7,28053.5,28268.9,27413.4,25514.4,22807.9
62.4714804_6.1512358,17019.6,554.6,2801.7,4682.3,640.1,10243.5,713.7,54465.2,30711.2,699.2,455.4,347.4,207.3,188.5,226.8,804.4,0.0,725.6,634.2,878.3,393.7,166.3,889.2,366.1,623.6,897.5,673.3,4549.4,707.0,7315.5,9478.8,633.8,658.4,856.0,1385.0,519.9,3239.7,652.0,17625.8,5252.6,949.6,9639.4,533.5,576.7,501.5,547.4,729.4,518.4,523.0,2869.2,634.1,5374.2,11756.5,11422.8,11414.4,11099.4,12323.1,2666.6,1076.3,589.0,717.6,2450.7,2481.5,122.9,848.1,124.3,65802.4,15385.5,10909.8,10751.5,10754.3,12408.7,14886.2,12100.5,11397.7,17045.0,11262.5,11215.8,12209.5,11286.8,13526.4,11427.5,5674.5,8099.2,23622.2,22974.4,27881.7,27813.2,22712.8,28087.1,18532.3,27790.0,28005.5,27150.0,25251.0,22544.4
62.4712404_6.1617014,16439.6,365.8,3467.6,4102.3,1329.2,9663.6,533.5,53885.3,30131.2,489.2,465.0,920.1,643.7,662.5,624.2,953.4,697.2,0.0,783.2,781.4,387.4,633.8,1038.2,739.4,772.7,437.0,417.9,3969.5,497.0,6735.6,8898.8,573.8,615.5,1005.0,2050.9,668.9,2659.7,1224.8,17045.8,4672.7,273.6,9059.5,386.9,321.3,203.3,373.0,219.6,262.9,463.1,2289.2,574.2,4794.2,11176.6,10842.9,10834.5,10519.5,11743.2,3332.5,1765.5,333.5,263.3,3116.6,3147.4,820.1,997.1,697.1,65222.4,14805.5,10329.9,10171.6,10174.4,11828.7,14306.2,11520.6,10817.8,16465.1,10682.6,10635.8,11629.5,10706.8,12946.4,10847.5,5094.5,7519.3,23042.3,22394.4,27301.8,27233.2,22132.9,27507.1,17952.3,27210.1,27425.5,26570.0,24671.0,21964.5
62.4744125_6.1566436,17017.2,295.0,3390.8,4679.9,1252.4,10241.2,433.0,54462.9,30708.8,285.5,394.3,843.3,421.2,440.1,401.7,216.6,620.4,635.0,0.0,290.5,477.3,462.3,301.4,756.7,47.1,616.7,499.6,4547.1,293.3,7313.1,9476.4,503.1,24.1,268.2,1974.1,233.6,3237.3,1148.0,17623.4,5250.2,851.2,9637.1,316.1,565.5,594.8,302.2,448.6,611.6,392.3,2866.8,503.4,5371.8,11754.2,11420.4,11412.1,11097.1,12320.8,3255.7,1688.7,577.8,436.9,3039.8,3070.6,743.3,260.3,620.3,65800.0,15383.1,10907.5,10749.1,10751.9,12406.3,14883.8,12098.2,11395.3,17042.7,11260.2,11213.4,12207.1,11284.4,13524.0,11425.1,5672.1,8096.8,23619.8,22972.0,27879.4,27810.8,22710.5,28084.7,18529.9,27787.7,28003.1,27147.6,25248.6,22542.1
62.4756638_6.1552199,17158.9,436.8,3634.8,4821.7,1496.5,10382.9,574.7,54604.6,30850.5,427.3,536.0,1087.4,665.3,684.1,645.8,144.9,864.4,776.7,275.5,0.0,721.4,706.3,185.5,1000.8,291.1,758.5,641.3,4688.8,435.0,7454.9,9618.2,644.8,251.3,152.3,2218.1,477.6,3379.0,1392.1,17765.1,5392.0,993.0,9778.8,457.9,707.3,838.9,444.0,590.4,855.7,534.1,3008.6,645.2,5513.5,11895.9,11562.2,11553.8,11238.8,12462.5,3499.8,1932.8,719.5,578.6,3283.8,3314.7,987.4,144.4,864.4,65941.8,15524.9,11049.2,10890.9,10893.7,12548.0,15025.6,12239.9,11537.1,17184.4,11401.9,11355.2,12348.9,11426.2,13665.8,11566.9,5813.9,8238.6,23761.6,23113.8,28021.1,27952.5,22852.2,28226.5,18671.7,27929.4,28144.8,27289.3,25390.4,22683.8
62.4713488_6.1559244,16949.9,318.1,3227.8,4612.6,1089.5,10173.8,477.3,54395.5,30641.5,462.8,218.9,680.3,258.2,277.1,238.8,567.9,457.4,679.3,397.8,641.9,0.0,299.3,652.7,593.8,387.2,661.0,543.9,4479.7,470.5,7245.8,9409.1,397.3,421.9,619.5,1811.1,283.4,3170.0,985.0,17556.1,5182.9,895.5,9569.7,297.0,609.8,431.8,311.0,492.9,448.7,286.6,2799.5,397.7,5304.4,11686.8,11353.1,11344.7,11029.7,12253.4,3092.7,1525.7,622.1,481.2,2876.8,2907.6,580.3,611.6,457.3,65732.7,15315.8,10840.1,10681.8,10684.6,12338.9,14816.5,12030.8,11328.0,16975.3,11192.8,11146.1,12139.8,11217.1,13456.7,11357.8,5604.8,8029.5,23552.5,22904.7,27812.0,27743.4,22643.1,28017.4,18462.6,27720.3,27935.7,27080.2,25181.3,22474.7
62.4709540_6.1530810,16948.0,388.3,2928.5,4610.7,790.2,10172.0,547.5,54393.7,30639.6,532.9,289.1,381.1,41.0,22.2,60.5,638.1,158.1,749.4,467.9,712.0,322.1,0.0,722.9,294.5,457.4,731.2,614.0,4477.8,540.7,7243.9,9407.2,467.5,492.1,689.7,1511.8,353.6,3168.1,685.8,17554.2,5181.0,965.7,9567.8,367.2,505.1,429.9,381.1,563.1,446.8,356.8,2797.6,467.8,5302.6,11684.9,11351.2,11342.9,11027.9,12251.6,2793.5,1226.4,517.4,551.3,2577.5,2608.3,281.0,681.8,158.0,65730.8,15313.9,10838.3,10679.9,10682.7,12337.1,14814.6,12029.0,11326.1,16973.5,11190.9,11144.2,12137.9,11215.2,13454.8,11355.9,5602.9,8027.6,23550.6,22902.8,27810.2,27741.6,22641.3,28015.5,18460.7,27718.5,27933.9,27078.4,25179.4,22472.8
62.4755287_6.1560491,17125.9,403.7,3633.2,4788.6,1494.9,10349.9,541.7,54571.6,30817.5,394.2,502.9,1085.7,663.6,682.5,644.2,207.1,862.8,743.6,242.4,62.2,719.8,704.7,0.0,999.2,289.5,725.4,608.2,4655.7,402.0,7421.8,9585.1,611.7,218.3,214.5,2216.5,476.0,3346.0,1390.4,17732.1,5358.9,959.9,9745.7,424.8,674.2,837.2,410.9,557.3,854.1,501.0,2975.5,612.1,5480.5,11862.8,11529.1,11520.8,11205.8,12429.5,3498.1,1931.1,686.5,545.6,3282.2,3313.0,985.7,206.6,862.7,65908.7,15491.8,11016.2,10857.8,10860.6,12515.0,14992.5,12206.9,11504.0,17151.4,11368.8,11322.1,12315.8,11393.1,13632.7,11533.8,5780.8,8205.5,23728.5,23080.7,27988.1,27919.5,22819.2,28193.4,18638.6,27896.4,28111.8,27256.3,25357.3,22650.7
62.4695051_6.1521612,17055.4,693.6,3150.0,4718.1,788.1,10279.4,852.8,54501.1,30747.0,838.3,594.4,602.5,346.4,327.5,365.8,943.4,379.6,761.4,773.3,1017.3,429.5,316.2,1028.2,0.0,762.7,1036.5,709.2,4585.3,846.0,7351.4,9514.6,772.8,797.4,995.0,1733.3,658.9,3275.5,907.2,17661.6,5288.5,985.5,9675.3,672.5,612.6,537.4,686.4,868.4,554.2,662.1,2905.0,773.2,5410.0,11792.4,11458.7,11450.3,11135.3,12359.0,3014.9,1224.4,624.9,856.7,2799.0,2829.8,502.5,987.1,379.5,65838.2,15421.3,10945.7,10787.4,10790.2,12444.5,14922.0,12136.4,11433.6,17080.9,11298.4,11251.6,12245.3,11322.7,13562.2,11463.3,5710.3,8135.1,23658.1,23010.2,27917.6,27849.0,22748.7,28122.9,18568.1,27825.9,28041.3,27185.8,25286.8,22580.3
62.4744062_6.1557970,17102.3,342.1,3380.2,4765.0,1241.9,10326.2,480.1,54547.9,30793.9,332.6,397.6,832.7,410.6,429.5,391.2,217.2,609.8,682.0,47.1,291.1,466.8,451.7,302.0,746.2,0.0,663.8,546.6,4632.1,340.4,7398.2,9561.5,550.1,71.2,268.8,1963.5,223.0,3322.4,1137.4,17708.5,5335.3,898.3,9722.1,363.2,612.6,584.2,349.3,495.7,601.1,439.4,2951.9,550.5,5456.8,11839.2,11505.5,11497.1,11182.1,12405.8,3245.1,1678.1,624.9,484.0,3029.2,3060.0,732.7,260.9,609.7,65885.1,15468.2,10992.5,10834.2,10837.0,12491.3,14968.9,12183.2,11480.4,17127.7,11345.2,11298.5,12292.2,11369.5,13609.1,11510.2,5757.2,8181.9,23704.9,23057.1,27964.4,27895.8,22795.5,28169.8,18615.0,27872.7,28088.1,27232.6,25333.7,22627.1
62.4727740_6.1650560,16548.4,342.9,3663.2,3725.4,1524.9,9772.3,183.7,53994.0,30240.0,466.3,442.1,1115.8,693.6,712.5,674.2,833.4,892.8,343.6,616.7,758.5,681.5,734.7,918.1,1029.2,663.8,0.0,522.4,3592.6,474.1,6844.3,9007.6,550.9,592.6,885.0,2246.5,718.9,2282.8,1420.4,17154.6,4781.4,382.4,9168.2,364.0,588.4,497.3,350.1,471.5,557.0,440.2,2398.0,551.3,4902.9,11285.3,10951.6,10943.2,10628.2,11851.9,3528.1,1961.1,600.7,459.8,3312.2,3343.0,1015.7,877.1,892.7,65331.2,14914.3,10438.6,10280.3,10283.1,11937.4,14415.0,11629.3,10926.5,16573.8,10791.3,10744.6,11738.3,10815.6,13055.2,10956.3,5203.3,7628.0,23151.0,22503.2,27410.5,27341.9,22241.6,27615.9,18061.1,27318.8,27534.2,26678.7,24779.8,22073.2
62.4716873_6.1609571,16511.5,345.4,3553.4,4174.2,1415.1,9735.5,513.0,53957.2,30203.1,468.8,444.6,1006.0,729.5,748.4,710.1,1039.2,783.0,135.4,619.2,761.0,473.3,719.6,1124.0,825.2,858.5,416.5,0.0,4041.4,476.6,6807.4,8970.7,553.4,595.1,1090.8,2136.7,754.7,2731.6,1310.6,17117.7,4744.6,356.0,9131.4,366.5,407.1,289.1,352.5,199.2,348.7,442.7,2361.1,553.8,4866.1,11248.5,10914.8,10906.4,10591.4,11815.1,3418.3,1851.3,419.4,242.9,3202.4,3233.2,905.9,1082.9,782.9,65294.3,14877.4,10401.8,10243.5,10246.3,11900.6,14378.1,11592.5,10889.6,16537.0,10754.5,10707.7,11701.4,10778.7,13018.3,10919.4,5166.4,7591.2,23114.2,22466.3,27373.7,27305.1,22204.8,27579.0,18024.2,27282.0,27497.4,26641.9,24742.9,22036.4
62.4727409_6.2309420,13044.6,4010.4,7080.5,880.2,4942.2,6268.6,4013.6,50192.8,26736.2,4133.8,4109.6,4533.1,4256.6,4275.5,4237.2,4566.3,4310.1,3694.2,4396.2,4426.0,4000.4,4246.7,4651.1,4352.3,4385.6,3917.1,4030.8,0.0,4141.6,3139.5,5503.8,4218.4,4420.3,4617.9,5663.8,4281.8,1399.8,4837.8,13650.8,571.5,3440.9,5664.4,4031.5,3934.2,3816.2,4017.6,3864.2,3875.9,4107.7,4321.6,4218.8,497.6,7781.5,7447.8,7439.5,7124.5,8348.1,6945.5,5378.4,3946.5,3907.9,6729.5,6760.3,4433.0,4610.0,4310.0,61530.0,11410.5,6934.9,6776.5,6779.3,8433.7,10911.2,8125.6,7422.7,13070.0,7287.5,7240.8,8234.5,7311.8,9551.4,7452.5,1498.5,4124.2,19647.2,18999.4,23906.7,23838.2,18737.9,24112.1,14557.3,23815.0,24030.5,23175.0,21276.0,18569.4
62.4731906_6.1567012,16874.6,152.4,3472.7,4537.3,1334.4,10098.6,290.4,54320.2,30566.2,7.8,251.6,925.3,503.2,522.0,483.7,509.9,702.3,492.3,293.3,435.0,559.3,544.2,594.7,838.7,340.4,474.1,356.9,4404.4,0.0,7170.5,9333.8,360.4,269.2,561.5,2056.0,528.4,3094.7,1230.0,17480.8,5107.6,708.6,9494.4,173.5,422.9,646.0,159.6,306.0,705.7,249.7,2724.2,360.8,5229.2,11611.5,11277.8,11269.5,10954.5,12178.1,3337.7,1770.6,435.2,294.3,3121.7,3152.5,825.2,553.6,702.2,65657.4,15240.5,10764.9,10606.5,10609.3,12263.7,14741.2,11955.6,11252.7,16900.0,11117.5,11070.8,12064.5,11141.8,13381.4,11282.5,5529.5,7954.2,23477.2,22829.4,27736.7,27668.2,22567.9,27942.1,18387.3,27645.0,27860.5,27005.0,25106.0,22399.4
62.4604828_6.2686763,10313.7,6996.2,10066.4,3881.8,7928.0,5235.7,6999.4,48496.0,24005.3,7119.7,7095.4,7518.9,7242.5,7261.3,7223.0,7552.2,7296.0,6680.0,7382.0,7411.8,6986.2,7232.5,7637.0,7338.1,7371.4,6902.9,7016.7,3257.0,7127.4,0.0,2952.4,7204.2,7406.2,7603.8,8649.7,7267.7,4883.9,7823.6,10919.9,2748.1,6426.7,3113.0,7017.3,6920.1,6802.0,7003.4,6850.0,6861.7,7093.5,7307.4,7204.6,2869.7,5293.6,4896.4,4888.0,4573.0,5869.1,9931.3,8364.3,6932.3,6893.8,9715.4,9746.2,7418.9,7595.9,7295.9,59833.1,8679.7,5902.0,5743.7,5746.5,5702.8,8180.3,5869.2,6389.9,10339.2,5392.6,5303.9,5755.5,5157.0,7962.1,4947.2,1896.1,2838.9,16916.4,16268.6,21175.9,21107.3,16007.0,21381.2,11826.5,21084.2,21299.6,20444.1,18545.2,15838.6
62.4643885_6.3172074,8074.4,9381.0,12451.2,6353.4,10312.9,2529.0,9384.2,46139.4,21766.0,9504.5,9480.3,9903.7,9627.3,9646.2,9607.8,9937.0,9680.8,9064.8,9766.9,9796.6,9371.1,9617.4,10021.8,9723.0,9756.3,9287.8,9401.5,5728.6,9512.3,2974.9,0.0,9589.1,9791.0,9988.6,11034.5,9652.5,7268.8,10208.4,8680.6,5435.3,8811.5,328.5,9402.2,9304.9,9186.9,9388.2,9234.9,9246.5,9478.3,9692.3,9589.4,5556.9,2937.1,2539.9,2531.5,2216.5,3629.8,12316.1,10749.1,9317.2,9278.6,12100.2,12131.0,9803.7,9980.7,9680.7,57476.6,6440.3,3598.9,3440.6,3443.4,3463.5,5941.0,3292.1,3783.5,8099.9,3036.0,2947.4,3516.2,2800.5,5605.6,2590.6,4199.3,1878.4,14677.1,14029.2,18936.6,18868.0,13767.7,19141.9,9587.1,18844.9,19060.3,18204.8,16305.8,13599.3
62.4723101_6.1583677,16951.4,208.0,3399.5,4614.1,1261.2,10175.4,367.2,54397.1,30643.0,352.7,178.4,852.1,429.9,448.8,410.5,739.6,629.1,569.1,503.1,644.8,486.1,471.0,824.4,765.5,558.9,550.9,433.7,4481.2,360.4,7247.3,9410.6,0.0,478.9,791.3,1982.8,455.2,3171.5,1156.7,17557.6,5184.4,785.4,9571.2,186.9,499.7,603.5,200.8,382.8,620.4,110.7,2801.0,0.4,5306.0,11688.3,11354.6,11346.3,11031.3,12255.0,3264.4,1697.4,512.0,371.1,3048.5,3079.3,752.0,783.4,629.0,65734.2,15317.3,10841.7,10683.3,10686.1,12340.5,14818.0,12032.4,11329.5,16976.9,11194.3,11147.6,12141.3,11218.6,13458.2,11359.3,5606.3,8031.0,23554.0,22906.2,27813.6,27745.0,22644.7,28018.9,18464.1,27721.9,27937.3,27081.8,25182.8,22476.2
62.4746740_6.1569160,16993.1,270.9,3414.9,4655.8,1276.6,10217.0,408.9,54438.7,30684.7,261.4,370.1,867.5,445.3,464.2,425.9,240.8,644.5,610.8,24.1,251.3,501.5,486.4,325.5,780.9,71.2,592.6,475.4,4522.9,269.2,7289.0,9452.3,478.9,0.0,292.4,1998.2,257.7,3213.2,1172.1,17599.3,5226.1,827.1,9612.9,292.0,541.4,618.9,278.1,424.5,635.8,368.2,2842.7,479.3,5347.6,11730.0,11396.3,11387.9,11072.9,12296.6,3279.8,1712.8,553.7,412.8,3063.9,3094.7,767.4,284.5,644.4,65775.9,15359.0,10883.3,10725.0,10727.8,12382.2,14859.7,12074.0,11371.2,17018.5,11236.0,11189.3,12183.0,11260.3,13499.9,11401.0,5648.0,8072.7,23595.7,22947.9,27855.2,27786.7,22686.3,28060.6,18505.8,27763.5,27978.9,27123.5,25224.5,22517.9
62.4752788_6.1565513,17159.0,436.9,3666.3,4821.8,1528.0,10383.0,574.8,54604.7,30850.6,427.4,536.1,1118.9,696.8,715.6,677.3,240.2,895.9,776.8,275.6,95.4,752.9,737.8,33.2,1032.3,322.7,758.6,641.4,4688.9,435.1,7455.0,9618.3,644.9,251.4,0.0,2249.6,509.1,3379.1,1423.6,17765.2,5392.1,993.1,9778.9,458.0,707.4,870.4,444.1,590.5,887.2,534.2,3008.7,645.3,5513.6,11896.0,11562.3,11553.9,11238.9,12462.6,3531.3,1964.3,719.6,578.7,3315.3,3346.2,1018.9,239.8,895.9,65941.9,15525.0,11049.3,10891.0,10893.8,12548.1,15025.7,12240.0,11537.2,17184.5,11402.0,11355.3,12349.0,11426.3,13665.9,11567.0,5813.9,8238.7,23761.7,23113.9,28021.2,27952.6,22852.3,28226.5,18671.8,27929.5,28144.9,27289.4,25390.5,22683.9
62.4697710_6.1256370,18346.9,1881.9,1453.5,6009.6,1014.7,11570.9,2041.1,55792.6,32038.5,2026.5,1782.7,1112.5,1534.6,1515.8,1554.1,2131.7,1379.7,2052.9,1961.5,2205.6,1721.0,1493.6,2216.5,1693.4,1950.9,2224.8,2000.7,5876.7,2034.3,8642.8,10806.1,1961.1,1985.7,2183.3,0.0,1847.2,4567.0,807.8,18953.1,6579.9,2276.9,10966.7,1860.8,1904.0,1828.8,1874.7,2056.7,1845.7,1850.4,4196.5,1961.4,6701.5,13083.8,12750.1,12741.8,12426.8,13650.5,1318.4,379.6,1916.3,2044.9,1102.5,1133.3,1485.7,2175.4,1370.0,67129.7,16712.8,12237.2,12078.8,12081.6,13736.0,16213.5,13427.9,12725.0,18372.4,12589.8,12543.1,13536.8,12614.1,14853.7,12754.8,7001.8,9426.5,24949.5,24301.7,29209.0,29140.5,24040.2,29414.4,19859.6,29117.4,29332.8,28477.3,26578.3,23871.7
62.4735516_6.1564804,17091.6,409.4,3369.5,4754.3,1231.2,10315.6,547.3,54537.3,30783.2,399.9,508.6,822.1,400.0,418.8,380.5,284.5,599.1,749.3,114.3,358.4,456.1,441.0,369.3,735.5,103.8,731.1,613.9,4621.5,407.6,7387.5,9550.8,617.4,138.5,336.1,1952.8,0.0,3311.7,1126.8,17697.8,5324.7,965.6,9711.5,430.5,679.9,573.6,416.5,563.0,590.4,506.7,2941.2,617.8,5446.2,11828.6,11494.9,11486.5,11171.5,12395.2,3234.5,1667.4,692.1,551.2,3018.5,3049.4,722.1,328.2,599.1,65874.4,15457.5,10981.9,10823.6,10826.4,12480.7,14958.2,12172.6,11469.7,17117.1,11334.6,11287.8,12281.5,11358.8,13598.4,11499.5,5746.5,8171.3,23694.3,23046.4,27953.8,27885.2,22784.9,28159.1,18604.3,27862.1,28077.5,27222.0,25323.0,22616.5
62.4715115_6.2065205,14806.5,2703.4,5773.5,1478.1,3635.2,8030.5,2706.6,51954.8,28498.1,2826.9,2802.6,3226.1,2949.6,2968.5,2930.2,3259.4,3003.1,2387.2,3089.2,3119.0,2693.4,2939.7,3344.1,3045.3,3078.6,2610.1,2723.9,1345.2,2834.6,4327.0,7265.7,2911.4,3113.3,3311.0,4356.8,2974.9,0.0,3530.8,15412.7,1892.1,2133.9,7426.4,2724.5,2627.2,2509.2,2710.6,2557.2,2568.9,2800.7,3014.6,2911.8,1818.2,9543.5,9209.8,9201.4,8886.4,10110.1,5638.5,4071.4,2639.5,2601.0,5422.5,5453.4,3126.1,3303.1,3003.1,63291.9,13172.4,8696.8,8538.5,8541.3,10195.6,12673.1,9887.5,9184.7,14832.0,9049.5,9002.7,9996.4,9073.8,11313.3,9214.4,2685.9,5886.2,21409.2,20761.3,25668.7,25600.1,20499.8,25874.0,16319.2,25577.0,25792.4,24936.9,23037.9,20331.4
62.4700820_6.1400480,17539.0,1074.1,2242.8,5201.7,638.8,10763.0,1233.2,54984.7,31230.6,1218.7,974.8,304.7,726.8,707.9,746.3,1323.8,638.2,1245.0,1153.7,1397.8,913.1,685.8,1408.6,885.5,1143.1,1416.9,1192.8,5068.9,1226.5,7835.0,9998.2,1153.2,1177.8,1375.5,826.1,1039.3,3759.1,0.0,18145.2,5772.1,1469.1,10158.9,1052.9,1096.2,1021.0,1066.9,1248.8,1037.8,1042.5,3388.6,1153.6,5893.6,12276.0,11942.3,11933.9,11618.9,12842.6,2107.7,542.6,1108.5,1237.1,1891.8,1922.6,744.2,1367.6,562.2,66321.8,15904.9,11429.3,11271.0,11273.8,12928.1,15405.6,12620.0,11917.2,17564.5,11782.0,11735.2,12728.9,11806.3,14045.8,11947.0,6193.9,8618.7,24141.7,23493.9,28401.2,28332.6,23232.3,28606.5,19051.8,28309.5,28524.9,27669.4,25770.5,23063.9
62.4273801_6.3156902,3447.4,17301.2,20371.3,14273.5,18233.0,9783.2,17304.4,49996.1,20348.4,17424.6,17400.4,17823.9,17547.4,17566.3,17528.0,17857.1,17600.9,16985.0,17687.0,17716.8,17291.2,17537.5,17941.9,17643.1,17676.4,17207.9,17321.6,13648.7,17432.4,11005.5,8743.3,17509.2,17711.1,17908.7,18954.6,17572.6,15188.9,18128.5,0.0,13355.4,16731.7,8822.7,17322.3,17225.0,17107.0,17308.4,17155.0,17166.6,17398.5,17612.4,17509.6,13477.0,6528.9,6464.3,6456.0,6844.0,6389.7,20236.3,18669.2,17237.3,17198.7,20020.3,20051.1,17723.8,17900.8,17600.8,61333.2,3809.4,7455.6,7297.3,7300.1,6223.4,4523.4,6389.8,7774.0,6682.3,6816.6,6769.8,6276.0,6766.5,9866.2,6981.5,12229.8,9909.0,5996.4,5348.6,10256.0,10187.4,5087.1,10461.3,906.5,10164.3,10379.7,9524.2,7625.2,4918.7
62.4723820_6.2406150,12669.6,4666.0,7736.2,1430.8,5597.8,5893.6,4669.2,49817.9,26361.2,4789.5,4765.3,5188.7,4912.3,4931.1,4892.8,5222.0,4965.8,4349.8,5051.8,5081.6,4656.0,4902.4,5306.8,5008.0,5041.3,4572.7,4686.5,575.3,4797.2,2764.6,5128.8,4874.1,5076.0,5273.6,6319.5,4937.5,1950.4,5493.4,13275.8,0.0,4096.5,5289.5,4687.1,4589.9,4471.9,4673.2,4519.9,4531.5,4763.3,4977.3,4874.4,285.6,7406.6,7072.9,7064.5,6749.5,7973.2,7601.1,6034.1,4602.1,4563.6,7385.2,7416.0,5088.7,5265.7,4965.7,61155.0,11035.6,6559.9,6401.6,6404.4,8058.7,10536.2,7750.6,7047.8,12695.1,6912.6,6865.8,7859.6,6936.9,9176.4,7077.6,1123.6,3749.3,19272.3,18624.5,23531.8,23463.2,18362.9,23737.1,14182.4,23440.1,23655.5,22800.0,20901.1,18194.5
62.4710560_6.1666930,16166.0,589.8,3691.6,3828.7,1553.3,9390.0,572.7,53611.7,29857.6,713.3,689.1,1144.2,867.7,886.6,848.3,1177.4,921.2,273.6,1007.3,1005.4,611.5,857.8,1262.2,963.4,996.7,476.2,641.9,3695.8,721.1,6461.9,8625.2,797.9,839.5,1229.1,2274.9,892.9,2386.1,1448.9,16772.2,4399.0,0.0,8785.8,610.9,545.3,427.3,597.0,443.7,487.0,687.1,2015.6,798.2,4520.6,10902.9,10569.2,10560.9,10245.9,11469.6,3556.6,1989.5,557.6,487.4,3340.6,3371.5,1044.1,1221.2,921.2,64948.8,14531.9,10056.3,9897.9,9900.7,11555.1,14032.6,11247.0,10544.1,16191.5,10408.9,10362.2,11355.9,10433.2,12672.8,10573.9,4820.9,7245.6,22768.6,22120.8,27028.2,26959.6,21859.3,27233.5,17678.7,26936.5,27151.9,26296.4,24397.4,21690.8
62.4636310_6.3125440,8153.8,9542.0,12612.2,6514.4,10473.8,2825.5,9545.2,46435.9,21845.4,9665.5,9641.2,10064.7,9788.3,9807.1,9768.8,10098.0,9841.8,9225.8,9927.8,9957.6,9532.0,9778.3,10182.8,9883.9,9917.2,9448.7,9562.5,5889.6,9673.2,3135.9,328.5,9750.0,9952.0,10149.6,11195.5,9813.5,7429.7,10369.4,8760.0,5596.3,8972.5,0.0,9563.1,9465.9,9347.9,9549.2,9395.8,9407.5,9639.3,9853.2,9750.4,5717.8,3233.6,2836.4,2828.0,2513.0,3709.2,12477.1,10910.1,9478.1,9439.6,12261.2,12292.0,9964.7,10141.7,9841.7,57773.1,6519.7,3895.4,3737.1,3739.9,3542.9,6020.4,3709.3,4080.0,8179.3,3332.5,3243.9,3595.6,3097.0,5902.1,2887.1,4360.2,2039.4,14756.5,14108.6,19016.0,18947.4,13847.1,19221.3,9666.5,18924.3,19139.7,18284.2,16385.2,13678.7
62.4729228_6.1581093,16764.5,21.1,3299.2,4427.2,1160.9,9988.4,180.3,54210.1,30456.1,165.7,78.1,751.8,329.6,348.5,310.2,532.8,528.8,382.2,316.1,457.9,385.8,370.7,617.5,665.2,363.2,364.0,246.8,4294.3,173.5,7060.4,9223.7,186.9,292.0,584.4,1882.5,354.9,2984.6,1056.4,17370.7,4997.5,598.5,9384.3,0.0,312.8,503.2,13.9,195.9,520.1,76.2,2614.1,187.3,5119.0,11501.4,11167.7,11159.3,10844.3,12068.0,3164.1,1597.1,325.1,184.2,2948.2,2979.0,651.7,576.5,528.7,65547.3,15130.4,10654.7,10496.4,10499.2,12153.6,14631.1,11845.4,11142.6,16789.9,11007.4,10960.7,11954.4,11031.7,13271.3,11172.4,5419.4,7844.1,23367.1,22719.3,27626.6,27558.1,22457.7,27832.0,18277.2,27534.9,27750.3,26894.9,24995.9,22289.3
62.4713742_6.1591680,16608.1,242.1,3562.5,4270.8,1424.1,9832.1,355.1,54053.8,30299.7,365.6,341.4,1015.0,592.9,611.8,573.4,732.6,792.1,232.0,516.0,657.7,569.9,634.0,817.4,921.8,563.1,538.9,96.6,4138.0,373.4,6904.1,9067.3,450.2,491.9,784.2,2145.8,618.1,2828.2,1319.7,17214.3,4841.2,452.6,9228.0,263.3,0.0,385.7,249.3,151.4,445.4,339.5,2457.7,450.5,4962.7,11345.1,11011.4,11003.0,10688.0,11911.7,3427.4,1860.4,12.3,139.7,3211.5,3242.3,915.0,776.3,792.0,65390.9,14974.0,10498.4,10340.1,10342.9,11997.2,14474.7,11689.1,10986.3,16633.6,10851.1,10804.3,11798.0,10875.4,13114.9,11016.1,5263.0,7687.8,23210.8,22562.9,27470.3,27401.7,22301.4,27675.6,18120.8,27378.6,27594.0,26738.5,24839.6,22133.0
62.4712141_6.1588682,16518.0,360.1,3264.3,4180.8,1126.0,9742.0,473.1,53963.7,30209.6,483.6,401.1,716.9,440.4,459.3,421.0,750.1,493.9,224.1,580.0,824.0,184.2,430.5,834.9,536.1,569.4,656.9,214.6,4047.9,491.4,6814.0,8977.3,579.5,604.1,801.7,1847.6,465.6,2738.2,1021.5,17124.3,4751.1,448.1,9137.9,381.3,118.0,0.0,367.3,269.4,59.6,468.8,2367.7,579.9,4872.6,11255.0,10921.3,10912.9,10597.9,11821.6,3129.2,1562.2,130.3,257.7,2913.3,2944.1,616.8,793.8,493.8,65300.9,14884.0,10408.3,10250.0,10252.8,11907.1,14384.7,11599.0,10896.2,16543.5,10761.0,10714.3,11708.0,10785.3,13024.9,10926.0,5173.0,7597.7,23120.7,22472.9,27380.2,27311.6,22211.3,27585.6,18030.8,27288.5,27503.9,26648.4,24749.5,22042.9
62.4728188_6.1583341,16750.5,7.2,3313.1,4413.3,1174.8,9974.5,166.3,54196.2,30442.1,151.8,92.1,765.7,343.6,362.4,324.1,518.8,542.7,368.3,302.2,444.0,399.7,384.6,603.6,679.1,349.3,350.1,232.9,4280.4,159.6,7046.5,9209.7,200.8,278.1,570.4,1896.4,368.8,2970.6,1070.4,17356.7,4983.6,584.5,9370.4,13.9,298.9,517.2,0.0,182.0,581.6,90.1,2600.1,201.2,5105.1,11487.5,11153.8,11145.4,10830.4,12054.1,3178.1,1611.1,311.1,170.2,2962.1,2993.0,665.7,562.5,542.7,65533.4,15116.4,10640.8,10482.5,10485.3,12139.6,14617.1,11831.5,11128.7,16776.0,10993.5,10946.7,11940.4,11017.8,13257.3,11158.5,5405.4,7830.2,23353.2,22705.4,27612.7,27544.1,22443.8,27818.0,18263.3,27521.0,27736.4,26880.9,24982.0,22275.4
62.4718628_6.1603005,16595.7,174.8,3495.1,4258.4,1356.8,9819.7,287.8,54041.4,30287.3,298.2,274.0,947.7,525.5,544.4,506.1,665.3,724.7,219.6,448.6,590.4,557.5,566.6,750.0,861.1,495.7,471.5,135.0,4125.6,306.0,6891.7,9054.9,382.8,424.5,716.9,2078.4,550.8,2815.8,1252.3,17201.9,4828.8,443.7,9215.6,195.9,201.0,373.3,182.0,0.0,433.0,272.1,2445.3,383.2,4950.3,11332.7,10999.0,10990.6,10675.6,11899.3,3360.0,1793.0,213.2,72.3,3144.1,3174.9,847.6,709.0,724.6,65378.5,14961.6,10486.0,10327.7,10330.5,11984.8,14462.3,11676.7,10973.9,16621.2,10838.7,10791.9,11785.6,10863.0,13102.5,11003.7,5250.6,7675.4,23198.4,22550.5,27457.9,27389.3,22289.0,27663.2,18108.4,27366.2,27581.6,26726.1,24827.2,22120.6
62.4712525_6.1578843,16666.5,300.5,3620.8,4329.2,1482.5,9890.5,413.5,54112.2,30358.1,424.0,399.7,1073.4,651.3,670.1,631.8,791.0,850.4,290.4,574.4,716.1,628.2,692.3,875.8,980.2,621.4,597.2,155.0,4196.3,431.7,6962.4,9125.7,508.5,550.2,842.6,2204.1,676.5,2886.6,1378.1,17272.7,4899.5,511.0,9286.3,321.6,58.4,444.1,307.7,209.8,0.0,397.8,2516.1,508.9,5021.1,11403.4,11069.7,11061.4,10746.4,11970.1,3485.8,1918.7,70.6,198.1,3269.8,3300.7,973.3,834.7,850.4,65449.3,15032.4,10556.8,10398.4,10401.2,12055.6,14533.1,11747.5,11044.6,16692.0,10909.4,10862.7,11856.4,10933.7,13173.3,11074.4,5321.4,7746.1,23269.1,22621.3,27528.7,27460.1,22359.8,27734.0,18179.2,27437.0,27652.4,26796.9,24897.9,22191.3
62.4725947_6.1574179,16840.7,97.3,3288.8,4503.4,1150.4,10064.6,256.5,54286.3,30532.3,241.9,67.7,741.3,319.2,338.1,299.8,628.9,518.4,458.4,392.3,534.1,375.3,360.3,713.7,654.7,448.2,440.2,323.0,4370.5,249.7,7136.6,9299.9,110.7,368.2,680.5,1872.1,344.4,3060.8,1046.0,17446.9,5073.7,674.7,9460.5,76.2,389.0,492.8,90.1,272.1,509.7,0.0,2690.3,111.1,5195.2,11577.6,11243.9,11235.5,10920.5,12144.2,3153.7,1586.7,401.3,260.4,2937.8,2968.6,641.3,672.6,518.3,65623.5,15206.6,10730.9,10572.6,10575.4,12229.7,14707.3,11921.6,11218.8,16866.1,11083.6,11036.9,12030.6,11107.9,13347.5,11248.6,5495.6,7920.3,23443.3,22795.5,27702.8,27634.2,22533.9,27908.2,18353.4,27611.1,27826.5,26971.0,25072.1,22365.5
62.4819990_6.1853070,17071.3,2519.9,5590.0,4734.0,3451.7,10295.3,2523.1,51596.1,30762.9,2643.3,2619.1,3042.6,2766.1,2785.0,2746.7,3075.9,2819.6,2203.7,2905.7,2935.5,2509.9,2756.2,3160.6,2861.8,2895.1,2426.6,2540.3,4601.2,2651.1,7367.2,9530.5,2727.9,2929.8,3127.5,4173.3,2791.4,3291.4,3347.3,17677.5,5304.3,1950.4,9691.1,2541.0,2443.7,2325.7,2527.1,2373.7,2385.4,2617.2,0.0,2728.3,5425.9,11808.3,11474.5,11466.2,11151.2,12374.9,5455.0,3887.9,2456.0,2417.4,5239.0,5269.9,2942.6,3119.6,2819.6,62933.2,15437.2,10961.6,10803.2,10806.0,12460.4,14937.9,12152.3,11449.4,17096.8,11314.2,11267.5,12261.2,11338.5,13578.1,11479.2,5726.2,8150.9,23673.9,23026.1,27933.5,27864.9,22764.6,28138.8,18584.0,27841.8,28057.2,27201.7,25302.7,22596.2
62.4725015_6.1581388,16951.7,208.4,3399.9,4614.5,1261.5,10175.7,367.6,54397.4,30643.3,353.0,178.8,852.4,430.3,449.2,410.8,740.0,629.5,569.5,503.4,645.2,486.4,471.4,824.8,765.8,559.3,551.3,434.1,4481.6,360.8,7247.7,9411.0,0.4,479.3,791.6,1983.2,455.5,3171.9,1157.1,17558.0,5184.8,785.8,9571.6,187.3,500.1,603.9,201.2,383.2,620.8,111.1,2801.4,0.0,5306.3,11688.7,11355.0,11346.6,11031.6,12255.3,3264.8,1697.8,512.3,371.4,3048.9,3079.7,752.4,783.7,629.4,65734.6,15317.7,10842.0,10683.7,10686.5,12340.8,14818.4,12032.7,11329.9,16977.2,11194.7,11148.0,12141.7,11219.0,13458.6,11359.7,5606.7,8031.4,23554.4,22906.6,27813.9,27745.3,22645.0,28019.3,18464.5,27722.2,27937.6,27082.1,25183.2,22476.6
62.4720040_6.2358180,12764.8,4761.2,7831.3,1363.1,5693.0,5988.8,4764.4,49913.0,26456.4,4884.6,4860.4,5283.9,5007.4,5026.3,4988.0,5317.1,5060.9,4445.0,5147.0,5176.8,4751.2,4997.5,5401.9,5103.1,5136.4,4667.9,4781.6,507.5,4892.4,2859.7,5224.0,4969.2,5171.1,5368.8,6414.6,5032.6,1882.6,5588.6,13371.0,291.8,4191.7,5384.6,4782.3,4685.0,4567.0,4768.4,4615.0,4626.7,4858.5,5072.4,4969.6,0.0,7501.7,7168.0,7159.7,6844.7,8068.4,7696.3,6129.2,4697.3,4658.7,7480.3,7511.2,5183.8,5360.9,5060.8,61250.2,11130.7,6655.1,6496.7,6499.5,8153.9,10631.4,7845.8,7142.9,12790.3,7007.7,6961.0,7954.7,7032.0,9271.6,7172.7,1218.7,3844.4,19367.4,18719.6,23627.0,23558.4,18458.1,23832.3,14277.5,23535.3,23750.7,22895.2,20996.2,18289.6
62.4660480_6.3563750,5905.6,11443.4,14513.6,8415.8,12375.2,3365.5,11446.6,44138.4,19597.2,11566.9,11542.7,11966.1,11689.7,11708.5,11670.2,11999.4,11743.2,11127.2,11829.2,11859.0,11433.4,11679.8,12084.2,11785.4,11818.6,11350.1,11463.9,7791.0,11574.6,5333.5,2984.3,11651.5,11853.4,12051.0,13096.9,11714.9,9331.2,12270.8,6511.8,7497.7,10873.9,3280.8,11464.5,11367.3,11249.3,11450.6,11297.3,11308.9,11540.7,11754.6,11651.8,7619.2,0.0,497.3,488.9,876.9,1513.6,14378.5,12811.5,11379.5,11341.0,14162.6,14193.4,11866.1,12043.1,11743.1,55475.5,4271.5,1597.9,1439.5,1442.4,1294.7,3772.2,1291.0,1782.4,5931.1,849.5,802.8,1400.0,799.4,3604.5,1014.5,6557.8,4237.0,12508.3,11860.4,16767.8,16699.2,11598.9,16973.1,7418.3,16676.1,16891.5,16036.0,14137.1,11430.5
62.4648170_6.3515225,5769.8,11350.4,14420.5,8322.8,12282.2,2976.2,11353.6,44081.8,19461.4,11473.9,11449.6,11873.1,11596.6,11615.5,11577.2,11906.4,11650.1,11034.2,11736.2,11766.0,11340.4,11586.7,11991.1,11692.3,11725.6,11257.1,11370.9,7698.0,11481.6,4944.3,2595.1,11558.4,11760.4,11958.0,13003.8,11621.9,9238.1,12177.8,6376.0,7404.7,10780.9,2891.6,11371.5,11274.2,11156.2,11357.6,11204.2,11215.9,11447.7,11661.6,11558.8,7526.2,505.3,0.0,31.5,487.7,1325.2,14285.5,12718.5,11286.5,11248.0,14069.5,14100.4,11773.1,11950.1,11650.1,55418.9,4135.7,1541.3,1383.0,1385.8,1158.9,3636.4,1234.5,1725.9,5795.3,793.0,746.2,1211.5,742.8,3548.0,961.5,6168.6,3847.8,12372.4,11724.6,16632.0,16563.4,11463.1,16837.3,7282.5,16540.3,16755.7,15900.2,14001.2,11294.6
62.4650820_6.3515200,5761.4,11342.0,14412.2,8314.4,12273.8,2967.9,11345.2,44073.4,19453.0,11465.5,11441.3,11864.7,11588.3,11607.1,11568.8,11898.0,11641.8,11025.8,11727.8,11757.6,11332.0,11578.4,11982.8,11684.0,11717.3,11248.7,11362.5,7689.6,11473.3,4935.9,2586.7,11550.1,11752.0,11949.6,12995.5,11613.5,9229.8,12169.4,6367.6,7396.3,10772.5,2883.2,11363.1,11265.9,11147.9,11349.2,11195.9,11207.5,11439.3,11653.3,11550.4,7517.8,496.9,31.5,0.0,479.4,1316.8,14277.1,12710.1,11278.1,11239.6,14061.2,14092.0,11764.7,11941.7,11641.7,55410.6,4127.3,1533.0,1374.6,1377.4,1150.5,3628.0,1226.1,1717.5,5786.9,784.6,737.8,1203.2,734.5,3539.6,953.1,6160.3,3839.4,12364.1,11716.2,16623.6,16555.0,11454.7,16828.9,7274.1,16531.9,16747.3,15891.8,13992.8,11286.3
62.4651818_6.3478662,6149.5,11027.0,14097.2,7999.4,11958.9,2652.9,11030.2,44187.0,19841.1,11150.5,11126.3,11549.7,11273.3,11292.1,11253.8,11583.0,11326.8,10710.8,11412.9,11442.6,11017.1,11263.4,11667.8,11369.0,11402.3,10933.7,11047.5,7374.6,11158.3,4620.9,2271.7,11235.1,11437.0,11634.6,12680.5,11298.5,8914.8,11854.4,6755.7,7081.3,10457.5,2568.2,11048.2,10950.9,10832.9,11034.2,10880.9,10892.5,11124.3,11338.3,11235.4,7202.9,884.9,487.7,479.4,0.0,1562.2,13962.1,12395.1,10963.2,10924.6,13746.2,13777.0,11449.7,11626.7,11326.7,55524.1,4515.4,1646.5,1488.1,1490.9,1538.6,4016.1,1339.6,1831.0,6174.9,1083.6,994.9,1448.5,848.0,3653.1,638.1,5845.3,3524.4,12752.1,12104.3,17011.6,16943.0,11842.7,17217.0,7662.2,16919.9,17135.3,16279.8,14380.9,11674.3
62.4629970_6.3630480,5798.6,12174.2,15244.3,9146.6,13106.0,3978.2,12177.4,43860.2,19490.2,12297.6,12273.4,12696.9,12420.4,12439.3,12401.0,12730.1,12473.9,11858.0,12560.0,12589.8,12164.2,12410.5,12814.9,12516.1,12549.4,12080.9,12194.6,8521.8,12305.4,5878.5,3616.3,12382.2,12584.1,12781.8,13827.6,12445.7,10061.9,13001.6,6404.8,8228.5,11604.7,3695.7,12195.3,12098.0,11980.0,12181.4,12028.0,12039.7,12271.5,12485.4,12382.6,8350.0,1401.9,1337.3,1329.0,1717.0,0.0,15109.3,13542.2,12110.3,12071.7,14893.3,14924.2,12596.8,12773.9,12473.9,55197.4,4164.5,2328.6,2170.3,2173.1,166.3,3665.2,282.6,1720.0,5824.1,1443.7,1397.0,113.7,1393.6,3542.1,1608.7,7102.8,4782.0,12401.3,11753.4,16660.8,16592.2,11491.9,16866.1,7311.3,16569.1,16784.5,15929.0,14030.0,11323.5
62.4660900_6.1094880,19644.9,3179.9,286.6,7307.6,2312.7,12868.9,3339.1,57090.6,33336.5,3324.5,3080.7,2410.5,2832.7,2813.8,2852.1,3429.7,2677.7,3350.9,3259.5,3503.6,3019.0,2791.6,3514.5,2991.4,3249.0,3522.8,3298.7,7174.7,3332.3,9940.8,12104.1,3259.1,3283.7,3481.3,1318.4,3145.2,5865.0,2105.9,20251.1,7877.9,3574.9,12264.7,3158.8,3202.1,3126.8,3172.7,3354.7,3143.7,3148.4,5494.5,3259.5,7999.5,14381.8,14048.1,14039.8,13724.8,14948.5,0.0,1677.6,3214.3,3343.0,497.5,495.1,2783.7,3473.4,2668.0,68427.7,18010.8,13535.2,13376.8,13379.6,15034.0,17511.5,14725.9,14023.0,19670.4,13887.8,13841.1,14834.8,13912.1,16151.7,14052.8,8299.8,10724.5,26247.5,25599.7,30507.1,30438.5,25338.2,30712.4,21157.6,30415.4,30630.8,29775.3,27876.3,25169.7
62.4708459_6.1312305,18101.4,1636.4,1818.6,5764.1,711.3,11325.4,1795.6,55547.1,31793.0,1781.0,1537.2,847.3,1289.2,1270.3,1308.6,1886.2,1076.3,1807.4,1716.1,1960.1,1475.5,1248.1,1971.0,1224.4,1705.5,1979.3,1755.2,5631.3,1788.8,8397.3,10560.6,1715.6,1740.2,1937.8,401.9,1601.7,4321.5,542.6,18707.6,6334.4,2031.5,10721.2,1615.3,1658.6,1583.3,1629.2,1811.2,1600.2,1604.9,3951.0,1716.0,6456.0,12838.4,12504.6,12496.3,12181.3,13405.0,1683.6,0.0,1670.8,1799.5,1467.6,1498.5,1182.3,1929.9,1118.0,66884.2,16467.3,11991.7,11833.3,11836.1,13490.5,15968.0,13182.4,12479.5,18126.9,12344.3,12297.6,13291.3,12368.6,14608.2,12509.3,6756.3,9181.0,24704.0,24056.2,28963.6,28895.0,23794.7,29168.9,19614.1,28871.9,29087.3,28231.8,26332.8,23626.3
62.4713955_6.1594019,16595.9,229.9,3550.2,4258.6,1411.9,9819.8,342.9,54041.5,30287.5,353.3,329.1,1002.8,580.6,599.5,561.2,720.4,779.8,219.8,503.7,645.5,557.6,621.7,805.1,909.5,550.8,526.6,84.3,4125.7,361.1,6891.8,9055.1,437.9,479.6,772.0,2133.5,605.9,2816.0,1307.4,17202.1,4828.9,440.4,9215.7,251.0,256.1,373.4,237.1,139.2,433.1,327.2,2445.5,438.3,4950.4,11332.8,10999.1,10990.7,10675.7,11899.4,3415.1,1848.1,0.0,127.4,3199.2,3230.0,902.7,764.1,779.7,65378.7,14961.8,10486.1,10327.8,10330.6,11984.9,14462.5,11676.8,10974.0,16621.3,10838.8,10792.1,11785.8,10863.1,13102.7,11003.8,5250.8,7675.5,23198.5,22550.7,27458.0,27389.4,22289.1,27663.4,18108.6,27366.3,27581.7,26726.2,24827.3,22120.7
62.4719148_6.1593252,16736.8,370.8,3691.1,4399.5,1552.8,9960.7,483.8,54182.4,30428.4,494.2,470.0,1143.7,721.5,740.4,702.1,861.3,920.7,360.6,644.6,786.4,698.5,762.6,946.0,1050.4,691.7,667.5,225.2,4266.6,502.0,7032.7,9196.0,578.8,620.5,912.9,2274.4,746.8,2956.9,1448.3,17343.0,4969.8,581.3,9356.6,391.9,128.6,514.3,378.0,280.1,574.0,468.1,2586.4,579.2,5091.3,11473.7,11140.0,11131.6,10816.6,12040.3,3556.0,1989.0,140.9,0.0,3340.1,3370.9,1043.6,905.0,920.6,65519.6,15102.7,10627.0,10468.7,10471.5,12125.8,14603.4,11817.7,11114.9,16762.2,10979.7,10933.0,11926.7,11004.0,13243.6,11144.7,5391.7,7816.4,23339.4,22691.6,27598.9,27530.3,22430.0,27804.3,18249.5,27507.2,27722.6,26867.1,24968.2,22261.6
62.4667330_6.1136780,19428.9,2964.0,351.0,7091.7,2096.8,12652.9,3123.1,56874.6,33120.5,3108.6,2864.7,2194.6,2616.7,2597.9,2636.2,3213.8,2461.8,3135.0,3043.6,3287.7,2803.1,2575.7,3298.5,2775.5,3033.0,3306.9,3082.7,6958.8,3116.4,9724.9,11888.2,3043.2,3067.7,3265.4,1102.5,2929.3,5649.0,1889.9,20035.1,7662.0,3359.0,12048.8,2942.9,2986.1,2910.9,2956.8,3138.8,2927.8,2932.4,5278.6,3043.5,7783.5,14165.9,13832.2,13823.8,13508.8,14732.5,497.5,1461.6,2998.4,3127.0,0.0,30.8,2567.8,3257.5,2452.1,68211.8,17794.9,13319.2,13160.9,13163.7,14818.0,17295.6,14509.9,13807.1,19454.4,13671.9,13625.2,14618.9,13696.2,15935.8,13836.9,8083.9,10508.6,26031.6,25383.8,30291.1,30222.5,25122.2,30496.4,20941.7,30199.4,30414.8,29559.3,27660.4,24953.8
62.4666932_6.1141750,19459.8,2994.8,348.5,7122.5,2127.6,12683.8,3154.0,56905.5,33151.4,3139.4,2895.6,2225.4,2647.5,2628.7,2667.0,3244.6,2492.6,3165.8,3074.4,3318.5,2833.9,2606.5,3329.4,2806.3,3063.9,3337.7,3113.6,6989.6,3147.2,9755.7,11919.0,3074.0,3098.6,3296.2,1133.3,2960.1,5679.9,1920.7,20066.0,7692.8,3389.8,12079.6,2973.7,3016.9,2941.7,2987.6,3169.6,2958.6,2963.3,5309.4,3074.3,7814.4,14196.7,13863.0,13854.7,13539.7,14763.4,495.1,1492.5,3029.2,3157.8,30.8,0.0,2598.6,3288.3,2482.9,68242.6,17825.7,13350.1,13191.7,13194.5,14848.9,17326.4,14540.8,13837.9,19485.3,13702.7,13656.0,14649.7,13727.0,15966.6,13867.7,8114.7,10539.4,26062.4,25414.6,30321.9,30253.4,25153.1,30527.3,20972.5,30230.3,30445.7,29590.2,27691.2,24984.6
62.4722192_6.1522983,17142.5,677.5,2907.7,4805.2,746.1,10366.5,836.7,54588.2,30834.1,822.1,578.3,439.5,330.3,311.4,349.7,927.3,122.9,848.5,757.1,1001.2,516.6,289.2,1012.1,489.0,746.6,1020.4,796.3,4672.3,829.9,7438.4,9601.7,756.7,781.3,978.9,1491.0,642.8,3362.6,744.2,17748.7,5375.5,1072.6,9762.3,656.4,699.7,624.4,670.3,852.3,641.3,646.0,2992.1,757.1,5497.1,11879.4,11545.7,11537.4,11222.4,12446.1,2772.6,1182.3,711.9,840.6,2556.7,2587.5,0.0,971.0,247.2,65925.3,15508.4,11032.8,10874.4,10877.2,12531.6,15009.1,12223.5,11520.6,17168.0,11385.4,11338.7,12332.4,11409.7,13649.3,11550.4,5797.4,8222.1,23745.1,23097.3,28004.7,27936.1,22835.8,28210.0,18655.2,27913.0,28128.4,27272.9,25373.9,22667.3
62.4749561_6.1563663,17166.9,444.8,3674.2,4829.7,1535.9,10390.9,582.7,54612.6,30858.5,435.3,544.0,1126.8,704.7,723.5,685.2,248.1,903.8,784.7,283.5,103.3,760.8,745.7,41.1,1040.2,330.6,766.5,649.3,4696.8,443.0,7462.9,9626.2,652.8,259.3,7.9,2257.6,517.0,3387.0,1431.5,17773.1,5400.0,1001.0,9786.8,465.9,715.3,878.3,452.0,598.4,895.1,542.1,3016.6,653.2,5521.5,11903.9,11570.2,11561.8,11246.8,12470.5,3539.2,1972.2,727.5,586.6,3323.3,3354.1,1026.8,0.0,903.8,65949.8,15532.9,11057.2,10898.9,10901.7,12556.0,15033.6,12247.9,11545.1,17192.4,11409.9,11363.2,12356.9,11434.2,13673.8,11574.9,5821.9,8246.6,23769.6,23121.8,28029.1,27960.5,22860.2,28234.4,18679.7,27937.4,28152.8,27297.3,25398.4,22691.8
62.4703741_6.1502732,17011.3,546.3,2804.9,4674.0,666.6,10235.3,705.5,54457.0,30702.9,691.0,447.1,257.5,199.1,180.2,218.5,796.1,306.9,717.3,626.0,870.1,385.4,158.0,880.9,357.8,615.4,889.2,665.1,4541.2,698.7,7307.3,9470.5,625.5,650.1,847.7,1388.2,511.6,3231.4,562.2,17617.5,5244.4,941.4,9631.2,525.2,568.5,493.3,539.2,721.1,510.1,514.8,2860.9,625.9,5365.9,11748.3,11414.6,11406.2,11091.2,12314.9,2669.9,1102.9,580.8,709.4,2453.9,2484.8,412.9,839.8,0.0,65794.1,15377.2,10901.6,10743.3,10746.1,12400.4,14877.9,12092.3,11389.5,17036.8,11254.3,11207.5,12201.2,11278.6,13518.1,11419.2,5666.2,8091.0,23614.0,22966.1,27873.5,27804.9,22704.6,28078.8,18524.0,27781.8,27997.2,27141.7,25242.7,22536.2
62.6719230_6.6749030,60669.5,65391.5,68461.6,61908.3,66323.3,57418.0,65394.7,33063.2,49469.2,65515.0,65490.7,65914.2,65637.8,65656.6,65618.3,65947.5,65691.2,65075.3,65777.3,65807.1,65381.5,65627.8,66032.2,65733.4,65766.7,65298.2,65412.0,61283.5,65522.7,59687.9,57338.7,65599.5,65801.5,65999.1,67044.9,65663.0,62823.7,66218.9,61275.7,60990.2,64822.0,57635.2,65412.6,65315.3,65197.3,65398.7,65245.3,65257.0,65488.8,62871.6,65599.9,61111.7,55406.5,55262.7,55254.3,55642.3,55271.4,68326.6,66759.6,65327.6,65289.1,68110.7,68141.5,65814.2,65991.2,65691.2,0.0,59035.4,55090.4,54932.1,54934.9,55155.2,58536.1,55048.9,53981.5,60695.0,54912.5,54865.7,55157.8,54936.8,53830.8,55077.5,60273.7,57952.8,67272.2,66624.3,71531.7,71463.1,66362.8,71737.0,62182.3,71440.0,71655.4,70799.9,68901.0,66194.4
62.4366350_6.3705230,3227.7,14951.2,18021.4,11923.6,15883.0,7433.3,14954.4,47646.2,16662.4,15074.7,15050.4,15473.9,15197.5,15216.3,15178.0,15507.2,15251.0,14635.0,15337.0,15366.8,14941.2,15187.5,15592.0,15293.1,15326.4,14857.9,14971.7,11298.8,15082.4,8655.6,6393.3,15159.2,15361.2,15558.8,16604.7,15222.7,12838.9,15778.6,3833.9,11005.5,14381.7,6472.7,14972.3,14875.1,14757.1,14958.4,14805.0,14816.7,15048.5,15262.4,15159.6,11127.0,4178.9,4114.4,4106.0,4494.1,4039.7,17886.3,16319.3,14887.3,14848.8,17670.4,17701.2,15373.9,15550.9,15250.9,58983.3,0.0,5105.7,4947.3,4950.1,3873.4,1273.4,4039.8,5424.0,2996.2,4466.6,4419.9,3926.1,4416.5,7516.2,4631.6,9879.9,7559.0,9830.4,9182.6,14089.9,14021.3,8921.0,14295.2,4740.5,13998.2,14213.6,13358.1,11459.2,8752.6
62.4710580_6.3421710,6833.5,10569.3,13639.5,7541.7,11501.2,3051.4,10572.5,43981.8,20525.1,10692.8,10668.6,11092.0,10815.6,10834.4,10796.1,11125.3,10869.1,10253.1,10955.1,10984.9,10559.4,10805.7,11210.1,10911.3,10944.6,10476.0,10589.8,6916.9,10700.6,5899.1,3502.7,10777.4,10979.3,11176.9,12222.8,10840.8,8457.1,11396.7,7439.7,6623.6,9999.8,3799.2,10590.5,10493.2,10375.2,10576.5,10423.2,10434.8,10666.6,10880.6,10777.7,6745.2,1570.5,1426.7,1418.3,1806.3,2137.1,13504.4,11937.4,10505.5,10466.9,13288.5,13319.3,10992.0,11169.0,10869.0,55318.9,5199.4,0.0,222.2,194.5,2222.6,4700.1,1914.5,1211.7,6859.0,1076.5,1029.7,2023.4,1100.8,3340.3,1241.4,5907.1,3586.2,13436.2,12788.3,17695.7,17627.1,12526.8,17901.0,8346.2,17604.0,17819.4,16963.9,15065.0,12358.4
62.4716084_6.3453172,6675.2,10411.0,13481.1,7383.4,11342.8,2893.1,10414.2,43823.5,20366.8,10534.5,10510.2,10933.7,10657.3,10676.1,10637.8,10967.0,10710.7,10094.8,10796.8,10826.6,10401.0,10647.3,11051.7,10752.9,10786.2,10317.7,10431.5,6758.6,10542.2,5740.7,3344.4,10619.0,10821.0,11018.6,12064.5,10682.5,8298.7,11238.4,7281.4,6465.3,9841.5,3640.9,10432.1,10334.9,10216.8,10418.2,10264.8,10276.5,10508.3,10722.2,10619.4,6586.8,1412.1,1268.3,1260.0,1648.0,1978.8,13346.1,11779.1,10347.1,10308.6,13130.2,13161.0,10833.7,11010.7,10710.7,55160.6,5041.1,222.2,0.0,48.6,2064.3,4541.8,1756.2,1053.3,6700.7,918.1,871.4,1865.1,942.4,3182.0,1083.1,5748.7,3427.9,13277.8,12630.0,17537.4,17468.8,12368.5,17742.7,8187.9,17445.7,17661.1,16805.6,14906.6,12200.1
62.4714714_6.3447286,6678.0,10413.8,13484.0,7386.2,11345.6,2895.9,10417.0,43826.3,20369.6,10537.3,10513.0,10936.5,10660.1,10678.9,10640.6,10969.8,10713.5,10097.6,10799.6,10829.4,10403.8,10650.1,11054.6,10755.7,10789.0,10320.5,10434.3,6761.4,10545.0,5743.5,3347.2,10621.8,10823.8,11021.4,12067.3,10685.3,8301.5,11241.2,7284.2,6468.1,9844.3,3643.7,10434.9,10337.7,10219.6,10421.0,10267.6,10279.3,10511.1,10725.0,10622.2,6589.6,1414.9,1271.1,1262.8,1650.8,1981.6,13348.9,11781.9,10349.9,10311.4,13133.0,13163.8,10836.5,11013.5,10713.5,55163.4,5043.9,194.5,48.6,0.0,2067.1,4544.6,1759.0,1056.1,6703.5,920.9,874.2,1867.9,945.2,3184.8,1085.9,5751.5,3430.7,13280.6,12632.8,17540.2,17471.6,12371.3,17745.5,8190.7,17448.5,17663.9,16808.4,14909.4,12202.9
62.4622693_6.3640886,5632.3,12007.9,15078.0,8980.2,12939.7,3862.0,12011.1,43744.0,19323.9,12131.3,12107.1,12530.6,12254.1,12273.0,12234.7,12563.8,12307.6,11691.7,12393.7,12423.5,11997.9,12244.2,12648.6,12349.8,12383.1,11914.6,12028.3,8355.4,12139.1,5712.2,3450.0,12215.9,12417.8,12615.4,13661.3,12279.3,9895.6,12835.2,6238.5,8062.1,11438.4,3529.4,12029.0,11931.7,11813.7,12015.0,11861.7,11873.3,12105.2,12319.1,12216.3,8183.7,1235.6,1171.0,1162.7,1550.7,166.3,14942.9,13375.9,11944.0,11905.4,14727.0,14757.8,12430.5,12607.5,12307.5,55081.1,3998.2,2162.3,2004.0,2006.8,0.0,3498.9,166.4,1603.8,5657.8,1327.5,1280.7,52.7,1277.4,3425.9,1492.5,6936.5,4615.7,12234.9,11587.1,16494.5,16425.9,11325.6,16699.8,7145.0,16402.8,16618.2,15762.7,13863.7,11157.1
62.4420250_6.3719770,4180.8,14432.2,17502.4,11404.6,15364.1,6914.3,14435.4,47127.2,16194.9,14555.7,14531.5,14955.0,14678.5,14697.4,14659.0,14988.2,14732.0,14116.0,14818.1,14847.8,14422.3,14668.6,15073.0,14774.2,14807.5,14339.0,14452.7,10779.8,14563.5,8136.6,5874.4,14640.3,14842.2,15039.8,16085.7,14703.7,12320.0,15259.6,4787.0,10486.5,13862.7,5953.8,14453.4,14356.1,14238.1,14439.4,14286.1,14297.7,14529.6,14743.5,14640.7,10608.1,3659.9,3595.4,3587.0,3975.1,3520.8,17367.3,15800.3,14368.4,14329.8,17151.4,17182.2,14854.9,15031.9,14731.9,58464.3,1273.4,4586.7,4428.4,4431.2,3354.5,0.0,3520.9,4905.0,2528.8,3947.7,3900.9,3407.1,3897.5,6997.3,4112.6,9360.9,7040.1,10783.5,10135.7,15043.0,14974.4,9874.1,15248.3,5693.6,14951.3,15166.7,14311.2,12412.3,9705.7
62.4635290_6.3644850,5798.7,11815.0,14885.2,8787.4,12746.9,3755.6,11818.2,43637.6,19490.3,11938.5,11914.3,12337.7,12061.3,12080.1,12041.8,12371.0,12114.8,11498.8,12200.8,12230.6,11805.1,12051.4,12455.8,12157.0,12190.3,11721.7,11835.5,8162.6,11946.3,5677.9,3616.4,12023.1,12225.0,12422.6,13468.5,12086.5,9702.8,12642.4,6404.9,7869.3,11245.5,3695.8,11836.2,11738.9,11620.9,11822.2,11668.9,11680.5,11912.3,12126.3,12023.4,7990.9,1402.0,1252.7,1244.3,1632.3,282.6,14750.1,13183.1,11751.2,11712.6,14534.2,14565.0,12237.7,12414.7,12114.7,54974.8,4164.6,1969.5,1811.2,1814.0,166.4,3665.3,0.0,1497.4,5824.2,1221.1,1174.4,169.0,1171.0,3319.5,1386.1,6902.2,4581.4,12401.3,11753.5,16660.9,16592.3,11492.0,16866.2,7311.4,16569.2,16784.6,15929.1,14030.1,11323.6
62.4717260_6.3633530,7396.8,11057.1,14127.3,8029.5,11988.9,3539.2,11060.3,42938.2,21088.4,11180.6,11156.4,11579.8,11303.4,11322.2,11283.9,11613.1,11356.9,10740.9,11442.9,11472.7,11047.1,11293.5,11697.9,11399.0,11432.3,10963.8,11077.6,7404.7,11188.3,6415.2,4066.0,11265.2,11467.1,11664.7,12710.6,11328.6,8944.8,11884.5,8003.0,7111.4,10487.6,4362.5,11078.2,10981.0,10863.0,11064.3,10911.0,10922.6,11154.4,11368.3,11265.5,7232.9,2133.8,1989.9,1981.6,2369.6,1706.6,13992.2,12425.2,10993.2,10954.7,13776.3,13807.1,11479.8,11656.8,11356.8,54275.4,5762.7,1211.6,1053.2,1056.0,1590.3,5263.4,1484.0,0.0,7422.3,1639.8,1593.0,1592.9,1664.0,2214.6,1804.7,6394.9,4074.0,13999.5,13351.6,18259.0,18190.4,13090.1,18464.3,8909.5,18167.3,18382.7,17527.2,15628.2,12921.7
62.4319749_6.4127797,6422.6,16674.0,19744.2,13646.4,17605.9,9156.1,16677.2,49369.0,13924.9,16797.5,16773.3,17196.7,16920.3,16939.2,16900.8,17230.0,16973.8,16357.8,17059.9,17089.6,16664.1,16910.4,17314.8,17016.0,17049.3,16580.8,16694.5,13021.6,16805.3,10378.4,8116.2,16882.1,17084.0,17281.6,18327.5,16945.5,14561.8,17501.4,7028.8,12728.3,16104.5,8195.6,16695.2,16597.9,16479.9,16681.2,16527.9,16539.5,16771.3,16985.3,16882.4,12849.9,5901.7,5837.2,5828.8,6216.9,5762.6,19609.1,18042.1,16610.2,16571.6,19393.2,19424.0,17096.7,17273.7,16973.7,60706.1,3038.4,6828.5,6670.2,6673.0,5596.3,2570.9,5762.7,7146.8,0.0,6189.4,6142.7,5648.9,6139.3,9239.1,6354.4,11602.7,9281.9,13025.3,12377.4,17284.8,17216.2,12115.9,17490.1,7935.3,17193.1,17408.5,16553.0,14654.0,11947.5
62.4664420_6.3512370,6124.4,11034.1,14104.3,8006.5,11966.0,2815.0,11037.3,43729.1,19816.0,11157.6,11133.4,11556.9,11280.4,11299.3,11260.9,11590.1,11333.9,10717.9,11420.0,11449.8,11024.2,11270.5,11674.9,11376.1,11409.4,10940.9,11054.6,7381.7,11165.4,5141.3,2792.1,11242.2,11444.1,11641.7,12687.6,11305.6,8921.9,11861.5,6730.6,7088.4,10464.6,3088.6,11055.3,10958.0,10840.0,11041.3,10888.0,10899.6,11131.5,11345.4,11242.6,7210.0,859.8,716.0,707.7,1095.7,1426.5,13969.2,12402.2,10970.3,10931.7,13753.3,13784.1,11456.8,11633.8,11333.8,55066.2,4490.3,1188.6,1030.3,1033.1,1310.2,3991.0,1203.9,1506.9,6149.9,0.0,233.7,1312.8,390.1,3599.2,445.4,6371.9,4051.0,12727.0,12079.2,16986.6,16918.0,11817.7,17191.9,7637.1,16894.9,17110.3,16254.8,14355.8,11649.2
62.4669725_6.3502766,6077.6,10987.4,14057.6,7959.8,11919.2,2726.3,10990.6,43682.3,19769.2,11110.9,11086.6,11510.1,11233.7,11252.5,11214.2,11543.4,11287.1,10671.2,11373.2,11403.0,10977.4,11223.7,11628.2,11329.3,11362.6,10894.1,11007.9,7335.0,11118.6,5094.6,2745.4,11195.4,11397.4,11595.0,12640.9,11258.9,8875.1,11814.8,6683.8,7041.7,10417.9,3041.9,11008.5,10911.3,10793.2,10994.6,10841.2,10852.9,11084.7,11298.6,11195.8,7163.2,813.1,669.3,660.9,1049.0,1379.7,13922.5,12355.5,10923.5,10885.0,13706.6,13737.4,11410.1,11587.1,11287.1,55019.5,4443.6,1141.9,983.5,986.3,1263.5,3944.2,1157.1,1460.2,6103.1,233.7,0.0,1266.1,343.4,3552.4,356.8,6325.1,4004.3,12680.3,12032.5,16939.8,16871.2,11770.9,17145.1,7590.4,16848.1,17063.5,16208.0,14309.1,11602.5
62.4624300_6.3636223,5684.9,12060.5,15130.7,9032.9,12992.3,3864.6,12063.7,43746.6,19376.5,12184.0,12159.8,12583.2,12306.8,12325.6,12287.3,12616.5,12360.3,11744.3,12446.3,12476.1,12050.5,12296.9,12701.3,12402.5,12435.7,11967.2,12081.0,8408.1,12191.7,5764.9,3502.6,12268.6,12470.5,12668.1,13714.0,12332.0,9948.3,12887.9,6291.1,8114.8,11491.0,3582.0,12081.6,11984.4,11866.4,12067.7,11914.4,11926.0,12157.8,12371.7,12268.9,8236.3,1288.2,1223.7,1215.3,1603.4,113.7,14995.6,13428.6,11996.6,11958.1,14779.7,14810.5,12483.2,12660.2,12360.2,55083.7,4050.9,2215.0,2056.6,2059.5,52.7,3551.6,169.0,1606.3,5710.4,1330.1,1283.3,0.0,1279.9,3428.5,1495.0,6989.2,4668.3,12287.6,11639.8,16547.1,16478.5,11378.2,16752.4,7197.7,16455.4,16670.8,15815.3,13916.4,11209.8
62.4673802_6.3564385,6148.3,10983.7,14053.8,7956.0,11915.5,2924.3,10986.9,43678.6,19839.9,11107.1,11082.9,11506.4,11229.9,11248.8,11210.5,11539.6,11283.4,10667.5,11369.5,11399.3,10973.7,11220.0,11624.4,11325.6,11358.9,10890.4,11004.1,7331.2,11114.9,5165.2,2816.0,11191.7,11393.6,11591.2,12637.1,11255.1,8871.4,11811.0,6754.5,7037.9,10414.2,3112.5,11004.8,10907.5,10789.5,10990.8,10837.5,10849.1,11081.0,11294.9,11192.1,7159.5,883.7,739.9,731.6,1119.6,1450.4,13918.7,12351.7,10919.8,10881.2,13702.8,13733.6,11406.3,11583.3,11283.3,55015.7,4514.2,1138.1,979.8,982.6,1334.1,4014.9,1227.8,1456.5,6173.8,389.7,343.0,1336.7,0.0,3548.7,554.7,6321.4,4000.5,12750.9,12103.1,17010.5,16941.9,11841.6,17215.8,7661.0,16918.8,17134.2,16278.7,14379.7,11673.1
62.4842080_6.3899840,9260.6,13153.7,16223.8,10126.1,14085.5,5635.7,13156.9,42518.0,22448.0,13277.1,13252.9,13676.4,13399.9,13418.8,13380.5,13709.6,13453.4,12837.5,13539.5,13569.3,13143.7,13390.0,13794.4,13495.6,13528.9,13060.4,13174.1,9501.2,13284.9,8279.0,5929.8,13361.7,13563.6,13761.3,14807.1,13425.1,11041.4,13981.1,9866.8,9208.0,12584.2,6226.3,13174.8,13077.5,12959.5,13160.9,13007.5,13019.2,13251.0,13464.9,13362.1,9329.5,3997.6,3853.8,3845.4,4233.4,3570.4,16088.8,14521.7,13089.8,13051.2,15872.8,15903.7,13576.3,13753.4,13453.4,53855.1,7626.6,3308.1,3149.8,3152.6,3454.2,7127.2,3347.8,2280.5,9286.1,3503.6,3456.9,3456.7,3527.9,0.0,3668.6,8491.4,6170.6,15863.3,15215.5,20122.8,20054.2,14953.9,20328.1,10773.4,20031.1,20246.5,19391.0,17492.1,14785.5
62.4686300_6.3477760,6289.4,10380.5,13450.7,7352.9,11312.3,2369.5,10383.7,43894.1,19981.0,10504.0,10479.7,10903.2,10626.8,10645.6,10607.3,10936.5,10680.2,10064.3,10766.3,10796.1,10370.5,10616.8,11021.3,10722.4,10755.7,10287.2,10401.0,6728.1,10511.7,4917.0,2567.8,10588.5,10790.5,10988.1,12034.0,10652.0,8268.2,11207.9,6895.6,6434.8,9811.0,2864.3,10401.6,10304.4,10186.3,10387.7,10234.3,10246.0,10477.8,10691.7,10588.9,6556.3,1024.8,881.0,872.6,631.6,1591.4,13315.6,11748.6,10316.6,10278.1,13099.7,13130.5,10803.2,10980.2,10680.2,55231.2,4655.3,1353.6,1195.3,1198.1,1475.2,4156.0,1368.9,1671.9,6314.8,445.4,356.8,1477.8,555.1,3764.2,0.0,6141.3,3820.4,12892.0,12244.2,17151.5,17082.9,11982.6,17356.9,7802.1,17059.8,17275.2,16419.7,14520.8,11814.2
62.4666080_6.2460440,11556.3,5354.7,8424.8,2240.3,6286.5,6145.7,5357.9,50070.0,25247.9,5478.2,5453.9,5877.4,5601.0,5619.8,5581.5,5910.7,5654.4,5038.5,5740.5,5770.3,5344.7,5591.0,5995.4,5696.6,5729.9,5261.4,5375.2,1615.5,5485.9,1895.6,4194.9,5562.7,5764.7,5962.3,7008.1,5626.2,3242.4,6182.1,12162.5,1106.6,4785.2,4355.6,5375.8,5278.5,5160.5,5361.9,5208.5,5220.2,5452.0,5665.9,5563.1,1228.2,6536.2,6139.0,6130.6,5815.6,7111.7,8289.8,6722.8,5290.8,5252.3,8073.8,8104.7,5777.4,5954.4,5654.4,61407.2,9922.2,6812.0,6653.7,6656.5,6945.4,9422.9,8002.7,7299.9,11581.8,7164.7,7118.0,6998.1,7189.0,9428.6,6189.7,0.0,2552.5,18159.0,17511.1,22418.5,22349.9,17249.6,22623.8,13069.0,22326.8,22542.2,21686.7,19787.7,17081.2
62.4683680_6.2920740,9234.5,8025.0,11095.2,4997.4,8956.8,2919.2,8028.2,46843.5,22926.1,8148.5,8124.3,8547.7,8271.3,8290.1,8251.8,8581.0,8324.8,7708.8,8410.8,8440.6,8015.0,8261.4,8665.8,8367.0,8400.3,7931.7,8045.5,4372.6,8156.3,2806.4,1873.1,8233.1,8435.0,8632.6,9678.5,8296.5,5912.8,8852.4,9840.7,4079.3,7455.5,2033.7,8046.1,7948.9,7830.9,8032.2,7878.9,7890.5,8122.3,8336.3,8233.4,4200.8,4214.3,3817.1,3808.8,3493.8,4789.9,10960.1,9393.1,7961.1,7922.6,10744.2,10775.0,8447.7,8624.7,8324.7,58180.7,7600.4,3585.5,3427.2,3430.0,4623.6,7101.1,4776.2,4073.4,9259.9,3938.2,3891.5,4676.2,3962.5,6202.1,3867.9,2551.5,0.0,15837.1,15189.3,20096.6,20028.1,14927.7,20302.0,10747.2,20004.9,20220.3,19364.9,17465.9,14759.3
62.4420055_6.2580881,9450.0,23303.7,26373.9,20276.1,24235.5,15785.8,23306.9,55998.7,26351.0,23427.2,23402.9,23826.4,23550.0,23568.8,23530.5,23859.7,23603.5,22987.5,23689.5,23719.3,23293.7,23540.0,23944.5,23645.6,23678.9,23210.4,23324.2,19651.3,23434.9,17008.1,14745.8,23511.7,23713.7,23911.3,24957.2,23575.2,21191.4,24131.1,6002.5,19358.0,22734.2,14825.2,23324.8,23227.6,23109.6,23310.9,23157.5,23169.2,23401.0,23614.9,23512.1,19479.5,12531.4,12466.9,12458.5,12846.6,12392.2,26238.8,24671.8,23239.8,23201.3,26022.9,26053.7,23726.4,23903.4,23603.4,67335.8,9811.9,13458.2,13299.8,13302.6,12225.9,10526.0,12392.3,13776.5,12684.9,12819.1,12772.4,12278.6,12769.0,15868.7,12984.1,18232.4,15911.5,0.0,1116.1,4713.9,4645.4,1333.3,4919.3,5501.5,4622.2,4837.7,3982.2,2083.2,1164.9
62.4431074_6.2726405,8802.2,22655.9,25726.0,19628.3,23587.7,15138.0,22659.1,55350.8,25703.1,22779.3,22755.1,23178.6,22902.1,22921.0,22882.7,23211.9,22955.6,22339.7,23041.7,23071.5,22645.9,22892.2,23296.6,22997.8,23031.1,22562.6,22676.3,19003.5,22787.1,16360.2,14098.0,22863.9,23065.8,23263.5,24309.3,22927.4,20543.6,23483.3,5354.7,18710.2,22086.4,14177.4,22677.0,22579.7,22461.7,22663.1,22509.7,22521.4,22753.2,22967.1,22864.3,18831.7,11883.6,11819.1,11810.7,12198.7,11744.4,25591.0,24023.9,22592.0,22553.5,25375.0,25405.9,23078.6,23255.6,22955.6,66688.0,9164.1,12810.4,12652.0,12654.8,11578.1,9878.2,11744.5,13128.7,12037.0,12171.3,12124.5,11630.8,12121.2,15220.9,12336.3,17584.6,15263.7,1116.1,0.0,5375.6,5307.0,685.5,5580.9,4853.6,5283.9,5499.3,4643.8,2744.9,517.1
62.4444111_6.1943517,13709.5,27563.2,30633.4,24535.6,28495.1,20045.3,27566.4,60258.2,30610.5,27686.7,27662.5,28085.9,27809.5,27828.3,27790.0,28119.2,27863.0,27247.0,27949.0,27978.8,27553.3,27799.6,28204.0,27905.2,27938.5,27469.9,27583.7,23910.8,27694.5,21267.6,19005.4,27771.3,27973.2,28170.8,29216.7,27834.7,25451.0,28390.6,10262.1,23617.5,26993.7,19084.7,27584.4,27487.1,27369.1,27570.4,27417.1,27428.7,27660.5,27874.5,27771.6,23739.1,16790.9,16726.4,16718.0,17106.1,16651.8,30498.3,28931.3,27499.4,27460.8,30282.4,30313.2,27985.9,28162.9,27862.9,71595.3,14071.4,17717.7,17559.4,17562.2,16485.5,14785.5,16651.9,18036.0,16944.4,17078.6,17031.9,16538.1,17028.5,20128.3,17243.6,22491.9,20171.1,4713.9,5375.6,0.0,572.5,5592.9,1220.7,9761.0,584.7,1139.0,1165.3,2691.1,5424.4
62.4424369_6.1886657,13640.9,27494.6,30564.8,24467.0,28426.5,19976.7,27497.8,60189.6,30541.9,27618.1,27593.9,28017.3,27740.9,27759.7,27721.4,28050.6,27794.4,27178.4,27880.4,27910.2,27484.7,27731.0,28135.4,27836.6,27869.9,27401.3,27515.1,23842.2,27625.9,21199.0,18936.8,27702.7,27904.6,28102.2,29148.1,27766.1,25382.4,28322.0,10193.5,23548.9,26925.1,19016.1,27515.7,27418.5,27300.5,27501.8,27348.5,27360.1,27591.9,27805.9,27703.0,23670.5,16722.3,16657.8,16649.4,17037.5,16583.2,30429.7,28862.7,27430.8,27392.2,30213.8,30244.6,27917.3,28094.3,27794.3,71526.7,14002.8,17649.1,17490.8,17493.6,16416.8,14716.9,16583.3,17967.4,16875.8,17010.0,16963.3,16469.5,16959.9,20059.7,17175.0,22423.3,20102.5,4645.3,5307.0,572.5,0.0,5524.3,731.6,9692.4,95.6,650.0,676.2,2622.5,5355.8
62.4415864_6.2751885,8540.6,22394.3,25464.5,19366.7,23326.2,14876.4,22397.5,55089.3,25441.6,22517.8,22493.6,22917.1,22640.6,22659.5,22621.1,22950.3,22694.1,22078.1,22780.2,22809.9,22384.4,22630.7,23035.1,22736.3,22769.6,22301.1,22414.8,18741.9,22525.6,16098.7,13836.5,22602.4,22804.3,23001.9,24047.8,22665.8,20282.1,23221.7,5093.2,18448.6,21824.8,13915.9,22415.5,22318.2,22200.2,22401.5,22248.2,22259.8,22491.7,22705.6,22602.8,18570.2,11622.0,11557.5,11549.1,11937.2,11482.9,25329.4,23762.4,22330.5,22291.9,25113.5,25144.3,22817.0,22994.0,22694.0,66426.4,8902.5,12548.8,12390.5,12393.3,11316.6,9616.6,11483.0,12867.1,11775.5,11909.8,11863.0,11369.2,11859.6,14959.4,12074.7,17323.0,15002.2,1333.3,685.5,5592.9,5524.3,0.0,5798.2,4592.1,5501.2,5716.6,4861.1,2962.1,207.3
62.4390436_6.1854688,13914.8,27768.5,30838.7,24740.9,28700.4,20250.6,27771.7,60463.5,30815.8,27892.0,27867.8,28291.3,28014.8,28033.7,27995.3,28324.5,28068.3,27452.3,28154.4,28184.1,27758.6,28004.9,28409.3,28110.5,28143.8,27675.3,27789.0,24116.1,27899.8,21472.9,19210.7,27976.6,28178.5,28376.1,29422.0,28040.0,25656.3,28595.9,10467.4,23822.8,27199.0,19290.1,27789.7,27692.4,27574.4,27775.7,27622.4,27634.0,27865.9,28079.8,27977.0,23944.4,16996.2,16931.7,16923.3,17311.4,16857.1,30703.6,29136.6,27704.7,27666.1,30487.7,30518.5,28191.2,28368.2,28068.2,71800.6,14276.7,17923.0,17764.7,17767.5,16690.8,14990.8,16857.2,18241.3,17149.7,17284.0,17237.2,16743.4,17233.8,20333.6,17448.9,22697.2,20376.4,4919.3,5580.9,1220.7,731.6,5798.2,0.0,9966.3,708.5,416.3,950.2,2896.4,5629.8
62.4246541_6.3055775,4354.0,18207.7,21277.8,15180.1,19139.5,10689.8,18210.9,50902.6,21254.9,18331.1,18306.9,18730.4,18453.9,18472.8,18434.5,18763.7,18507.4,17891.5,18593.5,18623.3,18197.7,18444.0,18848.4,18549.6,18582.9,18114.4,18228.1,14555.3,18338.9,11912.0,9649.8,18415.7,18617.6,18815.3,19861.1,18479.2,16095.4,19035.1,906.5,14262.0,17638.2,9729.2,18228.8,18131.5,18013.5,18214.9,18061.5,18073.2,18305.0,18518.9,18416.1,14383.5,7435.4,7370.9,7362.5,7750.5,7296.2,21142.8,19575.7,18143.8,18105.3,20926.8,20957.7,18630.4,18807.4,18507.4,62239.8,4715.9,8362.2,8203.8,8206.6,7129.9,5430.0,7296.3,8680.5,7588.8,7723.1,7676.4,7182.6,7673.0,10772.7,7888.1,13136.4,10815.5,5495.4,4847.5,9754.9,9686.3,4586.0,9960.2,0.0,9663.2,9878.6,9023.1,7124.2,4417.6
62.4421478_6.1903413,13617.8,27471.5,30541.7,24443.9,28403.3,19953.6,27474.7,60166.5,30518.8,27595.0,27570.8,27994.2,27717.8,27736.6,27698.3,28027.5,27771.3,27155.3,27857.3,27887.1,27461.5,27707.9,28112.3,27813.5,27846.8,27378.2,27492.0,23819.1,27602.7,21175.9,18913.6,27679.6,27881.5,28079.1,29125.0,27743.0,25359.3,28298.9,10170.4,23525.8,26902.0,18993.0,27492.6,27395.4,27277.4,27478.7,27325.4,27337.0,27568.8,27782.7,27679.9,23647.3,16699.2,16634.7,16626.3,17014.4,16560.1,30406.6,28839.6,27407.6,27369.1,30190.7,30221.5,27894.2,28071.2,27771.2,71503.6,13979.7,17626.0,17467.7,17470.5,16393.7,14693.8,16560.1,17944.3,16852.7,16986.9,16940.2,16446.4,16936.8,20036.6,17151.9,22400.2,20079.3,4622.2,5283.9,584.7,95.6,5501.2,708.5,9669.3,0.0,626.9,653.1,2599.4,5332.7
62.4376538_6.1879915,13833.2,27686.9,30757.1,24659.3,28618.7,20169.0,27690.1,60381.9,30734.2,27810.4,27786.2,28209.6,27933.2,27952.0,27913.7,28242.9,27986.7,27370.7,28072.7,28102.5,27676.9,27923.3,28327.7,28028.9,28062.2,27593.6,27707.4,24034.5,27818.2,21391.3,19129.0,27895.0,28096.9,28294.5,29340.4,27958.4,25574.7,28514.3,10385.8,23741.2,27117.4,19208.4,27708.0,27610.8,27492.8,27694.1,27540.8,27552.4,27784.2,27998.2,27895.3,23862.7,16914.6,16850.1,16841.7,17229.8,16775.5,30622.0,29055.0,27623.0,27584.5,30406.1,30436.9,28109.6,28286.6,27986.6,71719.0,14195.1,17841.4,17683.1,17685.9,16609.1,14909.2,16775.5,18159.7,17068.1,17202.3,17155.6,16661.8,17152.2,20252.0,17367.3,22615.6,20294.8,4837.6,5499.3,1139.0,650.0,5716.6,416.3,9884.7,626.9,0.0,868.5,2814.8,5548.1
62.4407026_6.1998007,12977.7,26831.5,29901.6,23803.8,27763.3,19313.5,26834.7,59526.4,29878.7,26954.9,26930.7,27354.2,27077.7,27096.6,27058.3,27387.4,27131.2,26515.3,27217.3,27247.1,26821.5,27067.8,27472.2,27173.4,27206.7,26738.2,26851.9,23179.0,26962.7,20535.8,18273.6,27039.5,27241.4,27439.0,28484.9,27102.9,24719.2,27658.8,9530.3,22885.7,26261.9,18353.0,26852.6,26755.3,26637.3,26838.6,26685.3,26696.9,26928.8,27142.7,27039.9,23007.3,16059.2,15994.6,15986.3,16374.3,15920.0,29766.5,28199.5,26767.6,26729.0,29550.6,29581.4,27254.1,27431.1,27131.1,70863.5,13339.7,16985.9,16827.6,16830.4,15753.7,14053.7,15920.1,17304.3,16212.6,16346.9,16300.1,15806.3,16296.7,19396.5,16511.8,21760.1,19439.3,3982.2,4643.8,1165.3,676.3,4861.1,950.2,9029.2,653.1,868.6,0.0,1959.3,4692.7
62.4378240_6.2349440,11078.8,24932.5,28002.6,21904.9,25864.3,17414.6,24935.7,57627.4,27979.8,25056.0,25031.7,25455.2,25178.7,25197.6,25159.3,25488.5,25232.2,24616.3,25318.3,25348.1,24922.5,25168.8,25573.2,25274.4,25307.7,24839.2,24953.0,21280.1,25063.7,18636.8,16374.6,25140.5,25342.4,25540.1,26585.9,25204.0,22820.2,25759.9,7631.3,20986.8,24363.0,16454.0,24953.6,24856.3,24738.3,24939.7,24786.3,24798.0,25029.8,25243.7,25140.9,21108.3,14160.2,14095.7,14087.3,14475.3,14021.0,27867.6,26300.6,24868.6,24830.1,27651.6,27682.5,25355.2,25532.2,25232.2,68964.6,11440.7,15087.0,14928.6,14931.4,13854.7,12154.8,14021.1,15405.3,14313.6,14447.9,14401.2,13907.4,14397.8,17497.5,14612.9,19861.2,17540.3,2083.2,2744.9,2691.1,2622.5,2962.1,2896.4,7130.3,2599.4,2814.8,1959.3,0.0,2793.7
62.4402429_6.2730816,8372.2,22225.9,25296.1,19198.3,23157.7,14708.0,22229.1,54920.9,25273.2,22349.4,22325.2,22748.6,22472.2,22491.0,22452.7,22781.9,22525.7,21909.7,22611.7,22641.5,22215.9,22462.3,22866.7,22567.9,22601.2,22132.6,22246.4,18573.5,22357.2,15930.3,13668.0,22434.0,22635.9,22833.5,23879.4,22497.4,20113.7,23053.3,4924.8,18280.2,21656.4,13747.4,22247.0,22149.8,22031.8,22233.1,22079.8,22091.4,22323.2,22537.2,22434.3,18401.7,11453.6,11389.1,11380.7,11768.8,11314.5,25161.0,23594.0,22162.0,22123.5,24945.1,24975.9,22648.6,22825.6,22525.6,66258.0,8734.1,12380.4,12222.1,12224.9,11148.1,9448.2,11314.5,12698.7,11607.1,11741.3,11694.6,11200.8,11691.2,14791.0,11906.3,17154.6,14833.8,1164.9,517.1,5424.4,5355.9,191.6,5629.8,4423.7,5332.8,5548.2,4692.7,2793.7,0.0
