customer_id,customer_name,address,postal_code,latitude,longitude,vehicle_type,service_time_min,tour_id,notes,frekvens
verified but to far away adresses
4235,Spar Raudeberg,Nedrevegen 102,6707.0,61.9817494,5.1359776,1.0,24.2,"1451,2451,4451,5451",high,201.0,2
13116,Bunnpris Oldeide,Oppedalsvegen 94,6700.0,61.92819409502355,5.0814980420191995,1.0,17.0,"1451,3451,5451",high,153.0,2
2914,Kiwi 903 Måløy,Amstkaia 8,6700.0,61.9332879,5.11266,1.0,27.2,"1451,2451,4451,5451",high,200.0,2
13110,Joker Flatraket,Seljevegen 770,6717.0,61.97418895218931,5.226148270858267,1.0,15.4,"1451,4451",high,101.0,2
2927,Kiwi 906 Deknepollen,Nordfjordvegen 9248,6704.0,61.9230879,5.1502,1.0,30.2,"1451,2451,3451,4451,5451",high,250.0,2
3092,Bunnpris Stad,Leikanger 42,6751.0,62.11918,5.318464,1.0,26.9,"1351,2351,5351",high,152.0,2
6343,Bunnpris Bryggja,Nordfjordvegen 7747,6711.0,61.94095,5.455432,1.0,14.2,"1451,2451,3451,5451",high,248.0,2
12212,Trsp.o. Snorre Seafood,Nedrevegen 158,6710.0,61.985945657796194,5.142445557436445,1.0,20.0,2451,low,43.0,2
575,Bjørgs Mat As,Nedrevegen 106,6710.0,61.9827748,5.1376746,1.0,19.7,2451,high,62.0,2
7497,Joker Stadlandet,Fv633 11,6750.0,62.160701871843166,5.180441126689055,1.0,17.0,"2351,5351",high,102.0,2
3086,Bunnpris Olden,Fjordveien 1667,6788.0,61.835325,6.8048951,1.0,21.9,"1551,2551,4551,5551",high,202.0,2
13115,Oldeide Matsenter Storhush.,Oppedalsvegen 94,6700.0,61.92819409502355,5.0814980420191995,1.0,10.6,3451,med,49.0,2
7088,Torget Mat,Gate 1 48,6700.0,61.9340477743003,5.112491828577736,1.0,7.2,3451,high,13.0,2
1159,Havfruen Måløy,SJØGATA 18,6700.0,61.9341751,5.1135564,1.0,14.3,"3451,5451",med,101.0,2
3643,Mix Måløy Ny,SJØGATA 26,6700.0,61.93495,5.11439,1.0,14.6,3451,high,42.0,2
3623,Måløy Spiskammers,Gate 1 77,6700.0,61.93328,5.11141,1.0,10.9,"3451,5451",med,93.0,2
582,Bakeriet Kaffebar,Myrane 13,6718.0,61.9218289,5.1563359,1.0,11.6,3451,med,67.0,2
3865,Måløy Vg Skule,Nordfjordvegen 9009,6718.0,61.91874,5.17124,1.0,6.8,3451,med,42.0,2
1631,Fjordly Ungdomssenter,HOLMEVEGEN 28,6711.0,61.929447,5.388833,1.0,6.7,3451,low,12.0,2
643,Joker Hjelledalen,Strynevegen 2806,6798.0,61.9190449,7.1715462,1.0,16.4,"3551,5551",high,110.0,2
5263,Matstova Oppstryn,Strynevegen 1938,6799.0,61.9108111,7.0485729,1.0,12.6,3551,low,58.0,2
1615,Fjordane Folkehøgskule,SKULEVEGEN 32,6770.0,61.912645,5.995667,1.0,10.0,"3452,5452",low,55.0,2
1835,Hf Nordfjord Sjukehus,Sjukehusvegen 14,6770.0,61.915739,5.977668,1.0,8.8,"3452,5452",low,101.0,2
1048,Didriks Kafe & Gaver,EIDSGATA 38,6770.0,61.9082915,5.9882234,1.0,7.2,3452,low,61.0,2
1041,Flammen 6770,EIDSGATA 36,6770.0,61.9081885,5.9887307,1.0,7.3,"3452,5452",low,52.0,2
4002,Nordfjord Hotell,SANDPLASSEN 1,6770.0,61.904174,5.99596,1.0,9.5,"3452,5452",med,85.0,2
902,China Restaurant Eid,Almenningen 1,6770.0,61.9059684,5.9911431,1.0,7.0,"3452,5452",low,67.0,2
3567,Kontorpunkt,GATE 1 85,6700.0,61.93704,5.11502,1.0,9.5,4451,high,30.0,2
6011,Joker Utvik,Fv725,6797.0,61.8068792,6.519064,1.0,14.9,"1551,4551",high,102.0,2
1057,Innvik As,MORSKOGEN 32,6793.0,61.8496326,6.6171088,1.0,10.4,4551,low,44.0,2
2700,Innvik Fjordhotell,Gamleveien 21,6793.0,61.8500514,6.6111973,1.0,7.8,4551,low,55.0,2
7672,Nærbutikken Rovde,Åsevika 3,6141.0,62.17896679981807,5.755113457379757,1.0,18.3,"2352,4351",high,100.0,2
13314,Thon Hotel Måløy 635102,Gate 1 17,6718.0,61.9343,5.114,1.0,5.6,5451,low,37.0,2
3658,Mix Selje,HOVEVEGEN 127,6740.0,62.044206,5.34394,1.0,12.0,5351,low,71.0,2
1063,Felleskjøpet Nordfjordeid 4560,ULDEGROVA 11,6770.0,61.9100266,6.0051163,1.0,16.1,5452,low,15.0,2
2963,Kiwi 922 Nordfjordeid,Nordfjordvegen 4517,6770.0,61.9099355,5.9954311,1.0,23.4,"1451,2451,3452,4451,5452",high,296.0,2
1097,Minibakeriet,EIDSGATA 42,6770.0,61.9085166,5.9881269,1.0,10.7,3452,low,47.0,2
7070,Totlands Bokhandel,EIDSGATA 37,6770.0,61.90831717299831,5.9880354131817315,1.0,10.1,3452,low,48.0,2
3096,Bunnpris Eid,Sjøgata 21,6770.0,61.908742,5.985056,1.0,17.4,"1451,3452,5452",high,198.0,2
5904,Sjøkanten Cafe,SJØGATA 21,6770.0,61.9083128,5.9840613,1.0,16.3,3452,high,63.0,2
1056,Magnifikk,SJØGATA 101,6770.0,61.9115702,5.9803009,1.0,8.2,"3452,5452",low,45.0,2
3438,Mardini Spiseri,Sjøgata 98,6770.0,61.91232,5.98253,1.0,10.0,3452,med,44.0,2
4205,Joker Åheim,St. Jetmund-vegen 9,6146.0,62.036511,5.5298,1.0,22.4,"1351,2351,5351",high,152.0,2
13088,STAD HOTELL,Leikanger 56,6750.0,62.1198767573708,5.32017594230022,1.0,8.6,0,med,63.0,2
7645,VIK BILVERKSTED,SYVDEFJORDSVEGEN 542,6140.0,62.09113586328502,5.743072034933607,1.0,8.6,0,med,32.0,2
7635,A. M. Vik As,SYVDEFJORDSVEGEN 504,6140.0,62.08831103259765,5.737689557374026,1.0,4.5,2352,low,24.0,2
7634,HOFSETH KANTINE SYVDE,Syvdefjordvegen 432,6140.0,62.08686774371293,5.725784257631221,1.0,8.6,0,med,46.0,2
13251,Solsikka Barnehage,Nedre Grøthaugen 7,6143.0,62.10219491390758,5.5613416436133045,1.0,3.5,1351,low,44.0,2
880,Spar Fiskåbygd,Combisenteret,6143.0,62.1004082,5.5579294,1.0,20.2,"1351,2352,4351,5351",high,196.0,2
7435,Vanylven Omsorgsenter 50401,Reitebakkvegen 21,6143.0,62.09867186931294,5.5593612909568195,1.0,5.2,4351,med,54.0,2
907,Fiskå Brygge Gjestgiveri,REITEBAKKVEGEN 15,,62.0974713,5.5578608,1.0,8.9,4351,low,49.0,2
3148,Joker Åram,HAKALLESTRANDA 443,6149.0,62.1738267,5.4411348,1.0,10.7,"1351,4351",high,102.0,2
2672,BRIKSDALSBRE FJELLSTOVE AS,OLDEDALSVEGEN 2211,6792.0,61.663044108796704,6.822434344138922,1.0,8.6,0,med,50.0,2
2684,Sunde Kiosken,Sætrengården Naustgranda 20,6788.0,61.84178,6.81139,1.0,9.0,4551,low,27.0,2
2670,OLDEN FJORDHOTEL,SOLSTRANDVEGEN 1,6788.0,61.84824740705758,6.814655555766273,1.0,8.6,0,med,48.0,2
2497,HJELLE HOTEL AS,Hjellevegen 240,6798.0,61.91463237450412,7.113482671115958,1.0,8.6,0,med,35.0,2
unverified
1025,3846 DEVOLD KANTINE KAFE,Geilneset 16,6030,62.44043,6.18746,0,0,0,0,101
8401,FAGERLIA VGS KANTINE,Gangstøvikvegen 27,6009,62.474352262571806,6.228213757635945,0,0,0,0,73
3558,JAFS KOKKEN ROLL,Strandgata 77,6060,62.37074706321588,6.03007632878972,0,0,0,0,73
8342,BORGUND VGS KANTINE,Yrkesskolevegen 20,6011,62.46826492211624,6.372519826934939,0,0,0,0,65
13088,STAD HOTELL,Leikanger 56,6750,62.119876757370804,5.32017594230022,0,0,0,0,63
2485,BLÅTIND HOTEL,EKRELIA 28,6250,62.335818897013354,7.095824411594722,0,0,0,0,63
9234,FJELLSTUA 418 AS,FJELLTUNVEGEN 250,6007,62.47436851108478,6.164448581152627,0,0,0,0,59
7582,5410 VISNES HOTEL STRYN AS,Prestestegen 1,6783,61.89810202110455,6.708280630647102,0,0,0,0,56
2626,RAUS,Ullavikvegen 3,6230,62.39670638672231,6.581631847462442,0,0,0,0,54
5853,SABRY SUSHI,ÅRØYVEGEN 2,6240,62.482226966262594,6.817146749172954,0,0,0,0,50
2672,BRIKSDALSBRE FJELLSTOVE AS,OLDEDALSVEGEN 2211,6792,61.663044108796704,6.822434344138922,0,0,0,0,50
8958,TERMINALEN,Keiser Wilhelms gate 6,6003,62.47029463843643, 6.153320571118784,0,0,0,0,49
3880,MØRE FOLKEHØGSKULE,Kyrkjegata 48,6150,62.202699805008706,6.1215648765740704,0,0,0,0,48
2670,OLDEN FJORDHOTEL,SOLSTRANDVEGEN 1,6788,61.84824740705758,6.814655555766273,0,0,0,0,48
9246,HOFSETH PROCESSING,FJORDGATA 52,6005,62.471773772947145,6.132582189186648,0,0,0,0,47
7634,HOFSETH KANTINE SYVDE,Syvdefjordvegen 432,6140,62.08686774371293,5.725784257631221,0,0,0,0,46
7929,SKODJE OMSORGS. KJØKKEN 2024,Ådalsbakken 6,6260,62.50723905846997,6.681534899929074,0,0,0,0,46
3318,2057 HOTEL LOENFJORD,Fjordvegen 1047,6789,61.870894536645494,6.84667285763831,0,0,0,0,46
7807,HARAM OMSORGSSENTER 1 ETG 2024,Bernt Hildre Vegen 4,6270,62.59929493123683,6.445773213444775,0,0,0,0,45
2565,SUNNMØRSBADET FOSNAVÅG,LISJEBØVEIEN  10 B,6091,62.333663054082706,5.641792471124931,0,0,0,0,45
7583,EPIC DIGERNES,DIGERNESET NÆRINGSPARK,6260,62.49359978772283,6.608344728802013,0,0,0,,45
7367,4008 VALLDAL FJORDHOTELL,GRANDEGATA 30,6210,62.29708621752564,7.258041469689919,0,0,0,0,45
9196,MARITIME PARTNER AS,Breivika Industriveg 65,6018,62.474426208648865,6.358713626901371,0,0,0,0,44
6020,SJØHOLT FOLKEHØGSKOLE,BÅRDSGJERDEVEGEN 18,6240,62.48477379138498,6.844742128793741,0,0,0,0,43
7364,GISKE BARNEHAGE,Bedehusvegen 5,6052,62.504988670204455,6.049190271133918,0,0,0,0,42
3565,BOGNE BRESERI AS,Kvithaugsmyra 6,6092,62.32639389141841,5.634694844145073,0,0,0,0,42
8298,SPJELKAVIK VGS ELEVKANTINE,Nedre Langhaugen 32,6011,62.46098216177125,6.375482028805799,0,0,0,0,41
4096,ANITAS KANTINE,Kyrkjevegen 6,6230,62.3937145408296, 6.589241263703206,0,0,0,0,40
5195,RAFTEVOLDS HOTEL,Sanden 27,6763,61.96764993665425, 6.524541699973519,0,0,0,0,40
1925,GJERMUNDNES VIDAREGÅANDE SKULE,Gjermundnesvegen 200,6392,62.623169333891745, 7.165421728793504,0,0,0,0,39
8576,JOHNNY KIOSK SKATEFLUA,Skateflutkaia 4,6002,62.474569437370754, 6.155305801816951,0,0,0,0,38
7924,PRESTEMARKA BARNEHAGE,NEDRESKODJEVEGEN 12,6260,62.5033343836807, 6.6843399557868395,0,0,0,0,37
9233,BORGUND PIZZA,BRUSDALSVEGEN 72,6011,62.468192835515104, 6.370390499977539,0,0,0,0,37
7918,MIDTBYEN BARNEHAGE,Losgata 2,6003,62.473852279173364, 6.159282252079405,0,0,0,0,37
8183,ØRSTA VGS REST.&MATFAG,Anders Hovden-gata 4,6150,62.196114556767554, 6.128579712924875,0,0,0,0,36
13247,ISS 471135 HARAM VGS KANTINE,Skuleråsa 10,6270,62.595121232470525, 6.440373169232559,0,0,0,0,36
645,JUVET LANDSKAPSHOTELL,Alstad 24,6210,62.332574041106774, 7.470781403801987,0,0,0,0,36
2212,VOLDA VIDAREGÅANDE SKULE/KANTI,Vevendelvegen 35,6102,62.15021589398488, 6.07234117112777,0,0,0,0,36
7515,VESTBORG VIDAREGÅANDE SKULE,Hevsdalsvegen 11,6200,62.30846566264748, 6.9199359864587695,0,0,0,0,36
13202,ÅLESUND VGS VOLSDALSBERGA,Sjømannsvegen 47,6008,62.4687228668603, 6.185036473167539,0,0,0,0,35
7932,FREMMERHOLEN BARNEHAGE 2024,Holmyrvegen 48,6011,62.46605333949273, 6.378763586454273,0,0,0,0,35
2497,HJELLE HOTEL AS,Hjellevegen 240,6798,61.91463237450412, 7.113482671115958,0,0,0,0,35
2567,HERØY VGS KANTINE,LISJEBØVEGEN 4,6091,62.334836550815716, 5.6381660729426,0,0,0,0,35
314,STRANDA VIDAREGÅANDE SKULE,HEVSDALSVEGEN 52,6200,62.305982520666966, 6.913908699961466,0,0,0,0,34
7645,VIK BILVERKSTED,SYVDEFJORDSVEGEN 542,6140,62.09113586328502, 5.743072034933607,0,0,0,0,32
1190,HAVILA CASTOR,Skansekaia 2,6002,62.475555662874754, 6.152056057641381,0,0,0,0,31
6344,Kysten Rundt Bryggja,ALV AALEN EFTF. AS,6720.0,61.845,5.487,1.0,11.8,5451,demand:high | usikker,36
7521,BJØRN HOLTE,,,,,,,,finner ikke,35
7648,ISS 422536 VIK SKORGEURA,,,,,,,,,31
1850,HOGATUNET BU OG BEHANDLINGSS.,,,,,,,,,31
2829,JORDBÆRSTOVA,URIKAMBEN 55,,,,,,,lev_addr:VALLDALSVEGEN 476,30
8203,AKSLA IL,RUUDVEGEN 48/49,,,,,,,lev_addr:RUUDVEGEN 48/49,30
8030,PERS CAFE,SJØATUNET,,,,,,,lev_addr:SJØATUNET,30
7908,KOLVIKBAKKEN U.SKOLE KANTINE,REGNSKAP OG FINANS,,,,,,,lev_addr:BORGUNDVEGEN 242,29
1183,HAVILA POLLUX,POSTBOKS 215,,,,,,,"lev_addr:SKANSEKAIA 2, HURTIGRUTETERM.",29
1188,HAVILA CAPELLA,POSTBOKS 215,,,,,,,"lev_addr:SKANSEKAIA, HURTIGRUTETERM.",29
8185,SYKKYLVEN VGS,,,,,,,,,28
7616,MAMMA MIA,STORE-NØRVE 9A,,,,,,,lev_addr:STORFARVEGEN 69,28
8483,ORRENESET MISJONSSENTER,P.B.25,,,,,,,lev_addr:POSTBOKS 25,28
13315,STRYN VGS KANTINE,,,,,,,,,27
13329,YX KNUTEPUNKTET,,,,,,,,,27
1843,STØDT,IVAR AASEN GATE 18,,,,,,,lev_addr:IVAR AASEN GATE 18,25
4089,B GATEGRILL,,,,,,,,,25
7888,NARCI CAFE OG PIZZERIA,EIDSGATA 45,,,,,,,lev_addr:EIDSGATA 45,25
6083,DIS KAFFEBAR,POSTBOKS 106,,,,,,,lev_addr:SKULEVEGEN 11B,24
7508,VESTVANG BOKHANDEL,,,,,,,,,24
8029,COLOR LINE KIOSKDRIFT,SJØMANNSVEIEN 14,,,,,,,lev_addr:SJØMANNSVEIEN 14,24
2696,BØLGEN BAR & RESTAURANT,,,,,,,,,24
8299,BELLA MI,,,,,,,,,23
1377,Factory Grodås,YTREHORNSVEGEN 35,6698.0,62.064,6.343,1.0,10.6,3452,demand:low | usikker,23
779,SKJELTOLE,DALEVEGEN 9,,,,,,,lev_addr:SYNNALANDSVEGEN 2,23
6642,KOKARSTEINEN,,,,,,,,,23
8941,FACILITEC FARSTAD SHIPPING,,,,,,,,,23
6872,SYLTEBØEN BARNEHAGE,,,,,,,,,23
2571,HERØY VGS UNDERVISNINGSKJØKKEN,FAKTURAMOTTAK FYLKESHUSET,,,,,,,lev_addr:LISJEBØVEGEN 4,22
8173,KRUA THAI TAKEAWAY,STAVNESVEGEN 66,,,,,,,lev_addr:MOA NORD,22
9290,DEVIES,,,,,,,,,22
1184,HAVILA POLARIS,POSTBOKS 215,,,,,,,"lev_addr:SKANSEKAIA 2, HURTIGRUTETERM.",22
5979,KAFE SJØATUNET,FJORDVEGEN 4091,,,,,,,lev_addr:FJORDVEGEN 4091,22
5089,TROLLBU AABREKK GARD,,,,,,,,,22
13153,AMORE ÅLESUND,,,,,,,,,22
8352,BRUSDALSHEIMEN,BRUSDALSVEGEN 670,,,,,,,lev_addr:BRUSDALSVEGEN 670,22
6654,STORDAL AUTO,,,,,,,,lev_addr:STORDALSVEGEN 531,21
8320,"BILTEMA  AVD 218, ÅLESUND",INDUSTRIVEGEN 17 C,,,,,,,lev_addr:SMIBAKKEN 2,21
3607,SKJÆRBUDA RESTAURANT,,,,,,,,,21
5084,MELKEVOLL BRETUN CAMPING,,,,,,,,,21
8399,ANDREAS FAUSA EFTF.,POSTBOKS 38,,,,,,,,21
5073,RUNDE MILJØSENTER,RUNDEVEGEN 237,,,,,,,lev_addr:RUNDEVEGEN 237,21
571,BAKEHUSET AVD NORDFJORDEID,MALAKOFF 1,,,,,,,lev_addr:MALAKOFF 1,20
2985,KJELDSUND,KJELLSUNDVEGEN 111,,,,,,,lev_addr:KJELDSUNDVEGEN 111,20
1982,ÅLESUND GOLFKLUBB,POSTBOKS 8182,,,,,,,lev_addr:SOLNØR GÅRD,20
13245,TOMMELITEN BARNEHAGE SA,,,,,,,,,20
3439,AISHA SPISERI,,,,,,,,,20
9165,CCD DRIKKE ARB.PLASS ÅLESUND,POSTBOKS 463,,,,,,,lev_addr:VEGSUND,20
13092,OPPSTRYN URTEMANUFAKTUR,STRYNEVEGEN 2832,,,,,,,lev_addr:URDENE 9,20
7912,ØRSKOG SKULE SFO 2024,REGNSKAP OG FINANS,,,,,,,lev_addr:RYSSEBØVEGEN 2,20
8594,MF ROVDEHORN CATERING 100004,POSTBOKS 354,,,,,,,lev_addr:MAGERHOLM FERGEKAI,19
8410,KOIWA SUSHI,FURMYRHATLEN 11,,,,,,,lev_addr:BLINDHEIMSHAUGEN 9,19
5854,KRÅEN GARD AS,HALLEBYGDA 253,,,,,,,lev_addr:HALLEBYGDA 253,19
8302,BULDREHALLEN,LERSTADVEGEN 506 B,,,,,,,lev_addr:LERSTADVEGEN 506 B,19
6822,ULLAVIK BARNEHAGE,KYRKJEVEGEN 62,,,,,,,lev_addr:ULLAVIKLIA 23,19
9150,RUSTA RETAIL AVD 360 ÅLESUND,MOAVEGEN 1,,,,,,,lev_addr:AMFI MOA NORD,18
6591,FACILITEC RENHOLD NMK,INDUSTRIVEIEN 8B,,,,,,,lev_addr:BORGUNDVEGEN 340,18
7864,VOLDA TURISTHOTELL AS,POSTBOKS 197,,,,,,,lev_addr:SKJERVAVEGEN 11,18
7064,FRU INGA,BORGUNDVÅGVEGEN 50,,,,,,,lev_addr:BORGUNDVÅGVEGEN 50,18
8581,MF HORNELEN CATERING 100004,POSTBOKS 354,,,,,,,lev_addr:MÅLØY FERGEKAI,18
9050,STIFTINGA VITI AVD SM CAFÈ,MUSEUMSVEGEN 12,,,,,,,"lev_addr:MUSEUMSVEIEN 12, BORGUNDGAVLEN",17
2217,GUDBRANDSJUVET CAFE,,,,,,,,,16
9262,BRISK KARRIERE AS,,,,,,,,,16
8582,MF SELJE CATERING 100004,POSTBOKS 354,,,,,,,lev_addr:STÅRHEIM FERGEKAI,16
5102,CHINA HOUSE,POSTBOKS 357,,,,,,,lev_addr:SJØGATA 45,16
8258,AALESUND PROTECTIVE WEAR AS,NØRVEVIKA 62,,,,,,,lev_addr:NØRVEVIKA 62,16
7350,VALLDAL FJORD LODGE,,,,,,,,,15
13069,RESTAURANT 34,,,,,,,,,15
8131,HUSAFJELLHEIMEN REF.3600SYSTO,FAKTURAMOTTAK DFØ,,,,,,,lev_addr:HUSAFJELLET 6,15
9130,VIDESETER HOTELL,,,,,,,,,15
7938,YSTENESET BOLIGER,REGNSKAP OG FINANS,,,,,,,lev_addr:YSTENESGATA  43,15
9164,RUSTA AVD 387 VOLDA,FURENE 20,,,,,,,lev_addr:FURENE 20,15
6376,SYKKYLVEN UNGDOMSSKULE,FAKTURAMOTTAK RÅDHUSET,,,,,,,lev_addr:KYRKJEVEGEN 3,15
7914,RATVIKÅSEN BARNEHAGE,REGNSKAP OG FINANS,,,,,,,lev_addr:HATLASKARET 19,15
2633,PIZZA VIVA NAPOLI HELLESYLT,,,,,,,,,15
9186,KVIKK AMFI MOA,,,,,,,,,14
9194,BARNAS HAGE LARSGÅRDEN,POSTBOKS 5011,,,,,,,lev_addr:NØRVEGJERDET 7,14
8692,LAMELLA,KIPERVIKGATA 32,,,,,,,lev_addr:KEISER WILHELMS GATE 76,14
9280,BRØDRENE DAHL,BEIVIKA INDUSTRIVEG 33,,,,,,,lev_addr:BEIVIKA INDUSTRIVEG 33,14
2494,SALG & UTLEIE BUDA ØCAL,,,,,,,,,14
9288,T2,,,,,,,,,14
2826,STIFT JOST.BREEN NASJ.P.SENTER,,,,,,,,,14
6659,ROKKEN STUDENTHUSET,POSTBOKS 278,,,,,,,lev_addr:INDUSTRIGATA 12,14
8334,BILTEMA ULSTEINVIK AVD.296,INDUSTRIVEGEN 17,,,,,,,lev_addr:BRENDEHAUGEN 3,14
3323,ALNES BRYGGE,ALNESVEIEN 68,,,,,,,lev_addr:ALNESVEIEN 68,13
8061,MF FINNØY,POSTBOKS 839 SENTRUM,,,,,,,lev_addr:VOLDA FERGEKAI,13
6595,FACILITEC RENHOLD PIR,INDUSTRIVEIEN 8B,,,,,,,lev_addr:KEISER WILHELMGATE 22,13
2220,METIZPORT MYRVAG,DRAGSUNDVEGEN 11F,,,,,,,lev_addr:DRAGSUNDVEGEN 11F,13
8125,DALANE BARNEHAGE,,,,,,,,,13
6374,SYLTE HOTELL,,,,,,,,,12
7903,KOLVIKBAKKEN U.SKOLE MAT/HELSE,REGNSKAP OG FINANS,,,,,,,lev_addr:BORGUNDVEGEN 242,12
2599,HJØRUNDFJORD CAMPING,,,,,,,,,11
8474,FUNKY FROZEN YOGURT AMFI MOA,LANGELANDSVEGEN 25,,,,,,,lev_addr:NYBYGG AMFI SYD,11
8327,BILTEMA NORDFJORDEID,INDUSTRIVEIEN 17C,,,,,,,lev_addr:SJØGATA 21,11
7930,BLINDHEIM BOKOLLEKTIV 2024,,,,,,,,,11
6730,SUNNYLVEN OMSORGSENTER,STRANDA KOMMUNE,,,,,,,,11
9166,KVOTEBRUS ÅLESUND,POSTBOKS 463,,,,,,,lev_addr:VEGSUND,11
9277,NORDAMP ÅLESUND,SANDVIKSBODENE 3A,,,,,,,lev_addr:STORGATA 23,11
8860,SCANDIC PARKEN AVD RESTAURANT,POSTBOKS 545,,,,,,,lev_addr:STORGATA 16,11
6765,STRYNSVATN CAMPING,,,,,,,,,11
5074,OLDEN CAMPING GYTRI,,,,,,,,,11
2812,NYNORSK KULTURSENTRUM,INDREHOVDEVEIEN 176,,,,,,,lev_addr:INDREHOVDEVEIEN 176,11
1134,HAKALLEGARDEN,HAKALLESTRANDA,,,,,,,lev_addr:HAKALLESTRANDA,11
272,VOLSDALEN CAMPING,POSTBOKS 143,,,,,,,lev_addr:SJØMANNSVEIEN,11
9243,PATOGEN,RASMUS RØNNEBERGS GATE 21,,,,,,,lev_addr:RASMUS RØNNEBERGS GATE 21,10
3340,FRUENES,HALKJELSGATA 20,,,,,,,lev_addr:HALKJELSGATA 20,10
3437,O.P LØDØENS,SANDEN 18,,,,,,,lev_addr:SANDEN 18,10
410,AURSNES HOTELL,,,,,,,,lev_addr:ØRSNESET,10
8597,MF KVERNES 100004,POSTBOKS 354,,,,,,,lev_addr:SÆBØ FERGEKAI,10
9249,TAI SHAN RESTAURANT,HATLASKARET 1,,,,,,,lev_addr:HATLASKARET 1,10
8734,MF GEIRANGER 100004,POSTBOKS 354,,,,,,,,10
764,BRATTVÅG BAKERI OG KONDITORI,BRATTVÅGGATA 63,,,,,,,lev_addr:BRATTVÅGGATA 63,10
5072,OLDEVATN CAMPING,,,,,,,,,10
788,SKURET PORSELEN OG DESIGN,STRANDGATA 64,,,,,,,lev_addr:HAMNEVEGEN 7,10
13326,NYGÅRD CAMPING,,,,,,,,,10
9179,ÅLESUND STORSENTER,RASMUS RØNNEBERGSGATE 21,,,,,,,lev_addr:LASTERAMPE 5 ETG V/ SPAR,10
6592,FACILITEC RENH.KONGS. BRATTVÅG,INDUSTRIVEIEN 8B,,,,,,,lev_addr:ÅRSUNDVEGEN 24,9
3060,CHRISTINEBORG GJESTEHUS AS,,,,,,,,,9
7273,KHAYA BARISTA BAR,,,,,,,,,9
3322,MAE KANYA,OTTAVIKVEGEN 29,,,,,,,lev_addr:BJØRNDALSVEGEN 13,9
7586,ÅLESUND PADEL,BERNMARKA 3,,,,,,,lev_addr:ØSTRE GANGSTØVIKA 24,9
7488,NORBRUK VARD BÅT,,,,,,,,,9
8409,STIFTINGA VITI KUNSTMUSEET,MUSEUMSVEGEN 12,,,,,,,lev_addr:APOTERGT. 16,9
1178,HAVILA HOTELS KANTINE,,,,,,,,,9
7619,SEAGEMS NORWAY,SEAGEMS NORWAY,,,,,,,lev_addr:BJØRGE INDUSTRIVEG 41,9
7012,TAFJORD BÅTHAVN OG BISTRO AS,,,,,,,,,9
8133,VELLE BARNESKULE,,,,,,,,,9
3297,YX LARSNES,,,,,,,,,9
6646,STORFJORD ISKREM,SANDVIKGATA 30,,,,,,,lev_addr:TOLLBUGATA 3,8
6786,HORNDØLA CAMPING,,,,,,,,,8
3207,LEIRVIKS AGENTURER,MÅNANESVEGEN 267,,,,,,,lev_addr:MÅNANESVEGEN 267,8
6821,SYKKYLVEN KINO,FAKTURAMOTTAK RÅDHUSET,,,,,,,"lev_addr:KYRKJEVEGEN 2,KULTURHUSET",8
9296,HARBOUR GIFTSHOP ÅLESUND,NØRVEGJERDET 12,,,,,,,lev_addr:LORKENESGATA 1,8
2615,FJORD GUIDING AS,HANTVEIT 257,,,,,,,lev_addr:HELLESYLTVEGEN 64,8
8801,2743 62 NORD,SKANSEKAIA,,,,,,,lev_addr:APOTEKERGATA 9A,8
9065,SIT SUNDEBYGGET STUDENTHUS,POSTBOKS 2460 SLUPPEN,,,,,,,lev_addr:FOGD GREVES VEG 7,7
2151,STRYN VERTSHUS AVD KIOSK,,,,,,,,,7
9276,HEMIT ÅLESUND,ABELS GATE 9,,,,,,,lev_addr:LANGELANDSVEGEN 1,7
9114,SCAN ASIAN SHOP MOA,LANGELANDSVEIEN 25,,,,,,,lev_addr:LANGELANDSVEIEN 25,7
1976,ÅHJEMSBUA,NABBEN,,,,,,,lev_addr:NABBEN,7
7020,SPAR SØVIK REKVISITA,,,,,,,,,7
8793,MF DRYNA 100004,POSTBOKS 354,,,,,,,,7
9010,"NORSK SCANIA AS,AVD.6470 ÅLE",POSTBOKS 143 SKØYEN,,,,,,,lev_addr:DIGERNES VEST,7
7363,GISKE KOMMUNE KANTINA RÅDHUSET,RÅDHUSET V/ØKON.SEKSJONEN,,,,,,,lev_addr:RÅDHUSET,7
1146,ELVEBAKKEN CAMPING,,,,,,,,,7
6770,BENTO YUME SUSHI,,,,,,,,,7
7328,ULSTEIN KOMMUNE TEK.UTESEKSJ.,SJØGATA 63,,,,,,,"lev_addr:STOREHØLVEGEN 7, REF 520100",6
9326,AKADEMIET VGS MØRE ANSATTE,POSTBOKS 943,,,,,,,lev_addr:PARKGATA 11A,6
8264,M SUPPLY 1 ÅLESUND,,,,,,,,,6
6856,SYKKYLVEN BARNE & FAM.TENESTE,FAKTURAMOTTAK RÅDHUSET,,,,,,,"lev_addr:HAUGNESET 20, UNDERETG.",6
8231,KOZMOS/GODTELAND,GRIMMERGATA 1,,,,,,,lev_addr:GRIMMERGATA 1,6
3861,MH SERVICE,MH SERVICE AS,,,,,,,lev_addr:YTRE KULEN 41,6
8643,LANGEVÅG I.L. HÅNDBALL,,,,,,,,lev_addr:REMANE 78,6
6715,VESTLANDSKE BURGERKOMPANI,HOLEVEGEN 25,,,,,,,lev_addr:TONNINGSGATA 18,6
5183,POWER STRYN,PERHUSVEGEN 25,,,,,,,lev_addr:PERHUSVEGEN 25,6
8892,BRØDR REMØ AS,C/O AZETS INSIGHT AS,,,,,,,,6
7327,ULSTEIN KOMM.RÅDHUSET 110100,REF 110100 ULSTEIN KOMMUNE,,,,,,,"lev_addr:SJØGAGATA 63, REF 110100",6
5191,OLE RINGDAL AS,,,,,,,,,6
2060,GOKSØYR CAMPING,GOKSØYRVEGEN 51,,,,,,,lev_addr:GOKSØYRVEGEN 51,5
2066,GRANDE CAMPING OPPSTRYN,GRANDE,,,,,,,,5
9259,PULS NORGE AVD ÅLESUND,POSTBOKS 32,,,,,,,"lev_addr:TVERRVEIEN 30, BLINDHEIM",5
1910,HOTEL GEIRANGER,,,,,,,,lev_addr:GEIRANGERVEGEN 22,5
7322,HASUNDGOT IL,GJERDSBAKKVEGEN 41,,,,,,,lev_addr:GJERDSBAKKVEGEN 41,5
5852,STOLT MAT,SJØHOLTVEGEN 11,,,,,,,lev_addr:SJØHOLTVEGEN 11,5
6773,STRYNEFJELLET SOMMERSKI,,,,,,,,,5
6597,HYGGE,ØDEGÅRDSVEGEN 28,,,,,,,lev_addr:STORGATA 10,5
1053,CAFE GOBETEN,,,,,,,,,5
13316,MÅLØY VGS RESTAURANT OG MATFAG,,,,,,,,,5
579,BJØRGS MAT AVD MÅLØY,,,,,,,,,5
2697,IKORNNES BÅTFORENING,,,,,,,,,5
1023,3846 DEVOLD FABR.UTS. DYRKORN,,,,,,,,,5
5065,TJUGEN CAMPING,,,,,,,,,5
1834,FOLVEN CAMPING,,,,,,,,,5
8007,KEBAB 1,BORGUNDVEGEN 731,,,,,,,lev_addr:BORGUNDVEGEN 731,5
9014,PINSEKIRKA FILADELFIA ÅLESUND,POSTBOKS 7673 SPJELKAVIK,,,,,,,lev_addr:VINDGÅRDSVEGEN 1,4
1423,FLYING TIGER COPENH. MOA,LANGELANDSVEIEN 25,,,,,,,lev_addr:LANGELANDSVEIEN 25,4
5064,RUSTØY OVERNATTING,,,,,,,,,4
3970,FJORD KOMMUNE RÅDH. VALLDAL,,,,,,,,,4
9167,KVOTEBRUS STRAND ØYSTEIN,POSTBOKS 463,,,,,,,,4
9316,KING'S CORNER,,,,,,,,,4
8172,ØRSTA KULTURHUS OG  KINO,,,,,,,,,4
9327,EXPRESS PIZZARIA OG GRILL,APOTEKERGATA 8,,,,,,,lev_addr:APOTEKERGATA 8,4
6024,ØRSKOG BILSENTER,,,,,,,,,4
8326,EKORNES AS,FAKTURAMOTTAK,,,,,,,lev_addr:BRUNHOLMGT. 8,4
8262,M SUPPLY3 ÅLESUND,POSTBOKS 7699 SPJELKAVIK,,,,,,,lev_addr:TVERRVEGEN 32 C,4
6440,KOMMUNEHUSET STORDAL,,,,,,,,,4
8905,SK ROLLON,HUSAFJELLET 9,,,,,,,lev_addr:ROLLONHUSET LARSGÅRDEN,4
5182,PORSGRUND OUTLET,,,,,,,,,4
1862,KRØNSJI,IVAR AASEN GATE 4,,,,,,,lev_addr:IVAR AASEN GATE 4,3
6763,HYDLAPARKEN,,,,,,,,,3
580,BLAKSTAD GARD,,,,,,,,,3
2394,NOR F. VARD BR.VÅG BÅT,,,,,,,,,3
3671,PERA RESTAURANT,,,,,,,,,3
8263,M SUPPLY4 ÅLESUND,POSTBOKS 7699 SPJELKAVIK,,,,,,,lev_addr:TVERRVEGEN 32 C,3
3642,POPPEN KIOSK,,,,,,,,,3
1039,THONG THAI,MOLDVÆRSMYRA 36,,,,,,,lev_addr:DJUPEDALEN,3
9274,ABLE CARWASH,ELIAS SMITHS VEI 24,,,,,,,lev_addr:NØRVEGATA 23,3
6747,KAFE STRYN VINTERSKI,,,,,,,,,3
1028,3846 DEVOLD RETAIL HELLESYLT,,,,,,,,,3
8137,ØRSTA RÅDHUS KANTINE,,,,,,,,,3
8261,M SUPPLY2  ÅLESUND,POSTBOKS 7699 SPJELKAVIK,,,,,,,lev_addr:TVERRVEGEN 32 C,3
7636,BRYGGEN KRO,,,,,,,,,3
8267,M SUPPLY 6 ÅLESUND,,,,,,,,,3
13049,ALBATROSS TOMREFJORD PRØVETUR,,,,,,,,,3
5086,YRI OUTDOOR,,,,,,,,,3
7319,ÅLESUND ASIA SHOP,KIRKEGATA 2,,,,,,,lev_addr:KIRKEGATA 2,2
11083,HATLØY CATERING AS,POSTBOKS 90,,,,,,,,2
6594,FACILITEC RENHOLD HJØRUNGAVÅG,INDUSTRIVEIEN 8B,,,,,,,lev_addr:HJØRUNGAVÅGVEIEN 137,2
9197,ROCK GIFT SHOP,,,,,,,,,2
6080,SYKKYLVEN KYRKJELEGE FELLESRÅD,,,,,,,,,2
8378,SVERRE EIDSVIK,,,,,,,,,2
6652,GLOBAL VEKST,,,,,,,,,2
8004,A.WESTRE,,,,,,,,,2
6536,TUSENFRYD BARNEHAGE,TEGANE 24,,,,,,,lev_addr:TEGANE 24,2
6727,BK KANTINE KAFFI,,,,,,,,,2
9190,STEINOVNEN BAR OG PIZZERIA,,,,,,,,,2
3449,SALONG LONGVA FLEM,LONGVAFJORDVEGEN 409,,,,,,,lev_addr:LONGVAFJORDVEGEN 409,2
9175,T&T SUSHI,,,,,,,,,2
9231,ÅLESUND SUSHI,,,,,,,,,2
7017,TAFJORD CAMPING,,,,,,,,,2
8127,VELLE BARNESKULE KAFFEKONTO,,,,,,,,,2
8599,MF VOLDA CATERING 100004,,,,,,,,,2
13317,POP UP NORGE,,,,,,,,,2
11040,HESSACUP,,,,,,,,,2
8786,MF HJØRUNDFJORD 100004,POSTBOKS 354,,,,,,,lev_addr:HJØRUNGAVÅGVEGEN 137,2
8486,SPK HERD,POSTBOKS 7631,,,,,,,lev_addr:POSTBOKS 7631,2
4211,SYKK.KOMM. OPEN STORHALL,,,,,,,,,2
1421,FLYING TIGER COPENH. ÅLESUND,,,,,,,,,2
5850,321 SELJETUNET OMS OG REHAB,,,,,,,,,1
1249,BONDALSELVA CAMPING,,,,,,,,,1
7889,CATS BRYGGEN,KAIVEGEN 1,,,,,,,lev_addr:KAIVEGEN 1,1
8025,YONG HONG RESTAURANT,HOLMSILDGATA 16,,,,,,,lev_addr:SENTRUMSGÅRDEN,1
3895,P.G.FRANTZEN EIENDOM KANTINE,,,,,,,,,1
8132,BAKK,,,,,,,,,1
12006,HIG INTERNKJØP SL EGEN FAKTURA,,,,,,,,,1
1068,SUNDEHJØRNET,POSTBOKS 123,,,,,,,lev_addr:EIDSGATA 2A,1
2825,JEMTEGÅRD,,,,,,,,,1
9006,SKARBØVIK TANKANLEGG AS,STEINVÅGNESET,,,,,,,lev_addr:STEINVÅGNESET,1
772,BRATTVÅG BARNEHAGE,FJELLBU 2,,,,,,,lev_addr:FJELLBU 2,1
6027,ØRSKOG KINO,,,,,,,,,1
8232,MOMENTIUM EVENT,,,,,,,,,1
1964,EMOBILITY AS,,,,,,,,,1
2701,IKORNNES FUS BARNEHAGE,,,,,,,,,1
7567,GODTESJUK,,,,,,,,,1
9314,VIDDALS GARTNERI,BRUSDALSVEGEN 304,,,,,,,lev_addr:BRUSDALSVEGEN 304,1
1043,ERLING BJØRLO,,,,,,,,,1
13058,MØLLA GJESTEHUS,,,,,,,,,1
2051,GRANDE FJORDHOTELL OG HYTTER,C/O AZETZ INSIGHT AS,,,,,,,lev_addr:ØRNEVEGEN 200,1
5083,PETRINES GJESTGIVERI,,,,,,,,,1
9204,AAFK FORTUNA,,,,,,,,,1
1926,GEIRANGER GRILL,,,,,,,,,1
3992,NESJARTUN CAMPING,,,,,,,,,1
9328,SCAN ASIAN SHOP KREMMERGÅRDEN,,,,,,,,,1
2361,HADDAL I.L.,,,,,,,,,1
7901,ÅLESUND KOMMUNE KONSERNINNKJØP,,,,,,,,,1
3201,LANDSCAPE KAFE,,,,,,,,,1
9303,JACU DRIFT,,,,,,,,,1
1062,HARBOUR GIFT SHOP EID,,,,,,,,,1
6085,SJØBAKKEN FJORD CAMPING,,,,,,,,,1
598,BARIUS & KAKTUS,POSTBOKS 57,,,,,,,lev_addr:ULLAVEGEN 61 A,1
7342,GUDBRANDSJUVET CAMPING,,,,,,,,,1
13076,FRAMOVER BIT FOR BIT,,,,,,,,,1
3329,DALSFJORDEN FOTBALLKLUBB,,,,,,,,,1
1906,GEIRANGER CAMPING,,,,,,,,,1
8280,ÅLESUND FOTBALL AS,SJØMANNSVEIEN 14,,,,,,,"lev_addr:INNGANG 3, 4ETG, TLF.45200166",1
7284,NÆRBUTIKKEN VELLEDALEN,,,,,,,,nedlagt,98
9251,6210 SJØBUA,,,,,,,,nedlagt,72
5901,Rem-servering,Klubbenvegen 39,6065.0,62.3231,5.83758,1.0,5.4,"1701,3701",demand:high | verified (litt usikker),49
1060,NERLANDSØYBRU PROSJEKT 21010,,,,,,,,nedlagt,40
3539,KHALIFA GATEKJØKKEN,BAKKEGATA 14,,,,,,,lev_addr:BJØRNDALSVEGEN 3B V/BM KONTOR finner ikke,40