customer_id,customer_name,address,postal_code,latitude,longitude,vehicle_type,service_time_min,tour_id,demand_class,frekvens,tw_bracket
211,Marutham Hjørungavåg,HJØRUNGAVÅGVEGEN 2,6063.0,62.3477678,6.0643051,1.0,7.6,4701,high,59.0,2
213,1996 Hotel Alexandra,Lodalsvegen 22,6789.0,61.8733073,6.8476827,1.0,7.4,"2551,5551",med,97.0,2
314,STRANDA VIDAREGÅANDE SKULE,HEVSDALSVEGEN 52,6200.0,62.305982520666966,6.913908699961466,1.0,8.6,0,med,34.0,2
333,Elmir Pizzeria,Vågsgata 17,6090.0,62.3415117,5.6369561,1.0,8.3,4251,low,20.0,2
355,Kiwi 827 Ørsta,Håkonsgata 16,6153.0,62.2030441,6.1456416,1.0,26.6,"1502,2501,3501,4501,5501",high,303.0,2
361,Asko Mat,Håkonsgata 16,6153.0,62.46,6.35,1.0,4.9,3501,low,50.0,2
376,Yusuf,Nedregårdsvegen 9,6020.0,62.4644802,6.3658054,1.0,4.7,4103,low,19.0,1
435,Aursnes Kiosk,Sykkylvsvegen 1,6230.0,62.4102234,6.5497224,1.0,9.9,4602,high,66.0,2
500,Storfjord Kulturhus,Øyna 1,6200.0,62.3084285,6.947832,1.0,6.0,4601,low,12.0,2
554,Joker Bellingen,Øyragata 40,,62.2098407,6.477552,1.0,14.5,"1501,4501",high,101.0,2
575,Bjørgs Mat As,Nedrevegen 106,6710.0,61.9827748,5.1376746,1.0,19.7,2451,high,62.0,2
582,Bakeriet Kaffebar,Myrane 13,6718.0,61.9218289,5.1563359,1.0,11.6,3451,med,67.0,2
615,5311 Sagafjord Hotel,Øyragata 8,6165.0,62.2073827,6.4796746,1.0,8.2,4501,low,45.0,2
643,Joker Hjelledalen,Strynevegen 2806,6798.0,61.9190449,7.1715462,1.0,16.4,"3551,5551",high,110.0,2
645,JUVET LANDSKAPSHOTELL,Alstad 24,6210.0,62.332574041106774,7.470781403801987,1.0,8.6,0,med,36.0,2
774,O.l. Brekke Kafe Catering,PERHUSVEGEN 9,6770.0,61.9028447,6.7222931,1.0,7.0,3551,low,52.0,2
785,Brattvåg Bowling As,Brattvåggata 15,6270.0,62.5998184,6.4459517,1.0,9.4,"2151,5151",low,92.0,2
793,Brattvåg Fjordhotell,STRANDGATA 48,6270.0,62.5968924,6.4478983,1.0,7.8,"2151,5151",med,95.0,2
796,Joker Fiksdal,Nakkedalsvegen 2,6394.0,62.619325,6.8544077,1.0,18.2,"1651,4651",high,102.0,2
880,Spar Fiskåbygd,Combisenteret,6143.0,62.1004082,5.5579294,1.0,20.2,"1351,2352,4351,5351",high,196.0,2
890,Centrumskiosken,SJØGATA 13,6065.0,62.3416116,5.852814,1.0,12.3,4701,high,53.0,2
899,Iss 422542 Nordea Ålesund,Notenesgata 2,6002.0,62.4714696,6.1536135,1.0,6.5,"2051,4051",low,75.0,1
902,China Restaurant Eid,Almenningen 1,6770.0,61.9059684,5.9911431,1.0,7.0,"3452,5452",low,67.0,2
907,Fiskå Brygge Gjestgiveri,REITEBAKKVEGEN 15,,62.0974713,5.5578608,1.0,8.9,4351,low,49.0,2
1025,3846 DEVOLD KANTINE KAFE,Geilneset 16,6030.0,62.44043,6.18746,1.0,8.6,0,med,101.0,2
1041,Flammen 6770,EIDSGATA 36,6770.0,61.9081885,5.9887307,1.0,7.3,"3452,5452",low,52.0,2
1047,Christian Gaard Bygdetun As,RYNNINGEN 102,6183.0,62.2537014,6.5032889,1.0,8.7,4501,med,23.0,2
1048,Didriks Kafe & Gaver,EIDSGATA 38,6770.0,61.9082915,5.9882234,1.0,7.2,3452,low,61.0,2
1056,Magnifikk,SJØGATA 101,6770.0,61.9115702,5.9803009,1.0,8.2,"3452,5452",low,45.0,2
1057,Innvik As,MORSKOGEN 32,6793.0,61.8496326,6.6171088,1.0,10.4,4551,low,44.0,2
1063,Felleskjøpet Nordfjordeid 4560,ULDEGROVA 11,6770.0,61.9100266,6.0051163,1.0,16.1,5452,low,15.0,2
1064,Kauto Bar Og Restaurant,KONGENS GATE 11,6002.0,62.4735516,6.1564804,1.0,5.2,"2054,5052",low,5.0,1
1069,Fergekaia Langevåg,DJUPDALEN 10,6030.0,62.4406249,6.1932365,1.0,20.0,5401,high,43.0,1
1070,Fole Festlig Drift,Geilneset 16,6030.0,62.4390436,6.1854688,1.0,20.0,"2401,5401",med,43.0,1
1090,Spar Langevåg,Fyllingvegen 9,6030.0,62.4421478,6.1903413,1.0,13.1,"1401,2403,3401,4402,5401",high,300.0,1
1097,Minibakeriet,EIDSGATA 42,6770.0,61.9085166,5.9881269,1.0,10.7,3452,low,47.0,2
1126,Joker Loen,LODALSVEGEN 9,6789.0,61.8718144,6.8480974,1.0,14.3,"1551,2551,4551,5551",high,202.0,2
1151,Napoli-pizzeria Ulst.vik,SJØGATA 61,6065.0,62.3438527,5.8460289,1.0,11.9,"2701,4701",low,62.0,2
1159,Havfruen Måløy,SJØGATA 18,6700.0,61.9341751,5.1135564,1.0,14.3,"3451,5451",med,101.0,2
1171,Havila Service Resepsjon,MJØLSTADNESVEGEN 24,6092.0,62.3219448,5.672553,1.0,7.4,4251,low,36.0,2
1172,Havila Service Kantine,MJØLSTADNESVEGEN 24,6092.0,62.3219448,5.672553,1.0,5.1,4251,low,34.0,2
1173,Fergekaia Fosnavåg,MYKLEBUSTVEGEN 83,6092.0,62.326434,5.6364476,1.0,13.5,4251,high,46.0,2
1177,Jafs Fosnavåg,HOLMEFJORDVEGEN 6,6090.0,62.3426234,5.6321588,1.0,7.7,4251,high,77.0,2
1179,Horisont Restaurant As,MJØLSTADNESVEGEN 22,6092.0,62.322083,5.671008,1.0,7.1,4251,low,28.0,2
1189,Mmc First Process Kantine,MJØLSTADNESVEGEN 21,6092.0,62.3229173,5.6762447,1.0,9.3,1251,med,46.0,2
1190,HAVILA CASTOR,Skansekaia 2,6002.0,62.475555662874754,6.152056057641381,1.0,8.6,0,med,31.0,2
1372,Factory Ikornnes,INDUSTRIVEGEN 1,6222.0,62.3857933,6.5574374,1.0,13.9,"1601,4602",high,85.0,2
1574,Fjellstova Ørskog Kh As,SVARTLØKVEGEN,6240.0,62.520486,6.915697,1.0,7.7,"2651,5651",med,85.0,2
1615,Fjordane Folkehøgskule,SKULEVEGEN 32,6770.0,61.912645,5.995667,1.0,10.0,"3452,5452",low,55.0,2
1631,Fjordly Ungdomssenter,HOLMEVEGEN 28,6711.0,61.929447,5.388833,1.0,6.7,3451,low,12.0,2
1640,Volda Omsorgssenter 410401,BARSTADMARKA 2,6102.0,62.150112,6.062844,1.0,10.2,"2501,4502",high,99.0,2
1641,Voldabadet,JOPLASSVEGEN 1A,6103.0,62.146964,6.08304,1.0,5.6,3501,low,14.0,2
1642,Kiosk Volda Ungdomsklubb,STORGATA 14,6100.0,62.147106,6.066908,1.0,6.9,4502,low,10.0,2
1646,Brygga Sportsbar,SJØGATA 30,6065.0,62.34237,5.846723,1.0,11.8,4701,low,49.0,2
1689,St1 Vegsund 9377,BLINDHEIMSBREIVIKA 160,6020.0,62.443732,6.367167,1.0,5.9,"1052,4052",med,86.0,1
1696,St1 Ørskog 9415,SJØKANTEN 2,6240.0,62.482459,6.812361,1.0,7.1,"3651,5651",med,88.0,2
1697,St1 Vestnes 9289,BRUGATA 2,6390.0,62.623089,7.09026,1.0,8.4,"1651,3651",med,95.0,2
1698,St1 Ørsta 9163,ANDERS HOVDENGT 1,6153.0,62.196243,6.128004,1.0,7.2,"1502,4502",med,84.0,2
1699,St1 Ulsteinvik 9109,SJØGATA 81,6065.0,62.344673,5.839305,1.0,8.1,"3701,5701",med,97.0,2
1715,Joker Vikane,VIKAVEGEN 22,6040.0,62.558128,6.0969425,1.0,14.6,"1751,3751,5751",high,154.0,2
1821,Føniks Kaffihus,VIKEGATA 36,6150.0,62.201385,6.122407,1.0,7.7,2501,low,55.0,2
1824,Tik Cafe & Restaurant,VIKEGATA 11,6150.0,62.2001329,6.1267231,1.0,8.5,"2501,5501",low,100.0,2
1835,Hf Nordfjord Sjukehus,Sjukehusvegen 14,6770.0,61.915739,5.977668,1.0,8.8,"3452,5452",low,101.0,2
1838,Volda Sjukehus Hf Avd 9033,Kløvertungvegen 1,6103.0,62.149541,6.092297,1.0,7.6,"2501,4502",low,91.0,2
1842,Fru Svendsen Kafe,KYRKJEGATA 25,6002.0,62.201082,6.124354,1.0,16.0,2501,low,23.0,2
1845,Spar Fosnavåg,Myklebustvegen 42,6092.0,62.328847,5.634835,1.0,20.0,"1252,3251,4252,5702",high,257.0,2
1847,Det Lille Napoli Ørsta,ANDERS AARSÆTER-GATE 2,,62.201742,6.121598,1.0,6.3,"2503,4503",low,63.0,2
1863,Bygg 1 Produkter Kantine,INDUSTRIVEGEN 32,6008.0,62.47,6.2,1.0,5.3,5501,low,9.0,2
1890,Joker Tomrefjord,Fjordvegen 445,6393.0,62.582343,6.93098,1.0,16.6,"1651,3651,4651",high,151.0,2
1911,Geiranger Omsorgssenter,Maråkvegen 36,6216.0,62.099853,7.205,1.0,20.0,2302,med,43.0,2
1925,GJERMUNDNES VIDAREGÅANDE SKULE,Gjermundnesvegen 200,6392.0,62.623169333891745,7.165421728793504,1.0,8.6,0,med,39.0,2
1968,Olebuda,MARÅKVEIEN 28,6216.0,62.10016,7.2060184,1.0,7.6,4302,med,2.0,2
2161,Stryn Kaffebar Og Vertshus,TONNINGSGATA 19,6783.0,61.9045,6.7242,1.0,11.7,"3551,5551",med,107.0,2
2170,Spar Hornindal,Sanden 26,6763.0,61.9677067,6.5253155,1.0,22.8,"1551,3452,5452",high,153.0,2
2212,VOLDA VIDAREGÅANDE SKULE/KANTI,Vevendelvegen 35,6102.0,62.15021589398488,6.07234117112777,1.0,8.6,0,med,36.0,2
2218,Joker Gursken,Gurskevegen 6,6082.0,62.216106,5.649571,1.0,9.8,"1351,2352,4351,5701",high,199.0,2
2221,Renex Avd Myklebust,TVERRVEGEN 30B,6020.0,62.43833,6.37417,1.0,4.3,"2352,4351",med,94.0,2
2371,Millennium Kafe,STRANDGATA 91,6060.0,62.37183,6.02925,1.0,7.2,"2701,5701",low,94.0,2
2373,Posten Restaurant Og Bar,KJØPMANNSGATA 28,6060.0,62.37033,6.02724,1.0,9.4,"1702,3702",high,86.0,2
2388,Hareid Pizza Og Pub,STRANDGATA 117,6060.0,62.37361,6.03022,1.0,7.2,4702,med,48.0,2
2392,Hareid Kommune Felleskjøkken,Teigevegen 55,6060.0,62.37327,6.02403,1.0,8.6,4701,high,53.0,2
2393,Nor F. Vard Brattvåg,Strandgata 74,6270.0,62.59061,6.446,1.0,15.5,"3151,5151",low,126.0,2
2485,BLÅTIND HOTEL,EKRELIA 28,6250.0,62.335818897013354,7.095824411594722,1.0,8.6,0,med,63.0,2
2497,HJELLE HOTEL AS,Hjellevegen 240,6798.0,61.91463237450412,7.113482671115958,1.0,8.6,0,med,35.0,2
2547,Herøy Omsorgssenter 324000,Sjukeheimsvegen 5 A,6092.0,62.3256584,5.64285,1.0,10.5,4251,high,58.0,2
2565,SUNNMØRSBADET FOSNAVÅG,LISJEBØVEIEN  10 B,6091.0,62.333663054082706,5.641792471124931,1.0,8.6,0,med,45.0,2
2567,HERØY VGS KANTINE,LISJEBØVEGEN 4,6091.0,62.33483655081571,5.6381660729426,1.0,8.6,0,med,35.0,2
2617,Hellesylt Boutique Og Bar,GATA 29,6218.0,62.08486,6.868,1.0,16.8,3601,low,8.0,2
2618,Hornindal Skisenter,Holebakkane 206,6763.0,62.007827,6.561826,1.0,6.8,5452,low,9.0,2
2620,Hjørundfjordheimen,Øyragata 20,6165.0,62.2081519,6.47653,1.0,7.6,4501,med,52.0,2
2626,RAUS,Ullavikvegen 3,6230.0,62.39670638672231,6.581631847462442,1.0,8.6,0,med,54.0,2
2634,Raus Restaurant,Ullavikvegen 3,6230.0,62.39664,6.5815,1.0,20.0,4602,med,43.0,2
2646,4274 Hoven Restaurant,GONDOLEN 1,6789.0,61.87501,6.83945,1.0,5.3,"2551,5551",low,84.0,2
2670,OLDEN FJORDHOTEL,SOLSTRANDVEGEN 1,6788.0,61.84824740705758,6.814655555766273,1.0,8.6,0,med,48.0,2
2672,BRIKSDALSBRE FJELLSTOVE AS,OLDEDALSVEGEN 2211,6792.0,61.663044108796704,6.822434344138922,1.0,8.6,0,med,50.0,2
2684,Sunde Kiosken,Sætrengården Naustgranda 20,6788.0,61.84178,6.81139,1.0,9.0,4551,low,27.0,2
2695,Bølgen Bar & Restaurant Ny,INDUSTRIVEGEN 7,6222.0,62.38939,6.55394,1.0,20.0,2601,low,43.0,2
2700,Innvik Fjordhotell,Gamleveien 21,6793.0,61.8500514,6.6111973,1.0,7.8,4551,low,55.0,2
2819,Isehaug Kafeteria,Perhusvegen 20,6783.0,61.9041735,6.72275,1.0,10.7,"3551,5551",med,137.0,2
2908,Kiwi 908 Klokkersund,NEDRE KLOKKERSUNDVEGEN 2,6015.0,62.466608,6.246044,1.0,24.9,"1053,2108,3103,4105,5752",high,296.0,1
2914,Kiwi 903 Måløy,Amstkaia 8,6700.0,61.9332879,5.11266,1.0,27.2,"1451,2451,4451,5451",high,200.0,2
2920,Kiwi 905 Eggesbønes,Eggesbøvegen 4,6092.0,62.32582,5.63805,1.0,25.3,"1252,3251,4252,5702",high,259.0,2
2927,Kiwi 906 Deknepollen,Nordfjordvegen 9248,6704.0,61.9230879,5.1502,1.0,30.2,"1451,2451,3451,4451,5451",high,250.0,2
2928,Kiwi 914 Ulsteinvik,Saunesvegen 2,6065.0,62.3402676,5.854927,1.0,44.0,"1702,2702,3702,4702,5702",high,303.0,2
2930,Kiwi 921 Vestnes,Sjøgata 2,6390.0,62.6235306,7.0902534,1.0,30.3,"1651,2651,3651,4651,5651",high,252.0,2
2931,Kiwi 901 Nørve,NØRVEGATA 23,6008.0,62.4715115,6.2065205,1.0,25.4,"1103,2056,3056,4102,5752",high,302.0,1
2932,Kiwi 902 Spjelkavik,SPJELKAVIKVEGEN 42,6010.0,62.463529,6.364485,1.0,32.2,"1054,2105,3105,4103,5402",high,301.0,1
2935,Kiwi 844 Sykkylven,Storgata 10,6230.0,62.3913141,6.5816796,1.0,26.5,"1601,2602,3601,4602,5601",high,302.0,2
2936,Kiwi 843 Volda,Vikebygdvegen 2A,6100.0,62.1467135,6.0889177,1.0,26.0,"1503,2503,3502,4503,5502",high,309.0,2
2937,Kiwi 925 Meieribygget Ørsta,Ivar Aasen-gata 7,6150.0,62.1991,6.12729,1.0,20.0,"1502,2501,3501,4502,5501",high,43.0,2
2939,Kiwi 909 Flisnes,FLISNESVEGEN 1,6012.0,62.4319749,6.4127797,1.0,29.4,"1107,2106,3103,4104,5402",high,296.0,1
2940,Kiwi 923 Hatlane,SMEDGARDEN 1,6016.0,62.4604828,6.2686763,1.0,20.9,"1104,2053,3108,4108,5752",high,302.0,1
2942,Kiwi 910 Kverve,Kverve Senter,6057.0,62.49102,6.1913,1.0,18.3,"1751,2751,3057,4751,5751",high,302.0,1
2943,Bunnpris Nørve,Nørvegata 1,6008.0,62.4708204,6.20156,1.0,12.8,"1101,3053,4051",high,155.0,1
2946,Kiwi 911 Fiskarstrand,Risevegen 1,6035.0,62.4402429,6.2730816,1.0,17.6,"1401,2404,3401,4402,5401",high,302.0,1
2947,Kiwi 920 Breivika,LERSTADVEGEN 545,6018.0,62.471726,6.363353,1.0,27.6,"1053,2106,3104,4751,5752",high,307.0,1
2948,Kiwi 912 Stranda,Øyna 10,6200.0,62.307148,6.945131,1.0,20.9,"1601,2602,3601,4601,5601",high,298.0,2
2950,Kiwi 913 Stryn,Walhallavegen 2,6783.0,61.903006,6.71997,1.0,32.7,"1551,2551,3551,4551,5551",high,302.0,2
2953,Kiwi 915 Valderøy,Ytterland 1,6050.0,62.5068,6.10245,1.0,24.0,"1752,2751,3752,4751,5751",high,303.0,2
2955,Kiwi 916 Kremmergaarden,RASMUS RØNNEBERGS GATE 6,6002.0,62.4712466,6.1538577,1.0,33.3,"1101,2057,3055,4055,5104",high,258.0,1
2956,Kiwi 919 Nedre Strandgate,NEDRE STRANDGATE 51,6005.0,62.470082,6.140048,1.0,20.2,"1101,2057,3055,4055,5104",high,257.0,1
2957,Kiwi 917 Myrvåg,Dragsundvegen 9,6080.0,62.277182,5.80352,1.0,31.3,"1251,2352,3701,4251,5701",high,296.0,2
2958,Kiwi 841 Skodje,Skodjevegen 424,6260.0,62.5033919,6.6966718,1.0,19.6,"1151,2151,3057,4651,5151",high,241.0,1
2959,Kiwi 918 Langevåg,Djupdalen 53,6030.0,62.4407026,6.1998007,1.0,23.5,"1401,2403,3401,4402,5402",high,307.0,1
2960,Cafe Nova,Sjøgata 100,6065.0,62.34395,5.846097,1.0,10.4,"2701,4701",low,52.0,2
2961,Kiwi 924 Vallekrysset,Glomsetvegen 8,6260.0,62.47913,6.66524,1.0,17.8,"1201,2651,3151,4302,5651",high,260.0,2
2963,Kiwi 922 Nordfjordeid,Nordfjordvegen 4517,6770.0,61.9099355,5.9954311,1.0,23.4,"1451,2451,3452,4451,5452",high,296.0,2
3054,Bunnpris Skansen,SKAREGATA 1,6002.0,62.474674,6.156916,1.0,12.8,"1052,2054,4054,5054",high,190.0,1
3066,Bunnpris Volda,HALKJELSGATE 4,6100.0,62.14507,6.066253,1.0,17.0,"1501,3502,5501",high,138.0,2
3070,Bunnpris Brattvåg,Strandgata 40,6282.0,62.596963,6.446316,1.0,12.3,"1151,2151,3151,5151",high,251.0,2
3071,Bunnpris Sjøholt,ÅRØYVEGEN 2,6249.0,62.482209,6.81757,1.0,22.5,"1651,2651,3651,4651,5651",high,234.0,2
3075,Bunnpris Vatne,Vatnevegen 15,6265.0,62.544919,6.593203,1.0,16.1,"1151,2151,3151,5151",high,251.0,2
3076,Bunnpris Spjelkavik,Bunnpris Spjelkavik,6010.0,62.462997,6.363048,1.0,15.5,"1054,2102,4103,5402",high,248.0,1
3077,Bunnpris Ulsteinvik,Saunesvegen 10,6065.0,62.3397174,5.855376,1.0,16.0,"1701,2701,3702,5701",high,250.0,2
3078,Bunnpris Torghallen,NEDRE STRANDGATE 9,6004.0,62.4703741,6.1502732,1.0,14.7,"1052,2104,3055,4054,5054",high,300.0,1
3079,Bunnpris Langevåg,Molværsvegen 41,6030.0,62.4376538,6.1879915,1.0,10.6,"1401,2403,4402,5402",high,252.0,1
3080,Bunnpris Valderøy,Øysenteret Pettervegen 2,6050.0,62.499107,6.130952,1.0,17.4,"1752,3752,5751",high,199.0,2
3081,Bunnpris Vedde,Veddevegen 163,6030.0,62.437824,6.234944,1.0,14.8,"1401,2404,3401,5401",high,252.0,1
3083,Bunnpris Ikornes,Sørestrandveien 691,6222.0,62.386,6.55457,1.0,22.9,"1601,2601,4602,5601",high,201.0,2
3086,Bunnpris Olden,Fjordveien 1667,6788.0,61.835325,6.8048951,1.0,21.9,"1551,2551,4551,5551",high,202.0,2
3087,Bunnpris Broa,BROGATA 1,6005.0,62.469771,6.125637,1.0,13.3,"1052,2054,4055",high,171.0,1
3089,Bunnpris Valldal,Grandegata 38,6210.0,62.297543,7.256927,1.0,30.0,"1201,3201,5201",high,162.0,2
3092,Bunnpris Stad,Leikanger 42,6751.0,62.11918,5.318464,1.0,26.9,"1351,2351,5351",high,152.0,2
3093,Bunnpris Ørsta,Vikeøyrane 4,6150.0,62.199592,6.123608,1.0,11.8,"1503,2503,3502,4503,5502",high,299.0,2
3095,Bunnpris Hareid,Strandgata 53,6060.0,62.368536,6.032497,1.0,16.9,"1702,3701,4701,5701",high,247.0,2
3096,Bunnpris Eid,Sjøgata 21,6770.0,61.908742,5.985056,1.0,17.4,"1451,3452,5452",high,198.0,2
3097,Bunnpris Stryn,ROGNHAUGEN 13,6783.0,61.90424,6.71934,1.0,14.4,"1551,3551,5551",high,154.0,2
3148,Joker Åram,HAKALLESTRANDA 443,6149.0,62.1738267,5.4411348,1.0,10.7,"1351,4351",high,102.0,2
3210,Joker Lepsøy,Lepsøyvegen 57,6292.0,62.61032,6.20503,1.0,16.7,2151,high,53.0,2
3289,Soi One,Rasmus Rønnebergs gate 4,6002.0,62.470954,6.153081,1.0,5.9,"2403,4402",low,81.0,1
3295,Lanternen As,Jensholmen 1,6070.0,62.31365,5.70745,1.0,7.5,4251,med,49.0,2
3318,2057 HOTEL LOENFJORD,Fjordvegen 1047,6789.0,61.870894536645494,6.84667285763831,1.0,8.6,0,med,46.0,2
3319,Alnes Fyr Og Opplevelsessenter,ALNESVEGEN 172,6065.0,62.4892605,5.96547,1.0,6.5,"3751,5751",low,87.0,2
3328,Jr Ulsteinvik As,Sjøgata 34,6065.0,62.34152,5.84891,1.0,8.1,3701,med,90.0,2
3338,Remmemsvik Kiosk & Gatekjøkken,Skulevegen 1,6390.0,62.61504,7.09332,1.0,5.9,"3651,5651",low,99.0,2
3339,Helsehuset Stella Maris,Brugata 6,6390.0,62.6215923,7.09056,1.0,5.2,3651,med,52.0,2
3425,Løseths O.a.j. Eftf. As,SJØVEGEN 129,6230.0,62.43039,6.78687,1.0,6.8,2601,low,52.0,2
3438,Mardini Spiseri,Sjøgata 98,6770.0,61.91232,5.98253,1.0,10.0,3452,med,44.0,2
3440,Longva Servicesenter,LONGVAFJORDVEGEN 521,6293.0,62.66401,6.27188,1.0,7.3,2151,low,34.0,2
3550,Joker Geiranger,Maråkvegen 49,6216.0,62.101089,7.205247,1.0,43.6,1302,low,5.0,2
3558,JAFS KOKKEN ROLL,Strandgata 77,6060.0,62.37074706321588,6.03007632878972,1.0,8.6,0,med,73.0,2
3565,BOGNE BRESERI AS,Kvithaugsmyra 6,6092.0,62.32639389141841,5.634694844145073,1.0,8.6,0,med,42.0,2
3567,Kontorpunkt,GATE 1 85,6700.0,61.93704,5.11502,1.0,9.5,4451,high,30.0,2
3615,Joker Godøy,Teppemyra 3,6055.0,62.4756673,6.0383892,1.0,18.6,"1751,3751,5751",high,153.0,2
3623,Måløy Spiskammers,Gate 1 77,6700.0,61.93328,5.11141,1.0,10.9,"3451,5451",med,93.0,2
3643,Mix Måløy Ny,SJØGATA 26,6700.0,61.93495,5.11439,1.0,14.6,3451,high,42.0,2
3658,Mix Selje,HOVEVEGEN 127,6740.0,62.044206,5.34394,1.0,12.0,5351,low,71.0,2
3735,Meny Fosnavåg,Tollåsbakken 2,6090.0,62.34287,5.6306574,1.0,23.6,"1252,3251,4252,5702",high,258.0,2
3756,Motorhuset,Brendahaugen 8,6065.0,62.336197,5.8773128,1.0,9.1,"2602,5601",med,101.0,2
3770,Muritunet As,GRANDEGATA 58,6210.0,62.29746,7.25305,1.0,9.1,"3201,5201",med,96.0,2
3865,Måløy Vg Skule,Nordfjordvegen 9009,6718.0,61.91874,5.17124,1.0,6.8,3451,med,42.0,2
3880,MØRE FOLKEHØGSKULE,Kyrkjegata 48,6150.0,62.202699805008706,6.1215648765740704,1.0,8.6,0,med,48.0,2
3891,Møre Trafo Kantine,NAUSTVEGEN 10,6230.0,62.40781,6.55616,1.0,6.8,"2601,4602",low,89.0,2
3903,Linja Dragsund Kant.306834-1,Industrivegen 6,6080.0,62.27698,5.80906,1.0,6.3,1251,low,44.0,2
3907,Linja Avd Høgvoll 10012-1000,Høgvollvegen 15,6018.0,62.47,6.35758,1.0,5.4,3101,low,46.0,1
3981,Nogva Motorfabrikk,HAMSUNDVEGEN 266,6280.0,62.55125,6.27682,1.0,14.5,1151,med,24.0,2
3984,Naustet Grill,HAVNEGATA 19,6100.0,62.144746,6.067831,1.0,11.2,3501,high,62.0,2
3999,Nordfjord Kjøtt As Kantine,LOVIKVEGEN 32,6789.0,61.86657,6.85676,1.0,6.3,4551,low,49.0,2
4002,Nordfjord Hotell,SANDPLASSEN 1,6770.0,61.904174,5.99596,1.0,9.5,"3452,5452",med,85.0,2
4044,Fole Festlig,KONGSHAUGSTRANDA 9,6037.0,62.43156,6.35635,1.0,5.2,"3102,5401",med,52.0,1
4047,Obs Bygg Digernes,Utvikbygda Digerneset,6260.0,62.493019,6.605869,1.0,5.7,3151,low,12.0,2
4070,Joker Larsnes,Larsnesvegen 67,6084.0,62.20638,5.5715076,1.0,16.9,"1351,2352,4351,5701",high,200.0,2
4096,ANITAS KANTINE,Kyrkjevegen 6,6230.0,62.3937145408296,6.589241263703206,1.0,8.6,0,med,40.0,2
4110,Eurospar Ørsta,Holmegata 6,6151.0,62.196948,6.128328,1.0,24.1,"1502,2503,3502,4503,5502",high,302.0,2
4205,Joker Åheim,St. Jetmund-vegen 9,6146.0,62.036511,5.5298,1.0,22.4,"1351,2351,5351",high,152.0,2
4220,Spar Ellingsøy,Røysethaugen 10,6057.0,62.504485,6.39643,1.0,16.3,"1751,2751,3057,5151",high,239.0,1
4225,Spar Åse,Øvre Geilegrend 1,6017.0,62.4643885,6.3172074,1.0,16.3,"1101,2053,3054,4102,5054",high,264.0,1
4235,Spar Raudeberg,Nedrevegen 102,6707.0,61.9817494,5.1359776,1.0,24.2,"1451,2451,4451,5451",high,201.0,2
4245,Spar Valldal,Syltegata 1,6210.0,62.29798,7.26419,1.0,30.1,"1201,3201,5201",high,161.0,2
5129,Osdals Catering,Prestegata 29,6100.0,62.14415,6.08199,1.0,10.5,2501,med,72.0,2
5181,Rekkedal Gjestegard,Bondalsvegen 396,6165.0,62.16892,6.35677,1.0,7.8,4501,low,40.0,2
5195,RAFTEVOLDS HOTEL,Sanden 27,6763.0,61.96764993665425,6.524541699973519,1.0,8.6,0,med,40.0,2
5263,Matstova Oppstryn,Strynevegen 1938,6799.0,61.9108111,7.0485729,1.0,12.6,3551,low,58.0,2
5264,Stryn Torg Matstova,Tonningsgata 4,6783.0,61.90334,6.7188,1.0,5.4,3551,low,51.0,2
5280,Joker Hellesylt,Hellesyltvegen 49,6218.0,62.08441,6.86958,1.0,19.0,"1601,3601,5601",high,148.0,2
5540,Spar Volda,Kårstadvegen 24,6103.0,62.14941,6.08458,1.0,14.5,"1501,2503,3502,5501",high,214.0,2
5550,Spar Hovdebygda,Tovmyrane 5,6160.0,62.1827871,6.0843433,1.0,15.4,"1501,3501,4502,5502",high,207.0,2
5841,Sandetun - Kantine,Tinghaugvegen 6,6084.0,62.20551,5.57617,1.0,2.3,2352,low,11.0,2
5851,Sandetun - Kjøkken,Tinghaugvegen 6,6084.0,62.20551,5.57617,1.0,7.4,2352,med,53.0,2
5853,SABRY SUSHI,ÅRØYVEGEN 2,6240.0,62.482226966262594,6.817146749172954,1.0,8.6,0,med,50.0,2
5887,Ssp Upper Crust A326 Aes,Ålesund lufthavn,6040.0,62.55831,6.11555,1.0,5.5,"3751,5751",low,120.0,2
5888,Ssp O'learys A327 Aes,Ålesund lufthavn,6040.0,62.55831,6.11555,1.0,5.8,"1751,3751,5751",low,129.0,2
5892,Ssp Aksla Int A331 Aes,Ålesund lufthavn,6040.0,62.55831,6.11555,1.0,6.1,"1751,5751",low,85.0,2
5894,Ssp Point Dom A328 Aes,Ålesund lufthavn,6040.0,62.55831,6.11555,1.0,7.2,"1751,3751,5751",med,142.0,2
5895,Ssp Prod.kjøkken Y018 Aes,Ålesund lufthavn,6040.0,62.55831,6.11555,1.0,6.2,"1751,3751,5751",low,115.0,2
5904,Sjøkanten Cafe,SJØGATA 21,6770.0,61.9083128,5.9840613,1.0,16.3,3452,high,63.0,2
6011,Joker Utvik,Fv725,6797.0,61.8068792,6.519064,1.0,14.9,"1551,4551",high,102.0,2
6017,Sjøholt Catering As,Sjøholtvegen 1,6249.0,62.48279,6.8109,1.0,8.1,3651,low,73.0,2
6020,SJØHOLT FOLKEHØGSKOLE,BÅRDSGJERDEVEGEN 18,6240.0,62.48477379138498,6.844742128793741,1.0,8.6,0,med,43.0,2
6028,Fergekaia Sjøholt,Årøyvegen 1,6240.0,62.48214,6.81593,1.0,20.0,2651,high,43.0,2
6084,Sol Cafè,Kyrkjevegen 34,6230.0,62.39202,6.58023,1.0,8.1,"2601,4602",low,53.0,2
6086,Nf Cowork As,SYKKYLVSVEGEN 125,6230.0,62.40397,6.57025,1.0,6.2,4602,low,19.0,2
6170,Joker Sæbø,Øyragata 38,6165.0,62.2093322,6.475321,1.0,10.4,"1501,4501",high,101.0,2
6320,Spar Tresfjord,Neremsvegen 6,6391.0,62.522493,7.128342,1.0,21.9,"1651,3651,5651",high,153.0,2
6340,Bunnpris Straumgjerde,Sykkylvsvegen 1038,6238.0,62.3333,6.59402,1.0,16.2,"1601,2601,4601,5601",high,201.0,2
6343,Bunnpris Bryggja,Nordfjordvegen 7747,6711.0,61.94095,5.455432,1.0,14.2,"1451,2451,3451,5451",high,248.0,2
6360,Eurospar Hareid,Kjøpmannsgata 13,6060.0,62.3718107,6.0279234,1.0,19.2,"1701,2701,3701,4701,5701",high,301.0,2
6433,Stabburet Sve Kantine St-soh,Morkevegen 101,6200.0,62.26992,6.87301,1.0,6.8,4601,med,43.0,2
6437,2752 Storfjord Hotel,Øvre glomset 110,6260.0,62.4695645,6.6247074,1.0,11.5,"2042,4042",med,99.0,1
6442,Nærbutikken Norddal,DALSSIDA 2,6214.0,62.25477,7.23439,1.0,7.6,"2302,4302",high,2.0,2
6456,Stranda Bakeri,SJØGATA 2,6200.0,62.308475,6.9484569,1.0,6.1,4601,low,36.0,2
6457,Strandafjellet Rest.drift As,HEVSDALSVEGEN 520,6200.0,62.29042,6.83993,1.0,13.1,"3601,5601",high,55.0,2
6460,Dreges Hotel,ALLMENINGEN 16,6200.0,62.30739,6.9471,1.0,8.2,"3601,5601",low,78.0,2
6538,Storfjord Gastropub,KYRKJEGATA 1,6200.0,62.3083019,6.9482056,1.0,7.4,5601,med,66.0,2
6544,Lille Siena,Almenningen 4,6200.0,62.30799,6.94884,1.0,20.0,3601,med,43.0,2
6545,Stranda Omsorgssenter,Nymarkvegen 34,6200.0,62.308372,6.929428,1.0,7.5,4601,med,52.0,2
6548,Stranda Omsorgss.avd Solbakken,Movegen 71,6200.0,62.31062,6.93408,1.0,9.2,4601,low,49.0,2
6593,Facilitec Renhold Ulsteinvik,Sjøgata 98,6065.0,62.3432,5.83369,1.0,4.5,2701,low,8.0,2
6599,Stranda Booking,STRANDVEGEN 17,6200.0,62.30605,6.94881,1.0,9.9,4601,low,22.0,2
6600,Spar Straumane,Spar Straumane,6065.0,62.3160888,5.84408243,1.0,18.7,"1701,2702,4702,5702",high,204.0,2
6644,Nilsgardstunet,Stordalsvegen 573,6250.0,62.38134,6.99045,1.0,5.9,"3201,5201",med,74.0,2
6645,Stryn Hotel As,VISNESVEGEN 1,6783.0,61.90118,6.71602,1.0,10.3,3551,low,71.0,2
6672,Burger King Digernes Avd 5065,Digernes næringsområde 4,6260.0,62.49105,6.60778,1.0,5.2,"1151,3151,5151",low,135.0,2
6700,Sunnmøre Folkehøgskule,VARLEITEVEGEN 7,6065.0,62.341521,5.89055869,1.0,8.9,5701,med,83.0,2
6712,Holmen Mat Og Drikke,HOLMEN 9,6100.0,62.14397,6.0712,1.0,10.4,"2501,4502",low,77.0,2
6714,Volda Campus Arena,Joplassvegen 1,6103.0,62.146854,6.0821856,1.0,3.7,3501,low,7.0,2
6717,Soi One Volda,VIKEBYGDVEGEN 2A,6103.0,62.14637,6.08964,1.0,10.0,"2503,4503",med,75.0,2
6731,Kantina Berte Kanutte Huset,Joplassvegen 11,6103.0,62.14791,6.08257,1.0,11.5,"1501,4502",high,86.0,2
6762,Felleskjøpet Stryn 4570,STRYNEVEGEN 57,6783.0,61.91042296,6.745943,1.0,3.8,3551,low,11.0,2
6764,Stryn Bensinstasjon Esso,Tonningsgata 2,6783.0,61.90294,6.71741,1.0,9.7,"3551,5551",high,101.0,2
6769,Smak Kafe & Catering,Tonningsgata 12,6783.0,61.90375,6.72028,1.0,7.5,"3551,5551",low,74.0,2
6780,Spar Svingen,RINGSTADVEIEN 67,6200.0,62.3115806,6.9180612,1.0,14.0,"1601,2602,3601,4601,5601",high,300.0,2
6782,Felleskjøpet Volda 7110,MORKAMYRA 21,6105.0,62.170339,6.0358847,1.0,8.6,5501,low,19.0,2
6788,Slice & Bite,MYRANE 8,6783.0,61.90502,6.72176,1.0,7.6,5551,med,1.0,2
6853,Sykkylven Bu Og Aktivitetssenter,Haugeneset 16,6230.0,62.39009,6.57343,1.0,7.7,"2601,4602",med,95.0,2
6859,Vikedalen Barnehage,Gråurvegen 2,6230.0,62.3782444,6.5899533,1.0,10.0,2601,low,43.0,2
6878,Sylteormen Bakeri,SYLTEGATA 2,6210.0,62.2981672,7.2632343,1.0,13.8,3201,low,36.0,2
7004,Alf Tafjord Landhandel,SJOAVEGEN 8,6213.0,62.23323863849318,7.417038516908912,1.0,12.8,5201,high,49.0,2
7010,Spar Søvik,Hamnsundvegen 242,6280.0,62.55002608867628,6.2785674595363865,1.0,16.3,"1151,2151,3151,5151",high,203.0,2
7018,Joker Vatne,Fv661,6265.0,62.56022221657683,6.617389699731481,1.0,13.6,"1151,3151,5151",high,158.0,2
7048,Tandoori Mix,HOLMEGATA 6C,6153.0,62.197115135900994,6.128502455527575,1.0,10.5,2501,high,28.0,2
7053,Thai Mix,VATNEVEGEN 11,6264.0,62.54458055550865,6.592646113221897,1.0,7.4,5151,med,40.0,2
7070,Totlands Bokhandel,EIDSGATA 37,6770.0,61.90831717299831,5.9880354131817315,1.0,10.1,3452,low,48.0,2
7088,Torget Mat,Gate 1 48,6700.0,61.9340477743003,5.112491828577736,1.0,7.2,3451,high,13.0,2
7255,0431 H Union Geiranger Mat,GEIRANGERVEGEN 100,6216.0,62.0969064350644,7.210824782504066,1.0,20.0,"1302,2302,4302",high,43.0,2
7261,0431 H.union Geiranger Bar 2,GEIRANGERVEGEN 100,6216.0,62.0969064350644,7.210824782504066,1.0,20.0,2302,low,43.0,2
7272,Ungdomsklubben Bell Uk 250200,SKOLLEBAKKEN 6,6065.0,62.342069919373664,5.853403055536703,1.0,5.7,1701,med,6.0,2
7276,Ulstein Vidaregåande Skule,HOLSEKERDALEN 180,6065.0,62.34045712897189,5.882952470881393,1.0,7.1,2701,low,67.0,2
7311,Ulstein Sjukeheim 304101,Sjukeheimsvegen 18,6065.0,62.33792559018024,5.8596842708812265,1.0,7.7,"2701,4701",med,99.0,2
7312,Ulstein Arena 252201,VIKEMYRA 2,6065.0,62.34365895585429,5.849333770881557,1.0,7.0,"2701,4701",med,77.0,2
7313,Ulstein Kommune Omsorgstenesta,Holskerdalen 20,6065.0,62.34135986386078,5.858084197864296,1.0,7.9,2701,low,52.0,2
7325,Snorrebuda,SJØGATA 62,6065.0,62.34372301551794,5.844201142045377,1.0,7.7,"1702,3702",high,34.0,2
7355,Valldal Sjukeheim,Olavsgate 34,6210.0,62.30041175787426,7.260354713392919,1.0,11.0,3201,med,58.0,2
7364,GISKE BARNEHAGE,Bedehusvegen 5,6052.0,62.504988670204455,6.049190271133918,1.0,8.6,0,med,42.0,2
7367,4008 VALLDAL FJORDHOTELL,GRANDEGATA 30,6210.0,62.29708621752564,7.258041469689919,1.0,8.6,0,med,45.0,2
7380,Valldal Bilsenter,Syltegata 5,6210.0,62.29850216289513,7.2642632478615665,1.0,8.1,3201,low,49.0,2
7381,Valaker Avd. Moa Syd,Moavegen 3,6018.0,62.4669725,6.3502766,1.0,8.1,2107,high,75.0,1
7382,Valaker Avd. Moa Nord,MOAVEIEN 1,6010.0,62.46527755364204,6.350792026708299,1.0,4.1,3102,low,46.0,1
7383,Valaker Blåhuset Ulsteinvik,VIKEMYRA 1,6065.0,62.34272073926918,5.848559570881519,1.0,10.3,2701,low,54.0,2
7384,Valaker Avd. Fosnavåg,Rådhusgata 12,6090.0,62.34199934057322,5.632840326700509,1.0,9.0,1251,low,51.0,2
7385,Valaker Avd. Rådhuset Ålesund,KEISER WILHELMSGT. 11,6003.0,62.47104679197941,6.153908672993267,1.0,6.4,4052,low,50.0,1
7387,Valaker Avd. Vestnes,Sjøgata 34,6390.0,62.62254155077484,7.093450782537264,1.0,7.0,3651,low,52.0,2
7388,Valaker Hovedkontor/konditori,Søvikvegen 31,6280.0,62.545866886837416,6.281651867187661,1.0,6.4,3151,low,14.0,2
7390,Eurospar Valderøy,Skaret 1,6050.0,62.50873478054889,6.128535867185325,1.0,22.6,"1752,2751,3752,5751",high,255.0,2
7392,Braud Ulsteinvik,SAUNESVEG 2-4,6065.0,62.34056616662475,5.855065499717559,1.0,7.6,2701,med,69.0,2
7394,Braud Moa,Langelandsvegen 25,6018.0,62.465082,6.35152,1.0,8.6,"2107,4101",low,76.0,1
7395,Braud Digernes,DIGERNES NÆRINGSPARK,6260.0,62.49357866808252,6.6080342402015155,1.0,9.0,4651,med,59.0,2
7396,Braud Valderøy,VALDERØYVEGEN 1166,6050.0,62.52922297399799,6.116784655548536,1.0,6.1,3751,med,55.0,2
7417,Verona Pizza,KYRKJEGATA 14A,6065.0,62.34455919224967,5.844596782519704,1.0,9.8,2701,high,52.0,2
7435,Vanylven Omsorgsenter 50401,Reitebakkvegen 21,6143.0,62.09867186931294,5.5593612909568195,1.0,5.2,4351,med,54.0,2
7445,Vartdal Helsetun 31096,VARTDALSSTRANDA 1225,6170.0,62.321946147869056,6.134432313207837,1.0,5.8,3501,low,52.0,2
7450,Spar Vartdal,Hamnevegen 3,6170.0,62.30123195547483,6.08305688251696,1.0,14.7,"1501,3502,4503,5502",high,241.0,2
7489,Norbruk Vard Søvika,SØVIKNESET 51,6280.0,62.548403034176104,6.274702915075471,1.0,10.8,"1151,3151,5151",med,128.0,2
7494,Subsea 7 Vigra Spoolbase,SØRESTRANDA 11,6040.0,62.54163917727739,6.118782742057899,1.0,11.4,"1751,3751,5751",high,148.0,2
7497,Joker Stadlandet,Fv633 11,6750.0,62.160701871843166,5.180441126689055,1.0,17.0,"2351,5351",high,102.0,2
7515,VESTBORG VIDAREGÅANDE SKULE,Hevsdalsvegen 11,6200.0,62.30846566264748,6.9199359864587695,1.0,8.6,0,med,36.0,2
7571,Skrøppatausene,HÅHJEM NÆRINGSOMRÅDE 43,6260.0,62.487849117037264,6.69289988438215,1.0,5.9,"2651,4651",med,82.0,2
7578,Vigra Servicenter,NØRESTRANDA 43,6040.0,62.53218750396892,6.122100240203975,1.0,11.2,3751,high,51.0,2
7579,Vigra Barnehage,BAKARVEGEN 4,6040.0,62.582552769085005,6.120322566146722,1.0,7.9,3751,low,14.0,2
7582,5410 VISNES HOTEL STRYN AS,Prestestegen 1,6783.0,61.89810202110455,6.708280630647102,1.0,8.6,0,med,56.0,2
7583,EPIC DIGERNES,DIGERNESET NÆRINGSPARK,6260.0,62.49359978772283,6.608344728802013,1.0,8.6,0,med,45.0,2
7585,Giske Omsorgssenter,Skomakarvegen 6050,6050.0,62.50051036969748,6.12429274020198,1.0,7.3,"1751,3751",low,96.0,2
7587,Mmc First Process Digernes,DIGERNES NÆRINGSOMRÅDE 21,6260.0,62.49431441089957,6.610326726710149,1.0,5.7,3151,med,50.0,2
7591,Pharma Marine,Terøy Industriområde 3,6280.0,62.5581807,6.264718,1.0,6.2,"2042,4042",low,52.0,1
7615,Havila Hotell Ivar Aasen,PARKVEGEN 9,6150.0,62.19848223273154,6.128937797855266,1.0,8.3,"2501,5501",med,97.0,2
7620,Nor F. Stokke Kantine,PARKGATA 6,6003.0,62.47252398961179,6.160399770889733,1.0,8.6,1051,low,57.0,1
7627,Sperre Industri Kantine,ELLINGSØYVEIEN 740,6057.0,62.49446178528838,6.314794782529193,1.0,6.9,5151,high,63.0,2
7634,HOFSETH KANTINE SYVDE,Syvdefjordvegen 432,6140.0,62.08686774371293,5.725784257631221,1.0,8.6,0,med,46.0,2
7635,A. M. Vik As,SYVDEFJORDSVEGEN 504,6140.0,62.08831103259765,5.737689557374026,1.0,4.5,2352,low,24.0,2
7642,Kiwi 830 Skjellebreida Volda,RØYSBAKKEN 3,6100.0,62.14566073195188,6.074217711343333,1.0,22.9,"1503,2503,3502,4503,5502",high,303.0,2
7645,VIK BILVERKSTED,SYVDEFJORDSVEGEN 542,6140.0,62.09113586328502,5.743072034933607,1.0,8.6,0,med,32.0,2
7646,Iss 460080 Statens Vegvesen,VESTRE OLSVIKVEI 13,6019.0,62.47338725305342,6.3621491402002235,1.0,5.4,3101,low,47.0,1
7672,Nærbutikken Rovde,Åsevika 3,6141.0,62.17896679981807,5.755113457379757,1.0,18.3,"2352,4351",high,100.0,2
7740,Eurospar Sykkylven,HAUGNESET 26,6230.0,62.39147562464948,6.57703545553984,1.0,12.9,"1601,2601,3601,4601,5601",high,299.0,2
7755,Joker Stordal,Rådyrvegen 4,6250.0,62.38233549471638,6.993128782522092,1.0,19.9,"1201,3201,5201",high,150.0,2
7765,Spar Ulsteinvik,ROGNAHAUGEN 1,6065.0,62.34250319341053,5.868374140191933,1.0,17.4,"1702,2702,3702,4702,5702",high,302.0,2
7806,Eidet Omsorgs. Kjøkken 2024,TROLLDALSSLETTA 12,6264.0,62.54403240414875,6.590363269040908,1.0,7.2,3151,med,58.0,2
7807,HARAM OMSORGSSENTER 1 ETG 2024,Bernt Hildre Vegen 4,6270.0,62.59929493123683,6.445773213444775,1.0,8.6,0,med,45.0,2
7808,Tennfjord Barnehage,Trolldalssletta 18,6264.0,62.544015410750696,6.5872786690408835,1.0,5.3,1151,low,33.0,2
7809,Søvik Barnehage 2024,Plassen 19,6280.0,62.54547793131512,6.277647915075293,1.0,5.4,2151,low,35.0,2
7810,Haramsøy Barnehage 2024,Barnehagevegen 66,6290.0,62.638125145316096,6.268133359262138,1.0,5.5,2151,low,25.0,2
7811,"Avd Vatne, Tennfjord Bhg",GJERDEBAKKEN 55,6265.0,62.55734986156316,6.624431773031065,1.0,9.9,3151,low,17.0,2
7812,Longva Barnehage,Øvstevegen 212,6293.0,62.66222840108155,6.288657880168483,1.0,7.6,2151,low,4.0,2
7857,Brør Mat Og Bryggeri,HALKJELSGATE 16,6100.0,62.14495494720656,6.068915253670895,1.0,5.6,2501,low,59.0,2
7872,Burger King Volda Avd.5087,Torvmyrvegen 4A,6100.0,62.14136990562683,6.089761015049769,1.0,6.0,"2501,4502",low,99.0,2
7904,Kafè Rematun,Olav Sundes Veg 2,6018.0,62.4673802,6.3564385,1.0,5.7,2107,low,87.0,1
7905,Sanitetshjemmet Bokollektiv,R.P. MORKSVEG 19,6016.0,62.459736897705206,6.259452455544152,1.0,7.3,3052,low,52.0,1
7906,Skarbøvik Sykehjem 2024,OLE THORESENS GATE 16,6006.0,62.46609,6.109488,1.0,4.6,"2103,4052",low,70.0,1
7909,Ørskog Sjukeheim 2024,SJØHOLTVEGEN 82,6240.0,62.48268028682473,6.8311348843817745,1.0,6.6,2651,med,53.0,2
7910,Spjelkavik Omsorgssenter 2024,OLAV SUNDES VEI 2,6018.0,62.46732854254997,6.355606170889371,1.0,5.8,3101,med,53.0,1
7911,Borgundheimen Dagsenter 240040,BORGUNDGAVLEN 52,6015.0,62.46536103179438,6.231785326708315,1.0,12.6,1042,low,29.0,1
7913,Stette Barnehage,BJØNNABERGET 7,6260.0,62.52411692689653,6.605342442056808,1.0,6.4,3057,low,36.0,1
7915,Skodje Barnehage 2024,STADIONVEIEN 19,6260.0,62.50390037228773,6.677179582529772,1.0,6.6,3057,low,28.0,1
7916,Lerstad Barnehage,Lerstad barnehage,,62.467773,6.3069108,1.0,5.8,2041,low,37.0,1
7917,Harøy Nye Barnehage 2024,Skulevegen 10,6296.0,62.771956070230786,6.461810613236316,1.0,8.8,2151,low,37.0,2
7918,MIDTBYEN BARNEHAGE,Losgata 2,6003.0,62.47385227917336,6.159282252079405,1.0,8.6,0,med,37.0,2
7919,Åse Helsehus 2024,Åsesvingen 16,6017.0,62.46449687442371,6.308532694165337,1.0,7.0,3053,med,52.0,1
7920,Hatlane Omsorssenter 20204,Bernmarka 6,6016.0,62.46139484112878,6.27624842670804,1.0,5.0,4101,med,50.0,1
7921,Kantine Ålesund Rådhus 2024,Rådhusplassen 1,6002.0,62.4723,6.1536,1.0,8.0,1051,low,61.0,1
7922,Aspøy Omsorgssenter 2024,JOHS. AARFLOTS GATE 4,6005.0,62.4708459,6.1312305,1.0,4.4,2103,med,53.0,1
7923,Blindheim Omsorgssenter 2024,Skarpetegvegen 18,6012.0,62.44261448394724,6.3781111420516465,1.0,5.6,3051,low,52.0,1
7924,PRESTEMARKA BARNEHAGE,NEDRESKODJEVEGEN 12,6260.0,62.5033343836807,6.6843399557868395,1.0,8.6,0,med,37.0,2
7925,Nørve Barnehage 2024,Bøgata 39,6008.0,62.47402918467673,6.225264815070781,1.0,5.5,3041,low,37.0,1
7926,Skarbøvik Barnehage,Skarbøvik barnehage,,62.4648029,6.111152,1.0,6.8,2041,low,42.0,1
7927,Klipra Kafe,Fjellgata 42,6003.0,62.471753222550674,6.175013363856277,1.0,6.2,3041,low,42.0,1
7928,Årøyhaugen Barnehage 2024,Årøyvegen 12,6240.0,62.481097605385955,6.817536753692153,1.0,5.5,2651,low,43.0,2
7929,SKODJE OMSORGS. KJØKKEN 2024,Ådalsbakken 6,6260.0,62.50723905846997,6.681534899929074,1.0,8.6,0,med,46.0,2
7931,Ellingsøy Barnehage 2024,Grønebelgvegen 1,6057.0,62.49344402748107,6.193040526710104,1.0,11.1,3041,med,41.0,1
7932,FREMMERHOLEN BARNEHAGE 2024,Holmyrvegen 48,6011.0,62.46605333949273,6.378763586454273,1.0,8.6,0,med,35.0,2
7933,Valle Barnehage 2024,Nedreskodjevegen 12,6260.0,62.50334456911595,6.684142069007586,1.0,4.4,3057,low,16.0,1
7934,Hatlahaugen Dagsenter 2024,Hatlahaugen 2,6016.0,62.45932374097523,6.265565470888902,1.0,5.5,3042,low,44.0,1
7935,Fagerlia Barnehage,Fagerlia barnehage,,62.4749043,6.2216744,1.0,6.7,2041,med,44.0,1
7936,Sandøytunet Hovudkjøkken 2024,Austrevegen 15,6296.0,62.780633767779285,6.470748711586672,1.0,5.9,2151,low,48.0,2
7937,Storhaugen Barnehage,Storhaugen barnehage,,62.4719208,6.1427615,1.0,6.2,2041,low,43.0,1
7939,Rabbevågen Barnehage,Vegsundvegen 62,6020.0,62.43481916537007,6.349723053689216,1.0,6.8,1042,med,36.0,1
7941,Øhd-åles.lokalmed.senter,Åsesvingen 16,6017.0,62.46448029345671,6.308690844154114,1.0,3.1,3053,low,29.0,1
7943,Kaos Kollektivet Ungdomshus,Vestmoa 6,6018.0,62.466477012648355,6.34778548438077,1.0,6.5,3042,low,26.0,1
8005,Vinni Bar Og Restaurant,Rasmus Rønnebergs gate 6,6002.0,62.4712466,6.1538577,1.0,6.9,"2051,5051",low,94.0,1
8017,Westres Bakeri Rystelandet,Industrivegen 12,6155.0,62.18976506237247,6.1031719307097,1.0,5.1,3501,med,34.0,2
8018,Mf Foldøy,Larsnes Ferjekai,6084.0,62.20695187322846,5.568863804600432,1.0,2.9,2352,low,16.0,2
8026,Westres Kond. Avd Volda,Hamnegata 25,6100.0,62.144606003684,6.068788814951868,1.0,5.7,2501,low,61.0,2
8027,Westres Kond. Avd Sunn Og God,Vikeøyrane 10,6150.0,62.19944313828452,6.1248829132000955,1.0,7.1,5501,low,81.0,2
8028,Westres Kond. Avd Ørsta Amfi,Vikeøyrane 4,6150.0,62.19954859196297,6.123982517055545,1.0,4.1,2501,low,65.0,2
8032,Nor F. Optimar,Valderøyvegen 1129,6050.0,62.52680947040246,6.122298040203606,1.0,8.4,"1751,3751",low,62.0,2
8034,Nor F. Nit Longva,Longvafjordvegen 379,6293.0,62.67580942294941,6.26009762672163,1.0,8.0,2151,low,45.0,2
8038,Nor F. Bertel.o Steen,Bythaugen 20,6260.0,62.4899145510942,6.597982023521143,1.0,8.4,3151,low,58.0,2
8045,Gyroshouse Ålesund,Kiperviktorget,6003.0,62.47135484052696,6.159550897872461,1.0,8.4,5054,med,56.0,1
8053,Welle Gravferdstjenester,Pilgata 3,6230.0,62.391887824034185,6.580932097867501,1.0,7.6,4602,low,4.0,2
8054,Ørsta Camping As,Osholane 2,6150.0,62.1894725425381,6.12040505367373,1.0,14.6,2501,high,74.0,2
8057,Nor F. Spareb. 1 Smn,St. Olavsplass 1,6002.0,62.47264569632019,6.15696615554497,1.0,6.6,"1051,4051",low,76.0,1
8058,Mf Tidefjord,Festøya Ferjekai,6174.0,62.380355957519136,6.328269431376526,1.0,5.4,4401,low,39.0,1
8059,Nor F. Røysegata,Røysegata 10,6003.0,62.471202309113046,6.16501092695899,1.0,6.8,"1052,4052",med,81.0,1
8063,Mf Festøya,Festøya Ferjekai,6174.0,62.380355957519136,6.328269431376526,1.0,4.4,4401,low,51.0,1
8064,Mf Solavågen,Festøya Ferjekai,6174.0,62.380355957519136,6.328269431376526,1.0,5.4,4401,med,48.0,1
8065,Mf Ørland,Volda Ferjekai,6100.0,62.144825195904126,6.063413642032817,1.0,7.9,2503,low,23.0,2
8066,Hofseth Aalesund,Havnegata 11,6005.0,62.49940566722627,6.35663484020189,1.0,12.7,4052,med,51.0,1
8070,Nor F. Postvegen 17,POSTVEGEN 17,6018.0,62.4716084,6.3453172,1.0,4.9,"2104,4101",low,81.0,1
8071,Nor F. Postvegen 11,POSTVEGEN 11,6018.0,62.471058,6.342171,1.0,6.2,"2104,4101",low,43.0,1
8073,Nor F. Vard Electro,Tennfjordvegen 113,6264.0,62.533827905665206,6.589812470893596,1.0,6.9,"1151,3057",med,90.0,1
8074,Nor F. Postvegen15,POSTVEGEN 15,6018.0,62.4714714,6.3447286,1.0,5.4,"2104,4101",low,71.0,1
8075,Nor F. Skansekaia 4,SKANSEKAIA 4B,6002.0,62.47531643197725,6.151069709510804,1.0,6.9,5052,med,37.0,1
8130,Ørstaheimen Felleskj 31266,Håkonsgata 78,6150.0,62.20513897787053,6.1231093266767385,1.0,8.7,"2501,4502",high,100.0,2
8165,Ask Safety 460205,Gangstøvikvegen 109,6009.0,62.47847214039045,6.221317642053911,1.0,4.8,"1052,4052",med,85.0,1
8174,Thai Thai Ålesund,Moavegen 1,6018.0,62.4667117292427,6.350125897872204,1.0,6.6,3102,low,40.0,1
8183,ØRSTA VGS REST.&MATFAG,Anders Hovden-gata 4,6150.0,62.196114556767554,6.128579712924875,1.0,8.6,0,med,36.0,2
8260,Facilitec Brattvåg,Årsundvegen 24,6270.0,62.604782055311624,6.445775869044751,1.0,7.5,"1151,3151",med,89.0,2
8265,Facilitec Ulsteinvik,Sjøgata 98,6065.0,62.343318236855254,5.833683569028197,1.0,6.4,"2701,4701",med,87.0,2
8266,M Supply 5 Ålesund,Tverrvegen 32C,6020.0,62.43854956101112,6.371118855542782,1.0,7.6,3102,med,4.0,1
8284,Assist Ålesund,Kalvøyvegen 20,6014.0,62.47314845364815,6.332749342053573,1.0,4.1,4041,low,13.0,1
8285,Ålesund Fengsel 3390karsandn,KIPERVIKGATA 16,6003.0,62.471921191513275,6.161636155544906,1.0,10.5,1052,med,48.0,1
8288,Atlanterhavsparken Ålesund,Tuenesvegen 200,6006.0,62.46541603353335,6.096742457646023,1.0,9.0,"1051,3051",low,87.0,1
8298,SPJELKAVIK VGS ELEVKANTINE,Nedre Langhaugen 32,6011.0,62.46098216177125,6.375482028805799,1.0,8.6,0,med,41.0,2
8308,"Burger King Moa, Avd 5043 Åles",Langelandsvegen 1,6010.0,62.4651818,6.3478662,1.0,4.5,"2102,5101",low,94.0,1
8309,Bro,Notenesgata 1,,62.471226,6.15287,1.0,7.8,"2051,5051",low,88.0,1
8331,Brokiosken,LORKENESTORGET,6002.0,62.47102061779747,6.152337055544886,1.0,10.1,4051,med,58.0,1
8342,BORGUND VGS KANTINE,Yrkesskolevegen 20,6011.0,62.46826492211624,6.372519826934939,1.0,8.6,0,med,65.0,2
8343,Xl Diner,SKATEFLUKAIA 1B,6002.0,62.4744062,6.155797,1.0,9.5,"2052,5051",med,103.0,1
8348,Ålesund Folkehøgskole,Løypevegen 1,6012.0,62.43429334975377,6.395860689090468,1.0,5.3,5101,low,65.0,1
8349,Milk Bar,SKATEFLUKAIA 1B,6002.0,62.4744062,6.155797,1.0,7.1,"2052,5052",low,60.0,1
8350,Happy Elefant,Kongens gate 19,6002.0,62.4744125,6.1566436,1.0,8.6,"2052,5052",low,84.0,1
8353,4341 Apotekergata 5,APOTEKERGATA 5,6004.0,62.4720649,6.1521511,1.0,6.6,3055,low,90.0,1
8358,Kk Mat As,Spjelkavikvegen 50,6010.0,62.462791659006506,6.364202726708152,1.0,7.6,4042,low,55.0,1
8401,FAGERLIA VGS KANTINE,Gangstøvikvegen 27,6009.0,62.474352262571806,6.228213757635945,1.0,8.6,0,med,73.0,2
8408,Hotel Brosundet Bryggen,APOTEKERGATA 1-3,6004.0,62.4722192,6.1522983,1.0,12.9,"2103,5052",low,102.0,1
8436,Tingstad As Kantine,Breivika Industriveg 4,6018.0,62.47369891068308,6.336660413217405,1.0,8.3,1052,low,45.0,1
8437,Grimmergata 5 As Kantine,Grimmergata 5,6002.0,62.47247093894796,6.157174257649131,1.0,9.6,3051,low,50.0,1
8443,Selecta Norway Avd Ålesund,Solavågsvegen 5,6037.0,62.4246541,6.3055775,1.0,3.4,2401,low,19.0,1
8473,Evergreens,Rasmus Rønnebergs gate 6,6002.0,62.4712466,6.1538577,1.0,4.6,"2051,5051",low,61.0,1
8475,Mf Sunnylvsfjord 100004,Stranda Ferjekai,6200.0,62.30913593228336,6.9491812596106,1.0,6.1,1601,low,21.0,2
8478,Vard Group Skansekaia 422571,Skansekaia 2,6002.0,62.4752591,6.1530952,1.0,8.0,"2051,5052",med,89.0,1
8479,Spisestua Kafe Og Restaurant,Moavegen 1,6018.0,62.466442,6.351237,1.0,6.1,"2107,4101,5101",low,150.0,1
8515,Xl Food Company,Valderøyvegen 154,6050.0,62.50062160364329,6.1098802800784275,1.0,9.5,5751,low,72.0,2
8517,Vinterhagen,Langelandsvegen 25,6018.0,62.465082,6.35152,1.0,10.3,"2107,5101",high,105.0,1
8527,"Borgund Vgs, Rest.og Matfag",Yrkesskolevegen 20,6011.0,62.4683690434248,6.372648570889469,1.0,5.4,1052,low,50.0,1
8531,Iss 422547 Tussa Hovdebygda,Langemyra 6,6160.0,62.17891026564585,6.083576499707371,1.0,6.4,"1501,4502",low,72.0,2
8534,Burger King Ålesund Avd.5049,KIPERVIKGATA 5,6003.0,62.4719148,6.1593252,1.0,6.0,"2103,5054",low,98.0,1
8551,Fisketorget Avd Sentrum,Keiser Wilhelms gate 26,6002.0,62.4712141,6.1588682,1.0,10.8,"2101,4041",med,96.0,1
8555,Zuuma,Kongensgate 13,6002.0,62.473882226949385,6.156548313217408,1.0,4.9,5051,med,85.0,1
8559,Hotel Noreg,KONGENS GATE 27,6002.0,62.4755287,6.1560491,1.0,7.3,"2052,4101",med,85.0,1
8562,"Elektroimportøren Norge As,åle",Smibakken 10,6018.0,62.47265866493499,6.3415964420535404,1.0,3.7,3102,low,22.0,1
8564,Seafood Farmers Of Norway,Oksneset,6050.0,62.523787327689085,6.1358626113672035,1.0,6.3,3751,high,51.0,2
8570,Hotel 1904 As,Løvenvoldgata,6002.0,62.4729228,6.1581093,1.0,13.5,"2101,5051",high,98.0,1
8576,JOHNNY KIOSK SKATEFLUA,Skateflutkaia 4,6002.0,62.474569437370754,6.155305801816951,1.0,8.6,0,med,38.0,2
8579,Jordbærpikene Moa,Langelandsvegen 25,6010.0,62.465082,6.35152,1.0,4.9,"2107,5101",low,98.0,1
8586,Mf Giskøy 100004,Sulavegen 110,6036.0,62.39553875304039,6.167597013110865,1.0,10.7,4251,low,52.0,2
8587,Mf Hadarøy Catering 100004,Sulavegen 110,6036.0,62.39553875304039,6.167597013110865,1.0,8.0,4701,low,30.0,2
8588,Mf Suløy Catering 100004,Sulavegen 110,6036.0,62.39553875304039,6.167597013110865,1.0,8.6,3701,med,41.0,2
8595,Mf Skopphorn Catering 100004,Fv60 41,6013.0,62.43232212891989,6.496833261726676,1.0,5.3,1602,low,28.0,2
8620,Meny Lerstad,LERSTADVEGEN 291,6015.0,62.468368,6.292074,1.0,32.6,"1104,2108,3108,4105,5752",high,302.0,1
8633,Wok & Grill,KEISER WILHELMS GATE 39,6003.0,62.4716873,6.1609571,1.0,4.2,"2053,5054",low,13.0,1
8649,Long Cheng Restaurant As,KONGENS GATE 25,6002.0,62.4749561,6.1563663,1.0,8.2,2104,low,74.0,1
8660,Moa Let's Eat,Moavegen 1,6018.0,62.466442,6.351237,1.0,9.7,2107,high,76.0,1
8675,Stuen As,Tollbugata 1,6002.0,62.47546542903997,6.154148884381312,1.0,18.6,"3051,5052",high,74.0,1
8694,Lets Eat Deli,KEISER WILHELMS GATE 32,6003.0,62.4713955,6.1594019,1.0,7.6,"2103,4052",med,96.0,1
8697,Spar Spjelkavik,Spjelkavikvegen 61,6010.0,62.4622693,6.3640886,1.0,19.0,"1051,2105,3105,4103,5402",high,308.0,1
8764,Møre Supply,Tverrvegen 32C,6018.0,62.43848106899301,6.371016369034235,1.0,4.1,3102,low,36.0,1
8785,Molo Brew,KEISER WILHELMS GATE 2,6003.0,62.4695051,6.1521612,1.0,7.0,"2052,5051",low,98.0,1
8825,Sulatunet,Stadsnesvegen 23,6030.0,62.4424369,6.1886657,1.0,5.2,2401,high,95.0,1
8834,Sansesenteret Sulatunet,Stadsnesvegen 23,6030.0,62.4424369,6.1886657,1.0,3.8,2401,low,52.0,1
8848,Sulatunet Avd.sloghaugveien,Stadsnesvegen 23,6030.0,62.4424369,6.1886657,1.0,7.3,2401,low,12.0,1
8850,Scandic Parken Hotell Mat,Storgata 16,6002.0,62.4745,6.161,1.0,7.8,"1052,3052,5052",med,148.0,1
8882,Quality Hotel Waterfront,Quality Hotel Waterfront,6004.0,62.4699296,6.1460985,1.0,12.1,"2051,4101,5051",high,137.0,1
8890,Ragnhild's Catering,Stadsnesvegen 1,6030.0,62.4444111,6.1943517,1.0,6.1,"2401,5401",med,98.0,1
8900,Eurospar Moa,Eurospar Moa,6010.0,62.464817,6.3515225,1.0,17.9,"1103,2102,3057,4101,5101",high,348.0,1
8929,Racoon Coffee,KONGENS GATE 6,6002.0,62.4731906,6.1567012,1.0,8.8,"2053,3054,5054",med,127.0,1
8939,Facilitec Catering Nmk Avd 120,Borgundvegen 340,6009.0,62.47069839160189,6.23475969550118,1.0,9.2,4101,high,82.0,1
8942,Quality Hotel Ålesund,SORENSKRIVER BULLS GATE 7,6002.0,62.4756638,6.1552199,1.0,9.8,"2052,4101",high,124.0,1
8943,Fiskerstrand Verft Kantine Ren,Risevegen 23,6035.0,62.4415864,6.2751885,1.0,3.9,2401,med,40.0,1
8944,Kantine Lerstadveien 545,Lerstadveien 545,6018.0,62.472003549944205,6.36341971136394,1.0,4.4,4401,med,53.0,1
8945,Daaskogen Renex,Langelandsvegen 17,6010.0,62.464537935016594,6.348559599725401,1.0,4.7,3051,low,54.0,1
8947,Dråpe Ålesund Kaffehus As,Storgata 4,6002.0,62.4718628,6.1603005,1.0,7.6,"2101,5051",high,100.0,1
8953,Coop Obs Kafe Avd 5289,Langelandsvegen 25,6010.0,62.465082,6.35152,1.0,8.9,"2107,5101",med,102.0,1
8958,TERMINALEN,Keiser Wilhelms gate 6,6003.0,62.47029463843643,6.153320571118784,1.0,8.6,0,med,49.0,2
8963,Ålesund Sjukehus Hf Avd 9034,Åsehaugen 5,6017.0,62.463631,6.312544,1.0,4.9,"2101,4051",med,100.0,1
8967,Spjelkavik Veiservice,Brusdalsvegen 2,6011.0,62.467034547412624,6.3614700843808025,1.0,5.6,"1104,4401",med,83.0,1
8989,Aarflot Havnevik As,Kirkegata 3,6004.0,62.4712086584786,6.150112855544901,1.0,8.5,3053,med,46.0,1
8997,Sparebanken Møre Kantine,Parkgata 2,6003.0,62.47273950606966,6.159420597872565,1.0,11.3,3051,med,71.0,1
9013,Meet & Eat,Langelandsvegen 51,6010.0,62.466048,6.356375,1.0,7.2,"2102,5101",med,100.0,1
9018,Eurospar Blindheim,Gamle Blindheimsveg 25,6012.0,62.442025,6.371977,1.0,24.1,"1107,2105,3106,4104,5402",high,303.0,1
9037,Eurospar Ålesund Storsenter,Rasmus Rønnebergs gate 21,6002.0,62.4723101,6.1583677,1.0,24.8,"1102,2054,3054,4054,5054",high,257.0,1
9045,Kiwi 832 Sundgata,SUNDGATA 8,6003.0,62.471056,6.166693,1.0,22.9,"1108,2058,3056,4109,5104",high,299.0,1
9055,Spar Eidsnes,SOLAVÅGSEIDET 76,6037.0,62.4273801,6.3156902,1.0,17.2,"1107,2057,3106,4401,5402",high,290.0,1
9061,Fergekaia Sunde,Sundevegen 1310,6037.0,62.41409163237463,6.3270184690327085,1.0,7.3,4401,high,53.0,1
9077,Tajmahal,KONGENS GATE 32A,6002.0,62.4753224,6.1565266,1.0,8.9,5054,high,20.0,1
9079,Sit Kafe/kantine Ålesund,LARSGÅRDSVEGEN 2,6009.0,62.472004,6.235818,1.0,9.8,"2101,4101",high,82.0,1
9085,Sunde Fjord Hotel As,Sundevegen 164,6037.0,62.41474784001207,6.327781028558445,1.0,5.7,4401,med,52.0,1
9090,"Tine Sa, Kantine",Klaus Nilsens Gate 14,6003.0,62.47071968983066,6.165412396019132,1.0,6.1,3053,low,30.0,1
9093,Kiwi 849 Skarbøvik,SKARBØVIKGATA 25,6006.0,62.4666932,6.114175,1.0,26.9,"1108,2103,3056,4054,5104",high,301.0,1
9094,Sunde Barnehage,Rystene 30,6037.0,62.42162758660428,6.327977382756326,1.0,9.3,1041,low,43.0,1
9099,Ungdom I Oppdrag Ålesund,Parkgata 14,6003.0,62.47262676818123,6.162119896019244,1.0,9.3,1041,low,30.0,1
9125,Ålesund Beh.senter Avd 6711,Vestmoa 27,6018.0,62.469252504206544,6.341501342053334,1.0,5.5,3041,low,52.0,1
9131,Trankokeriet Antikk,Molovegen 16B,6004.0,62.4736057267548,6.147549128562206,1.0,3.0,3042,low,5.0,1
9141,Nonna Lina,KORSEGATA 4,6002.0,62.4713488,6.1559244,1.0,10.6,"2052,4052",med,28.0,1
9142,Anno,Apotekergata 9b,6004.0,62.4714804,6.1512358,1.0,9.7,"1052,2051,3055,5051",low,184.0,1
9159,Sportsparken Vegsund,BLINDHEIM INDUSTRIVEG 2D,6020.0,62.436635,6.370523,1.0,5.6,"2104,5402",low,83.0,1
9172,Cinque Minuti,Kongens gate 1,6002.0,62.4728964,6.1563672,1.0,7.7,"2051,5051",med,79.0,1
9176,Keiseren Frukt Og Grønt,Spjelkavikvegen 13,6011.0,62.46668070804367,6.36105654019983,1.0,14.5,3102,low,6.0,1
9178,Bybadet,PARKGATA 11B,6003.0,62.472774,6.165056,1.0,11.4,"2052,5052",med,60.0,1
9193,Renholdssenteret As,Breivika Industriveg 9,6018.0,62.473351103937226,6.348881496019247,1.0,4.0,1052,low,47.0,1
9196,MARITIME PARTNER AS,Breivika Industriveg 65,6018.0,62.474426208648865,6.358713626901371,1.0,8.6,0,med,44.0,2
9200,Eurospar Larsgården,LARSGÅRDSVEGEN 19,6009.0,62.472382,6.240615,1.0,21.0,"1108,2058,3053,4109,5104",high,303.0,1
9232,Stift.viti Avd Sunnm.museum,Borgundgavlen 21,6015.0,62.465902832897726,6.238139553691166,1.0,12.0,4052,low,29.0,1
9233,BORGUND PIZZA,BRUSDALSVEGEN 72,6011.0,62.468192835515104,6.370390499977539,1.0,8.6,0,med,37.0,2
9234,FJELLSTUA 418 AS,FJELLTUNVEGEN 250,6007.0,62.47436851108478,6.164448581152627,1.0,8.6,0,med,59.0,2
9236,Dampsentralen,Keiser Wilhelms gate 22,6002.0,62.4712525,6.1578843,1.0,10.9,"2101,4051",low,93.0,1
9242,Kirkens Bymisjon Avd. 37900,Parkgata 9,6002.0,62.4726771,6.1614843,1.0,9.8,2041,high,20.0,1
9245,Vest Restaurant,Langelandsvegen 1,6010.0,62.4651818,6.3478662,1.0,9.7,2107,high,83.0,1
9246,HOFSETH PROCESSING,FJORDGATA 52,6005.0,62.471773772947145,6.132582189186648,1.0,8.6,0,med,47.0,2
9248,The Greedy Box,Øwregata 2,6004.0,62.47260674090592,6.151703086234533,1.0,9.9,3052,med,55.0,1
9253,Løvenvold Theater As,Løvenvoldgata 8,6002.0,62.472813,6.1584737,1.0,6.8,2041,low,24.0,1
9258,Nor F. Color Line,Sjømannsvegen 14,6008.0,62.470251614743745,6.187488869036236,1.0,9.9,"3052,5051",low,114.0,1
9267,Dirty Nelly,KIRKEGATA 1 A,6001.0,62.4707113,6.1493897,1.0,5.7,4051,low,57.0,1
9272,Namaste Ålesund,Kongens gate 12,6002.0,62.473574,6.156868,1.0,9.6,2051,low,68.0,1
9279,Tyrholm Og Farstad,Flatholmen 11,6002.0,62.481999,6.185307,1.0,9.1,"2101,4051",low,94.0,1
9293,Fergekaia Skarbøvik,SKARBØVIKGATA 26,6006.0,62.466733,6.113678,1.0,11.7,"2103,5104",med,71.0,1
9294,Soi One Ålesund,RASMUS RØNNEBERGS GATE 4,6002.0,62.470954,6.153081,1.0,14.3,"2052,4052",high,99.0,1
9295,Fergekaia Pluto,FOGD GREVES VEG 3,6009.0,62.4727409,6.230942,1.0,8.9,2053,high,68.0,1
9299,Egon Moa Moanor,Langelandsvegen 25,6010.0,62.465082,6.35152,1.0,13.2,"2102,5101",high,102.0,1
9302,Hole Kjøtt As,Keiser Wilhelms gate 30,6002.0,62.4713742,6.159168,1.0,8.6,"2101,5052",low,95.0,1
9305,Kantine Tafjord Kraft,Retirovegen 4,6019.0,62.47232489023988,6.366369369036346,1.0,6.2,"1051,4401",med,88.0,1
9308,Lucky Bowl-avd 26 Ålesund,Kanalvegen 1,6010.0,62.46243,6.3636223,1.0,7.8,2107,low,39.0,1
9310,Fabrikken Kulturscene,Molovegen 22,6004.0,62.47342029451986,6.1456303248554685,1.0,6.9,4041,low,35.0,1
9312,Rasoi Ålesund,RÅDSTUGATA 3B,6002.0,62.4712404,6.1617014,1.0,8.5,"2052,4052",low,45.0,1
9315,Cafè Herman,Grimmergata 1,6002.0,62.4725947,6.1574179,1.0,10.2,2101,low,13.0,1
9317,Felleskjøpet Ålesund 6110,Postvegen 11,6018.0,62.47151306911939,6.342019482527746,1.0,4.1,3101,low,17.0,1
9319,Indian Masala House,KONGENS GATE 28A,6002.0,62.4750822,6.1566431,1.0,7.1,5054,low,15.0,1
9321,Koiwa Ramen,KONGENS GATE 30,6002.0,62.4752788,6.1565513,1.0,6.2,"2054,4052",low,21.0,1
9325,Akademiet Vgs Åles.elevkantine,Parkgata 11A,6003.0,62.47292802980104,6.163586126708768,1.0,7.6,3041,low,4.0,1
9329,Brisk Avd Rådhuset,Keiser Wilhelms g. 11,6003.0,62.47103191547534,6.153919401829472,1.0,7.6,1051,low,3.0,1
9330,Sjøbua Restaurant,Brunholmgata 1,6004.0,62.47319961200939,6.154062970889751,1.0,20.0,3052,low,43.0,1
9332,Iss 460367 Ncc Moavegen Kant.,Moavegen 24,6018.0,62.46863,6.347776,1.0,7.6,"2107,5101",med,3.0,1
9333,Akademiet Vgs Åles. Personal,Molovegen 5,6004.0,62.47337688692131,6.150479355545014,1.0,20.0,4041,med,43.0,1
9335,Akademiet Vgs Åles.molo Elevk.,Molovegen 5,6004.0,62.47337688692131,6.150479355545014,1.0,20.0,4041,high,43.0,1
9336,Brooklyn 24/26,Keiser Wilhelms g. 24-26,6003.0,62.47133258505335,6.1587225153210055,1.0,20.0,3055,med,43.0,1
9338,460389kant.veidekke Kongshaug.,Alvikvegen 241,6019.0,62.484208,6.389984,1.0,20.0,"2107,5401",low,43.0,1
9510,Mf Norddalsfjord,Fv63 90,6215.0,62.26289403039497,7.171949584367904,1.0,20.0,2302,low,43.0,2
10096,Norengros Ødegaard Engros,Olevågvegen 18,6013.0,62.43199212958948,6.408607615303756,1.0,3.6,3101,low,32.0,1
10097,Ødegaard Engros Spiserom,Olevågvegen 18,6013.0,62.43199212958948,6.408607615303756,1.0,6.5,3101,low,35.0,1
11074,Hatløy Catering,Osnesvegen 110,6065.0,62.34094060443525,5.822360753689022,1.0,7.2,"1701,4701",med,74.0,2
11085,Hatløy Catering As Avd. Expo,Osnesvegen 110,6065.0,62.340955545709114,5.822414397864239,1.0,5.8,1701,low,47.0,2
12009,Miljøstasjonen Hig,Sjukenesstranda 100,6037.0,62.431102123697286,6.329090364461912,1.0,20.0,"3051,3251",low,43.0,1
12201,Trsp.o. Bacalaofabrikken,St. Olavs plass 1,6002.0,62.47277935198672,6.156924742304495,1.0,20.0,4501,low,43.0,2
12202,Trsp.o. Brudevoll Kjøtt,Krushammarvegen 2,6065.0,62.34494555249332,5.841300735967442,1.0,20.0,2701,low,43.0,2
12203,"Trsp.o. Berdal, Valldal",Grendavegen 76,6210.0,62.311449211215105,7.258562077633747,1.0,20.0,"1201,3201,5201",low,43.0,2
12205,Trsp.o. Longvafisk,Gangstøvikvegen 130,6009.0,62.47775190406936,6.224898542053861,1.0,20.0,3053,low,43.0,1
12206,Trsp.o. Jakob & Johan Dybvik,Tingstadvika 5,6035.0,62.4420055,6.2580881,1.0,20.0,2401,low,43.0,1
12208,Trsp.o Ørstaterminalen,Industrivegen 28 B,6155.0,62.18938052891661,6.093791567165158,1.0,20.0,5501,low,43.0,2
12209,Trsp.o. Prestebrygga Farin,Nedre Strandgate 21,6004.0,62.46999238444843,6.149963215070526,1.0,20.0,3751,low,43.0,2
12212,Trsp.o. Snorre Seafood,Nedrevegen 158,6710.0,61.985945657796194,5.142445557436445,1.0,20.0,2451,low,43.0,2
12213,Trsp.o. Stabburet Svemorka,Morkevegen 101,6200.0,62.26998089333712,6.873046509154749,1.0,20.0,1602,low,43.0,2
12215,Trsp.o. Stranda Spekemat,Skaffarvegen 89,6200.0,62.31368573014717,6.9243966751043455,1.0,20.0,3601,low,43.0,2
12217,Trsp.o. Valldal Grønt,Grandegata 42,6210.0,62.29700520167399,7.255884440374198,1.0,20.0,"1201,2302,3201,5201",low,43.0,2
12220,Trsp.o. Volda Fiskemat,Furene 26,6105.0,62.17127262422565,6.042252828543069,1.0,20.0,5501,low,43.0,2
12224,Trsp.o Trollbryggeriet As,Fv650 320,6212.0,62.311054898585,7.069110543896701,1.0,20.0,3201,low,43.0,2
12227,Trsp.o. Gjendemsjø Fisk,Hellandshamna 88,6270.0,62.613023616647105,6.459105955553852,1.0,20.0,3151,low,43.0,2
12233,Trsp.o Br. Remø,Fiskerstrandvegen 168,6035.0,62.4431074,6.2726405,1.0,7.6,2401,low,1.0,1
13017,Jets Vacuum,Myravegen 1,6060.0,62.36881225847811,6.018993799719342,1.0,6.4,1701,high,52.0,2
13018,Albatross Kantine Trohaugen,Trohaugen 27,6393.0,62.61227022543649,6.951520253700452,1.0,5.3,"1651,4651",low,53.0,2
13023,Vestnes Fjordhotel,Brugata 4,6390.0,62.6325,7.0758,1.0,6.3,5651,low,44.0,2
13026,Albatross Kantine Langsten,Fjordvegen 420,6393.0,62.58450369621418,6.931375811371087,1.0,7.8,"1651,4651",med,59.0,2
13046,Peppes Pizza Amfi Moa Avd.319,Moavegen 1,6018.0,62.466442,6.351237,1.0,6.7,"2107,5101",med,102.0,1
13054,Madelynn Coffee,Gerhald Voldnes Veg 11,6090.0,62.34092066097439,5.637614211355679,1.0,16.1,4251,low,54.0,2
13067,Sabrura Moa,Langelandsvegen 47,6010.0,62.483,6.287,1.0,3.9,"3101,5101",low,91.0,1
13088,STAD HOTELL,Leikanger 56,6750.0,62.1198767573708,5.32017594230022,1.0,8.6,0,med,63.0,2
13095,Tredet,Halkjelsgate 8,6100.0,62.14510555957701,6.067719270869042,1.0,7.7,3501,med,69.0,2
13097,Brasserie Posten Geiranger,Geirangervegen 4,6216.0,62.10246354401172,7.20559217086633,1.0,7.6,"2302,4302",med,3.0,2
13110,Joker Flatraket,Seljevegen 770,6717.0,61.97418895218931,5.226148270858267,1.0,15.4,"1451,4451",high,101.0,2
13115,Oldeide Matsenter Storhush.,Oppedalsvegen 94,6700.0,61.92819409502355,5.0814980420191995,1.0,10.6,3451,med,49.0,2
13116,Bunnpris Oldeide,Oppedalsvegen 94,6700.0,61.92819409502355,5.0814980420191995,1.0,17.0,"1451,3451,5451",high,153.0,2
13123,Vestnes Sentralkjøkken,Misfjordvegen 2,6390.0,62.621111883207504,7.090389769045806,1.0,6.9,"3651,5651",low,99.0,2
13124,Quality Hotel Ulstein,Sjøgata 10,6065.0,62.341006743371274,5.84930015553663,1.0,9.2,"2701,3701,5701",high,131.0,2
13169,Egon Ålesund,Egon Ålesund,,62.4728188,6.1583341,1.0,12.0,"2101,5051",high,130.0,1
13181,Iss 422565 Haramsenteret,Bernt Hildre Vegen 2,6270.0,62.599102327669435,6.445705397880584,1.0,17.6,"1151,3151",high,94.0,2
13202,ÅLESUND VGS VOLSDALSBERGA,Sjømannsvegen 47,6008.0,62.4687228668603,6.185036473167539,1.0,8.6,0,med,35.0,2
13219,Kaffebaren Ulsteinvik,Sjøgata 55,6065.0,62.34370841573574,5.846379669028246,1.0,6.0,4701,low,51.0,2
13220,Valaker Avd. Ålesund Storsente,Ålesund Storsenter,6002.0,62.4725015,6.1581388,1.0,6.6,"2101,4051",low,96.0,1
13246,Ebbegarden Barnehage Emblem,Markastien 11,6013.0,62.43683973540651,6.453444519012493,1.0,4.5,3042,low,41.0,1
13247,ISS 471135 HARAM VGS KANTINE,Skuleråsa 10,6270.0,62.595121232470525,6.440373169232559,1.0,8.6,0,med,36.0,2
13251,Solsikka Barnehage,Nedre Grøthaugen 7,6143.0,62.10219491390758,5.5613416436133045,1.0,3.5,1351,low,44.0,2
13258,Larsnes Mek Verksted As,Larsnesvegen 119,6084.0,62.20352742913553,5.571669213200317,1.0,7.0,"2352,4351",low,61.0,2
13275,Blakstad Barnehage,Sørestrandvegen 1235,6022.0,62.39804415350882,6.465240986229796,1.0,5.4,4602,low,35.0,2
13283,Ulshav Avd. Mjøl Og Meir,Smårisevadet 15,6065.0,62.33597163882839,5.883422997863958,1.0,6.0,2701,low,43.0,2
13306,Napoli Pizzeria Stryn,Tonningsgata 33,6783.0,61.90536178422537,6.725944542017739,1.0,13.0,5551,high,68.0,2
13312,"Toma Kant.sor.sk.b.gt,1116201",Sorenskriver Bulls gate 3,6002.0,62.475829521129995,6.154408084381351,1.0,5.3,3051,low,44.0,1
13313,Thon Hotel Baronen,Thon Hotel Baronen,,62.462139,6.3633526,1.0,3.9,4052,low,47.0,1
13314,Thon Hotel Måløy 635102,Gate 1 17,6718.0,61.9343,5.114,1.0,5.6,5451,low,37.0,2
13330,Toma Kant.1184701 Postvegen 2,Postvegen 2,6008.0,62.671923,6.674903,1.0,6.2,2104,low,46.0,1
13331,Eid Vg Skule,Skulevegen 1,6770.0,61.9025,5.9883,1.0,15.3,5452,low,16.0,2
13332,"Toma Kant.torvmyrane,1188201",Torvmyrane 15,6160.0,62.17832829422655,6.0786666383282455,1.0,7.8,1501,low,37.0,2
13333,"Toma Kant.nørestranda,1188202",Nørestranda 383,6152.0,62.21389123249192,6.039832901716991,1.0,11.1,"2501,4501",low,27.0,2
