,Kundenr,Alle kunder,Antall leveranser
0,361, ASKO MAT ,50
1,7922, ASPØY OMSORGSSENTER 2024 ,53
2,7921, KANTINE ÅLESUND RÅDHUS 2024 ,61
3,3756, MOTORHUSET ,101
4,213,1996  HOTEL ALEXANDRA ,97
5,3318,2057 HOTEL LOENFJORD ,46
6,8801,2743 62 NORD ,8
7,6437,2752 STORFJORD HOTEL ,99
8,5850,321 SELJETUNET OMS OG REHAB ,1
9,1023,3846 DEVOLD FABR.UTS. DYRKORN ,5
10,1025,3846 DEVOLD KANTINE KAFE ,101
11,1028,3846 DEVOLD RETAIL HELLESYLT ,3
12,7367,4008 VALLDAL FJORDHOTELL ,45
13,2646,4274 HOVEN RESTAURANT ,84
14,8353,4341 APOTEKERGATA 5 ,90
15,615,5311 SAGAFJORD HOTEL ,45
16,7582,5410 VISNES HOTEL STRYN AS ,56
17,9251,6210 SJØBUA ,72
18,7635,A. M. VIK AS ,24
19,8004,A.WESTRE ,2
20,9274,ABLE CARWASH ,3
21,3439,AISHA SPISERI ,20
22,9326,AKADEMIET VGS MØRE ANSATTE ,6
23,9325,AKADEMIET VGS ÅLES.ELEVKANTINE ,4
24,8203,AKSLA IL ,30
25,13026,ALBATROSS KANTINE LANGSTEN ,59
26,13018,ALBATROSS KANTINE TROHAUGEN ,53
27,13049,ALBATROSS TOMREFJORD PRØVETUR ,3
28,7004,ALF TAFJORD LANDHANDEL ,49
29,3323,ALNES BRYGGE ,13
30,3319,ALNES FYR OG OPPLEVELSESSENTER ,87
31,13153,AMORE ÅLESUND ,22
32,8399,ANDREAS FAUSA EFTF. ,21
33,4096,ANITAS KANTINE ,40
34,9142,ANNO ,184
35,8165,ASK SAFETY 460205 ,85
36,8284,ASSIST ÅLESUND ,13
37,8288,ATLANTERHAVSPARKEN ÅLESUND ,87
38,410,AURSNES HOTELL ,10
39,435,AURSNES KIOSK ,66
40,7811,"AVD VATNE, TENNFJORD BHG ",17
41,4089,B GATEGRILL ,25
42,571,BAKEHUSET AVD NORDFJORDEID ,20
43,582,BAKERIET KAFFEBAR ,67
44,8132,BAKK,1
45,598,BARIUS & KAKTUS ,1
46,9194,BARNAS HAGE LARSGÅRDEN ,14
47,8299,BELLA MI ,23
48,6770,BENTO YUME SUSHI ,7
49,8320,"BILTEMA  AVD 218, ÅLESUND ",21
50,8327,BILTEMA NORDFJORDEID ,11
51,8334,BILTEMA ULSTEINVIK AVD.296 ,14
52,575,BJØRGS MAT AS ,62
53,579,BJØRGS MAT AVD MÅLØY ,5
54,7521,BJØRN HOLTE ,35
55,6727,BK KANTINE KAFFI ,2
56,13275,BLAKSTAD BARNEHAGE ,35
57,580,BLAKSTAD GARD ,3
58,7930,BLINDHEIM BOKOLLEKTIV 2024 ,11
59,7923,BLINDHEIM OMSORGSSENTER 2024 ,52
60,2485,BLÅTIND HOTEL ,63
61,3565,BOGNE BRESERI AS ,42
62,1249,BONDALSELVA CAMPING ,1
63,9233,BORGUND PIZZA ,37
64,8342,BORGUND VGS KANTINE ,65
65,8527,"BORGUND VGS, REST.OG MATFAG ",50
66,7911,BORGUNDHEIMEN DAGSENTER 240040 ,29
67,13097,BRASSERIE POSTEN GEIRANGER ,3
68,764,BRATTVÅG BAKERI OG KONDITORI ,10
69,772,BRATTVÅG BARNEHAGE ,1
70,785,BRATTVÅG BOWLING AS ,92
71,793,BRATTVÅG FJORDHOTELL ,95
72,7395,BRAUD DIGERNES ,59
73,7394,BRAUD MOA ,76
74,7392,BRAUD ULSTEINVIK ,69
75,7396,BRAUD VALDERØY ,55
76,2672,BRIKSDALSBRE FJELLSTOVE AS ,50
77,9329,BRISK AVD RÅDHUSET ,3
78,9262,BRISK KARRIERE AS ,16
79,8309,BRO ,88
80,8331,BROKIOSKEN ,58
81,8352,BRUSDALSHEIMEN ,22
82,1646,BRYGGA SPORTSBAR ,49
83,7636,BRYGGEN KRO ,3
84,8892,BRØDR REMØ AS ,6
85,9280,BRØDRENE DAHL ,14
86,7857,BRØR MAT OG BRYGGERI ,59
87,8302,BULDREHALLEN ,19
88,3070,BUNNPRIS BRATTVÅG ,251
89,3087,BUNNPRIS BROA ,171
90,6343,BUNNPRIS BRYGGJA ,248
91,3096,BUNNPRIS EID ,198
92,3095,BUNNPRIS HAREID ,247
93,3083,BUNNPRIS IKORNES ,201
94,3079,BUNNPRIS LANGEVÅG ,252
95,2943,BUNNPRIS NØRVE ,155
96,13116,BUNNPRIS OLDEIDE ,153
97,3086,BUNNPRIS OLDEN ,202
98,3071,BUNNPRIS SJØHOLT ,234
99,3054,BUNNPRIS SKANSEN ,190
100,3076,BUNNPRIS SPJELKAVIK ,248
101,3092,BUNNPRIS STAD ,152
102,6340,BUNNPRIS STRAUMGJERDE ,201
103,3097,BUNNPRIS STRYN ,154
104,3078,BUNNPRIS TORGHALLEN ,300
105,3077,BUNNPRIS ULSTEINVIK ,250
106,3080,BUNNPRIS VALDERØY ,199
107,3089,BUNNPRIS VALLDAL ,162
108,3075,BUNNPRIS VATNE ,251
109,3081,BUNNPRIS VEDDE ,252
110,3066,BUNNPRIS VOLDA ,138
111,3093,BUNNPRIS ØRSTA ,299
112,6672,BURGER KING DIGERNES AVD 5065 ,135
113,8308,"BURGER KING MOA, AVD 5043 ÅLES ",94
114,7872,BURGER KING VOLDA AVD.5087 ,99
115,8534,BURGER KING ÅLESUND AVD.5049 ,98
116,9178,BYBADET ,60
117,1863,BYGG 1 PRODUKTER KANTINE ,9
118,2696,BØLGEN BAR & RESTAURANT ,24
119,1053,CAFE GOBETEN ,5
120,9315,CAFÈ HERMAN ,13
121,2960,CAFE NOVA ,52
122,7889,CATS BRYGGEN ,1
123,9165,CCD DRIKKE ARB.PLASS ÅLESUND ,20
124,890,CENTRUMSKIOSKEN ,53
125,5102,CHINA HOUSE ,16
126,902,CHINA RESTAURANT EID ,67
127,1047,CHRISTIAN GAARD BYGDETUN AS ,23
128,3060,CHRISTINEBORG GJESTEHUS AS ,9
129,9172,CINQUE MINUTI ,79
130,8029,COLOR LINE KIOSKDRIFT ,24
131,8953,COOP OBS KAFE AVD 5289 ,102
132,8125,DALANE BARNEHAGE ,13
133,3329,DALSFJORDEN FOTBALLKLUBB ,1
134,9236,DAMPSENTRALEN ,93
135,1847,DET LILLE NAPOLI ØRSTA ,63
136,9290,DEVIES ,22
137,1048,DIDRIKS KAFE & GAVER ,61
138,9267,DIRTY NELLY ,57
139,6083,DIS KAFFEBAR ,24
140,6460,DREGES HOTEL ,78
141,8947,DRÅPE ÅLESUND KAFFEHUS AS ,100
142,8945,DAASKOGEN RENEX ,54
143,13246,EBBEGARDEN BARNEHAGE EMBLEM ,41
144,9299,EGON MOA MOANOR ,102
145,13169,EGON ÅLESUND ,130
146,13331,EID VG SKULE ,16
147,7806,EIDET OMSORGS. KJØKKEN 2024 ,58
148,8326,EKORNES AS ,4
149,8562,"ELEKTROIMPORTØREN NORGE AS,ÅLE ",22
150,7931,ELLINGSØY BARNEHAGE 2024 ,41
151,333,ELMIR PIZZERIA ,20
152,1146,ELVEBAKKEN CAMPING ,7
153,1964,EMOBILITY AS ,1
154,7583,EPIC DIGERNES ,45
155,1043,ERLING BJØRLO ,1
156,9018,EUROSPAR BLINDHEIM ,303
157,6360,EUROSPAR HAREID ,301
158,9200,EUROSPAR LARSGÅRDEN ,303
159,8900,EUROSPAR MOA ,348
160,7740,EUROSPAR SYKKYLVEN ,299
161,7390,EUROSPAR VALDERØY ,255
162,4110,EUROSPAR ØRSTA ,302
163,9037,EUROSPAR ÅLESUND STORSENTER ,257
164,8473,EVERGREENS ,61
165,9327,EXPRESS PIZZARIA OG GRILL ,4
166,9310,FABRIKKEN KULTURSCENE ,35
167,8260,FACILITEC BRATTVÅG ,89
168,8939,FACILITEC CATERING NMK AVD 120 ,82
169,8941,FACILITEC FARSTAD SHIPPING ,23
170,6592,FACILITEC RENH.KONGS. BRATTVÅG ,9
171,6594,FACILITEC RENHOLD HJØRUNGAVÅG ,2
172,6591,FACILITEC RENHOLD NMK ,18
173,6595,FACILITEC RENHOLD PIR ,13
174,6593,FACILITEC RENHOLD ULSTEINVIK ,8
175,8265,FACILITEC ULSTEINVIK ,87
176,1377,FACTORY GRODÅS ,23
177,1372,FACTORY IKORNNES ,85
178,7935,FAGERLIA BARNEHAGE ,44
179,8401,FAGERLIA VGS KANTINE ,73
180,1063,FELLESKJØPET NORDFJORDEID 4560 ,15
181,6762,FELLESKJØPET STRYN 4570 ,11
182,6782,FELLESKJØPET VOLDA 7110 ,19
183,9317,FELLESKJØPET ÅLESUND 6110 ,17
184,1173,FERGEKAIA FOSNAVÅG ,46
185,9295,FERGEKAIA PLUTO ,68
186,9293,FERGEKAIA SKARBØVIK ,71
187,9061,FERGEKAIA SUNDE ,53
188,8943,FISKERSTRAND VERFT KANTINE REN ,40
189,8551,FISKETORGET AVD SENTRUM ,96
190,907,FISKÅ BRYGGE GJESTGIVERI ,49
191,1574,FJELLSTOVA ØRSKOG KH AS ,85
192,9234,FJELLSTUA 418 AS ,59
193,2615,FJORD GUIDING AS ,8
194,3970,FJORD KOMMUNE RÅDH. VALLDAL ,4
195,1615,FJORDANE FOLKEHØGSKULE ,55
196,1631,FJORDLY UNGDOMSSENTER ,12
197,1041,FLAMMEN 6770 ,52
198,1423,FLYING TIGER COPENH. MOA ,4
199,1421,FLYING TIGER COPENH. ÅLESUND ,2
200,4044,FOLE FESTLIG ,52
201,1834,FOLVEN CAMPING ,5
202,13076,FRAMOVER BIT FOR BIT ,1
203,7932,FREMMERHOLEN BARNEHAGE 2024 ,35
204,7064,FRU INGA ,18
205,1842,FRU SVENDSEN KAFE ,23
206,3340,FRUENES ,10
207,8474,FUNKY FROZEN YOGURT AMFI MOA ,11
208,1821,FØNIKS KAFFIHUS ,55
209,1906,GEIRANGER CAMPING ,1
210,1926,GEIRANGER GRILL ,1
211,7364,GISKE BARNEHAGE ,42
212,7363,GISKE KOMMUNE KANTINA RÅDHUSET ,7
213,7585,GISKE OMSORGSSENTER ,96
214,1925,GJERMUNDNES VIDAREGÅANDE SKULE ,39
215,6652,GLOBAL VEKST ,2
216,7567,GODTESJUK ,1
217,2060,GOKSØYR CAMPING ,5
218,2066,GRANDE CAMPING OPPSTRYN ,5
219,2051,GRANDE FJORDHOTELL OG HYTTER ,1
220,8437,GRIMMERGATA 5 AS KANTINE ,50
221,2217,GUDBRANDSJUVET CAFE ,16
222,7342,GUDBRANDSJUVET CAMPING ,1
223,8045,GYROSHOUSE ÅLESUND ,56
224,2361,HADDAL I.L. ,1
225,1134,HAKALLEGARDEN ,11
226,8350,HAPPY ELEFANT ,84
227,7807,HARAM OMSORGSSENTER 1 ETG 2024 ,45
228,7810,HARAMSØY BARNEHAGE 2024 ,25
229,1062,HARBOUR GIFT SHOP EID ,1
230,9296,HARBOUR GIFTSHOP ÅLESUND ,8
231,2392,HAREID KOMMUNE FELLESKJØKKEN ,53
232,2388,HAREID PIZZA OG PUB ,48
233,7917,HARØY NYE BARNEHAGE 2024 ,37
234,7322,HASUNDGOT IL ,5
235,7934,HATLAHAUGEN DAGSENTER 2024 ,44
236,7920,HATLANE OMSORSSENTER 20204 ,50
237,11074,HATLØY CATERING ,74
238,11083,HATLØY CATERING AS ,2
239,11085,HATLØY CATERING AS AVD. EXPO ,47
240,1159,HAVFRUEN MÅLØY ,101
241,1188,HAVILA CAPELLA ,29
242,1190,HAVILA CASTOR ,31
243,7615,HAVILA HOTELL IVAR AASEN ,97
244,1178,HAVILA HOTELS KANTINE ,9
245,1184,HAVILA POLARIS ,22
246,1183,HAVILA POLLUX ,29
247,1172,HAVILA SERVICE KANTINE ,34
248,1171,HAVILA SERVICE RESEPSJON ,36
249,2617,HELLESYLT BOUTIQUE OG BAR ,8
250,3339,HELSEHUSET STELLA MARIS ,52
251,9276,HEMIT ÅLESUND ,7
252,2547,HERØY OMSORGSSENTER 324000 ,58
253,2567,HERØY VGS KANTINE ,35
254,2571,HERØY VGS UNDERVISNINGSKJØKKEN ,22
255,11040,HESSACUP ,2
256,1835,HF NORDFJORD SJUKEHUS ,101
257,12006,HIG INTERNKJØP SL EGEN FAKTURA ,1
258,2497,HJELLE HOTEL AS ,35
259,2599,HJØRUNDFJORD CAMPING ,11
260,2620,HJØRUNDFJORDHEIMEN ,52
261,7634,HOFSETH KANTINE SYVDE ,46
262,9246,HOFSETH PROCESSING ,47
263,8066,HOFSETH AALESUND ,51
264,1850,HOGATUNET BU OG BEHANDLINGSS. ,31
265,9302,HOLE KJØTT AS ,95
266,6712,HOLMEN MAT OG DRIKKE ,77
267,1179,HORISONT RESTAURANT AS ,28
268,6786,HORNDØLA CAMPING ,8
269,2618,HORNINDAL SKISENTER ,9
270,8570,HOTEL 1904 AS ,98
271,8408,HOTEL BROSUNDET BRYGGEN ,102
272,1910,HOTEL GEIRANGER ,5
273,8559,HOTEL NOREG ,85
274,8131,HUSAFJELLHEIMEN REF.3600SYSTO ,15
275,6763,HYDLAPARKEN ,3
276,6597,HYGGE ,5
277,2697,IKORNNES BÅTFORENING ,5
278,2701,IKORNNES FUS BARNEHAGE ,1
279,9319,INDIAN MASALA HOUSE ,15
280,1057,INNVIK AS ,44
281,2700,INNVIK FJORDHOTELL ,55
282,2819,ISEHAUG KAFETERIA ,137
283,7648,ISS 422536 VIK SKORGEURA ,31
284,899,ISS 422542 NORDEA ÅLESUND ,75
285,8531,ISS 422547 TUSSA HOVDEBYGDA ,72
286,13181,ISS 422565 HARAMSENTERET ,94
287,7646,ISS 460080 STATENS VEGVESEN ,47
288,9332,ISS 460367 NCC MOAVEGEN KANT. ,3
289,13247,ISS 471135 HARAM VGS KANTINE ,36
290,9303,JACU DRIFT ,1
291,1177,JAFS FOSNAVÅG ,77
292,3558,JAFS KOKKEN ROLL ,73
293,2825,JEMTEGÅRD ,1
294,13017,JETS VACUUM ,52
295,8576,JOHNNY KIOSK SKATEFLUA ,38
296,554,JOKER BELLINGEN ,101
297,796,JOKER FIKSDAL ,102
298,13110,JOKER FLATRAKET ,101
299,3550,JOKER GEIRANGER ,5
300,3615,JOKER GODØY ,153
301,2218,JOKER GURSKEN ,199
302,5280,JOKER HELLESYLT 708000993239 ,148
303,643,JOKER HJELLEDALEN ,110
304,4070,JOKER LARSNES ,200
305,3210,JOKER LEPSØY ,53
306,1126,JOKER LOEN ,202
307,7497,JOKER STADLANDET ,102
308,7755,JOKER STORDAL ,150
309,6170,JOKER SÆBØ ,101
310,1890,JOKER TOMREFJORD ,151
311,6011,JOKER UTVIK ,102
312,7018,JOKER VATNE ,158
313,1715,JOKER VIKANE ,154
314,4205,JOKER ÅHEIM ,152
315,3148,JOKER ÅRAM ,102
316,8579,JORDBÆRPIKENE MOA ,98
317,2829,JORDBÆRSTOVA ,30
318,3328,JR ULSTEINVIK AS ,90
319,645,JUVET LANDSKAPSHOTELL ,36
320,7904,KAFÈ REMATUN ,87
321,5979,KAFE SJØATUNET ,22
322,6747,KAFE STRYN VINTERSKI ,3
323,13219,KAFFEBAREN ULSTEINVIK ,51
324,6731,KANTINA BERTE KANUTTE HUSET ,86
325,8944,KANTINE LERSTADVEIEN 545 ,53
326,9305,KANTINE TAFJORD KRAFT ,88
327,7943,KAOS KOLLEKTIVET UNGDOMSHUS ,26
328,1064,KAUTO BAR OG RESTAURANT ,5
329,8007,KEBAB 1 ,5
330,9176,KEISEREN FRUKT OG GRØNT ,6
331,3539,KHALIFA GATEKJØKKEN ,40
332,7273,KHAYA BARISTA BAR ,9
333,9316,KING'S CORNER ,4
334,1642,KIOSK VOLDA UNGDOMSKLUBB ,10
335,9242,KIRKENS BYMISJON AVD. 37900 ,20
336,355,KIWI 827 ØRSTA ,303
337,7642,KIWI 830 SKJELLEBREIDA VOLDA ,303
338,9045,KIWI 832 SUNDGATA ,299
339,2958,KIWI 841 SKODJE ,241
340,2936,KIWI 843 VOLDA ,309
341,2935,KIWI 844 SYKKYLVEN ,302
342,9093,KIWI 849 SKARBØVIK ,301
343,2931,KIWI 901 NØRVE ,302
344,2932,KIWI 902 SPJELKAVIK ,301
345,2914,KIWI 903 MÅLØY ,200
346,2920,KIWI 905 EGGESBØNES ,259
347,2927,KIWI 906 DEKNEPOLLEN ,250
348,2908,KIWI 908 KLOKKERSUND ,296
349,2939,KIWI 909 FLISNES ,296
350,2942,KIWI 910 KVERVE ,302
351,2946,KIWI 911 FISKARSTRAND ,302
352,2948,KIWI 912 STRANDA ,298
353,2950,KIWI 913 STRYN ,302
354,2928,KIWI 914 ULSTEINVIK ,303
355,2953,KIWI 915 VALDERØY ,303
356,2955,KIWI 916 KREMMERGAARDEN ,258
357,2957,KIWI 917 MYRVÅG ,296
358,2959,KIWI 918 LANGEVÅG ,307
359,2956,KIWI 919 NEDRE STRANDGATE ,257
360,2947,KIWI 920 BREIVIKA ,307
361,2930,KIWI 921 VESTNES ,252
362,2963,KIWI 922 NORDFJORDEID ,296
363,2940,KIWI 923 HATLANE ,302
364,2961,KIWI 924 VALLEKRYSSET ,260
365,2985,KJELDSUND ,20
366,8358,KK MAT AS ,55
367,7927,KLIPRA KAFE ,42
368,9321,KOIWA RAMEN ,21
369,8410,KOIWA SUSHI ,19
370,6642,KOKARSTEINEN ,23
371,7908,KOLVIKBAKKEN U.SKOLE KANTINE ,29
372,7903,KOLVIKBAKKEN U.SKOLE MAT/HELSE ,12
373,6440,KOMMUNEHUSET STORDAL ,4
374,3567,KONTORPUNKT ,30
375,8231,KOZMOS/GODTELAND ,6
376,8173,KRUA THAI TAKEAWAY ,22
377,1862,KRØNSJI ,3
378,5854,KRÅEN GARD AS ,19
379,9186,KVIKK AMFI MOA ,14
380,9167,KVOTEBRUS STRAND ØYSTEIN ,4
381,9166,KVOTEBRUS ÅLESUND ,11
382,6344,KYSTEN RUNDT BRYGGJA ,36
383,8692,LAMELLA ,14
384,3201,LANDSCAPE KAFE ,1
385,8643,LANGEVÅG I.L. HÅNDBALL ,6
386,3295,LANTERNEN AS ,49
387,13258,LARSNES MEK VERKSTED AS ,61
388,3207,LEIRVIKS AGENTURER ,8
389,7916,LERSTAD BARNEHAGE ,37
390,8694,LETS EAT DELI ,96
391,3907,LINJA  AVD HØGVOLL 10012,46
392,3903,LINJA DRAGSUND KANT.306834,44
393,8649,LONG CHENG RESTAURANT AS ,74
394,7812,LONGVA BARNEHAGE ,4
395,3440,LONGVA SERVICESENTER ,34
396,9308,LUCKY BOWL,39
397,3425,LØSETHS O.A.J. EFTF. AS ,52
398,9253,LØVENVOLD THEATER AS ,24
399,8264,M SUPPLY 1 ÅLESUND ,6
400,8266,M SUPPLY 5 ÅLESUND ,4
401,8267,M SUPPLY 6 ÅLESUND ,3
402,8261,M SUPPLY2  ÅLESUND ,3
403,8262,M SUPPLY3 ÅLESUND ,4
404,8263,M SUPPLY4 ÅLESUND ,3
405,13054,MADELYNN COFFEE ,54
406,3322,MAE KANYA ,9
407,1056,MAGNIFIKK ,45
408,7616,MAMMA MIA ,28
409,3438,MARDINI SPISERI ,44
410,9196,MARITIME PARTNER AS ,44
411,211,MARUTHAM HJØRUNGAVÅG ,59
412,5263,MATSTOVA OPPSTRYN ,58
413,9013,MEET & EAT ,100
414,5084,MELKEVOLL BRETUN CAMPING ,21
415,3735,MENY FOSNAVÅG ,258
416,8620,MENY LERSTAD ,302
417,2220,METIZPORT MYRVAG ,13
418,8793,MF DRYNA 100004 ,7
419,8063,MF FESTØYA ,51
420,8061,MF FINNØY ,13
421,8018,MF FOLDØY ,16
422,8734,MF GEIRANGER 100004 ,10
423,8586,MF GISKØY 100004 ,52
424,8587,MF HADARØY CATERING 100004 ,30
425,8786,MF HJØRUNDFJORD 100004 ,2
426,8581,MF HORNELEN CATERING 100004 ,18
427,8597,MF KVERNES 100004 ,10
428,8594,MF ROVDEHORN CATERING 100004 ,19
429,8582,MF SELJE CATERING 100004 ,16
430,8595,MF SKOPPHORN CATERING 100004 ,28
431,8064,MF SOLAVÅGEN ,48
432,8588,MF SULØY CATERING 100004 ,41
433,8475,MF SUNNYLVSFJORD 100004 ,21
434,8058,MF TIDEFJORD ,39
435,8599,MF VOLDA CATERING 100004 ,2
436,8065,MF ØRLAND ,23
437,3861,MH SERVICE ,6
438,7918,MIDTBYEN BARNEHAGE ,37
439,8349,MILK BAR ,60
440,2371,MILLENNIUM KAFE ,94
441,1097,MINIBAKERIET ,47
442,3643,MIX MÅLØY NY ,42
443,3658,MIX SELJE ,71
444,7587,MMC FIRST PROCESS DIGERNES ,50
445,1189,MMC FIRST PROCESS KANTINE ,46
446,8660,MOA LET'S EAT ,76
447,8785,MOLO BREW ,98
448,8232,MOMENTIUM EVENT ,1
449,3770,MURITUNET AS ,96
450,13058,MØLLA GJESTEHUS ,1
451,3880,MØRE FOLKEHØGSKULE ,48
452,8764,MØRE SUPPLY ,36
453,3891,MØRE TRAFO KANTINE ,89
454,3623,MÅLØY SPISKAMMERS ,93
455,3865,MÅLØY VG SKULE ,42
456,13316,MÅLØY VGS RESTAURANT OG MATFAG ,5
457,9272,NAMASTE ÅLESUND ,68
458,13306,NAPOLI PIZZERIA STRYN ,68
459,1151,NAPOLI,62
460,7888,NARCI CAFE OG PIZZERIA ,25
461,3984,NAUSTET GRILL ,62
462,1060,NERLANDSØYBRU PROSJEKT 21010 ,40
463,3992,NESJARTUN CAMPING ,1
464,6086,NF COWORK AS ,19
465,6644,NILSGARDSTUNET ,74
466,3981,NOGVA MOTORFABRIKK ,24
467,9141,NONNA LINA ,28
468,8038,NOR F. BERTEL.O STEEN ,58
469,9258,NOR F. COLOR LINE ,114
470,8034,NOR F. NIT LONGVA ,45
471,8032,NOR F. OPTIMAR ,62
472,8071,NOR F. POSTVEGEN 11 ,43
473,8070,NOR F. POSTVEGEN 17 ,81
474,8074,NOR F. POSTVEGEN15 ,71
475,8059,NOR F. RØYSEGATA ,81
476,8075,NOR F. SKANSEKAIA 4 ,37
477,8057,NOR F. SPAREB. 1 SMN ,76
478,7620,NOR F. STOKKE KANTINE ,57
479,2394,NOR F. VARD BR.VÅG BÅT ,3
480,2393,NOR F. VARD BRATTVÅG ,126
481,8073,NOR F. VARD ELECTRO ,90
482,7488,NORBRUK VARD BÅT ,9
483,7489,NORBRUK VARD SØVIKA ,128
484,9277,NORDAMP ÅLESUND ,11
485,4002,NORDFJORD HOTELL ,85
486,3999,NORDFJORD KJØTT AS KANTINE ,49
487,10096,NORENGROS ØDEGAARD ENGROS ,32
488,9010,"NORSK SCANIA AS,AVD.6470 ÅLE ",7
489,13326,NYGÅRD CAMPING ,10
490,2812,NYNORSK KULTURSENTRUM ,11
491,6442,NÆRBUTIKKEN NORDDAL ,2
492,7672,NÆRBUTIKKEN ROVDE ,100
493,7284,NÆRBUTIKKEN VELLEDALEN ,98
494,7925,NØRVE BARNEHAGE 2024 ,37
495,774,O.L. BREKKE KAFE CATERING ,52
496,3437,O.P LØDØENS ,10
497,4047,OBS BYGG DIGERNES ,12
498,13115,OLDEIDE MATSENTER STORHUSH. ,49
499,5074,OLDEN CAMPING GYTRI ,11
500,2670,OLDEN FJORDHOTEL ,48
501,5072,OLDEVATN CAMPING ,10
502,5191,OLE RINGDAL AS ,6
503,1968,OLEBUDA ,2
504,13092,OPPSTRYN URTEMANUFAKTUR ,20
505,8483,ORRENESET MISJONSSENTER ,28
506,5129,OSDALS CATERING ,72
507,3895,P.G.FRANTZEN EIENDOM KANTINE ,1
508,9243,PATOGEN ,10
509,13046,PEPPES PIZZA AMFI MOA AVD.319 ,102
510,3671,PERA RESTAURANT ,3
511,8030,PERS CAFE ,30
512,5083,PETRINES GJESTGIVERI ,1
513,7591,PHARMA MARINE ,52
514,9014,PINSEKIRKA FILADELFIA ÅLESUND ,4
515,2633,PIZZA VIVA NAPOLI HELLESYLT ,15
516,13317,POP UP NORGE ,2
517,3642,POPPEN KIOSK ,3
518,5182,PORSGRUND OUTLET ,4
519,2373,POSTEN RESTAURANT OG BAR ,86
520,5183,POWER STRYN ,6
521,7924,PRESTEMARKA BARNEHAGE ,37
522,9259,PULS NORGE AVD ÅLESUND ,5
523,13124,QUALITY HOTEL ULSTEIN ,131
524,8882,QUALITY HOTEL WATERFRONT ,137
525,8942,QUALITY HOTEL ÅLESUND ,124
526,7939,RABBEVÅGEN BARNEHAGE ,36
527,8929,RACOON COFFEE ,127
528,5195,RAFTEVOLDS HOTEL ,40
529,8890,RAGNHILD'S CATERING ,98
530,9312,RASOI ÅLESUND ,45
531,7914,RATVIKÅSEN BARNEHAGE ,15
532,2626,RAUS ,54
533,5181,REKKEDAL GJESTEGARD ,40
534,3338,REMMEMSVIK KIOSK & GATEKJØKKEN ,99
535,5901,REM,49
536,2221,RENEX  AVD MYKLEBUST ,94
537,9193,RENHOLDSSENTERET AS ,47
538,13069,RESTAURANT 34 ,15
539,9197,ROCK GIFT SHOP ,2
540,6659,ROKKEN STUDENTHUSET ,14
541,5073,RUNDE MILJØSENTER ,21
542,9164,RUSTA AVD 387 VOLDA ,15
543,9150,RUSTA RETAIL AVD 360 ÅLESUND ,18
544,5064,RUSTØY OVERNATTING ,4
545,13067,SABRURA MOA ,91
546,5853,SABRY SUSHI ,50
547,2494,SALG & UTLEIE BUDA ØCAL ,14
548,3449,SALONG LONGVA FLEM ,2
549,5841,SANDETUN ,11
550,5851,SANDETUN ,53
551,7936,SANDØYTUNET HOVUDKJØKKEN 2024 ,48
552,7905,SANITETSHJEMMET BOKOLLEKTIV ,52
553,8834,SANSESENTERET SULATUNET ,52
554,9328,SCAN ASIAN SHOP KREMMERGÅRDEN ,1
555,9114,SCAN ASIAN SHOP MOA ,7
556,8860,SCANDIC PARKEN AVD RESTAURANT ,11
557,8850,SCANDIC PARKEN HOTELL  MAT ,148
558,8564,SEAFOOD FARMERS OF NORWAY ,51
559,7619,SEAGEMS NORWAY ,9
560,8443,SELECTA NORWAY AVD ÅLESUND ,19
561,9079,SIT KAFE/KANTINE ÅLESUND ,82
562,9065,SIT SUNDEBYGGET STUDENTHUS ,7
563,6085,SJØBAKKEN FJORD CAMPING ,1
564,6017,SJØHOLT CATERING AS ,73
565,6020,SJØHOLT FOLKEHØGSKOLE ,43
566,5904,SJØKANTEN CAFE ,63
567,8905,SK ROLLON ,4
568,7926,SKARBØVIK BARNEHAGE ,42
569,7906,SKARBØVIK SYKEHJEM 2024 ,70
570,9006,SKARBØVIK TANKANLEGG AS ,1
571,779,SKJELTOLE,23
572,3607,SKJÆRBUDA RESTAURANT ,21
573,7915,SKODJE BARNEHAGE 2024 ,28
574,7929,SKODJE OMSORGS. KJØKKEN 2024 ,46
575,7571,SKRØPPATAUSENE ,82
576,788,SKURET PORSELEN OG DESIGN ,10
577,6788,SLICE & BITE ,1
578,6769,SMAK KAFE & CATERING ,74
579,7325,SNORREBUDA ,34
580,3289,SOI ONE ,81
581,6717,SOI ONE VOLDA ,75
582,9294,SOI ONE ÅLESUND ,99
583,6084,SOL CAFÈ ,53
584,13251,SOLSIKKA BARNEHAGE ,44
585,9055,SPAR EIDSNES ,290
586,4220,SPAR ELLINGSØY ,239
587,880,SPAR FISKÅBYGD ,196
588,1845,SPAR FOSNAVÅG ,257
589,2170,SPAR HORNINDAL ,153
590,5550,SPAR HOVDEBYGDA ,207
591,1090,SPAR LANGEVÅG ,300
592,4235,SPAR RAUDEBERG ,201
593,8697,SPAR SPJELKAVIK ,308
594,6600,SPAR STRAUMANE ,204
595,6780,SPAR SVINGEN ,300
596,7010,SPAR SØVIK ,203
597,7020,SPAR SØVIK REKVISITA ,7
598,6320,SPAR TRESFJORD ,153
599,7765,SPAR ULSTEINVIK ,302
600,4245,SPAR VALLDAL ,161
601,7450,SPAR VARTDAL ,241
602,5540,SPAR VOLDA ,214
603,4225,SPAR ÅSE ,264
604,8997,SPAREBANKEN MØRE KANTINE ,71
605,7627,SPERRE INDUSTRI  KANTINE ,63
606,8479,SPISESTUA KAFE OG RESTAURANT ,150
607,7910,SPJELKAVIK OMSORGSSENTER 2024 ,53
608,8967,SPJELKAVIK VEISERVICE ,83
609,8298,SPJELKAVIK VGS ELEVKANTINE ,41
610,8486,SPK HERD ,2
611,9159,SPORTSPARKEN VEGSUND ,83
612,5892,SSP AKSLA INT A331 AES ,85
613,5888,SSP O'LEARYS A327 AES ,129
614,5894,SSP POINT DOM A328 AES ,142
615,5895,SSP PROD.KJØKKEN Y018 AES ,115
616,5887,SSP UPPER CRUST A326 AES ,120
617,1689,ST1  VEGSUND 9377 ,86
618,1699,ST1 ULSTEINVIK 9109 ,97
619,1697,ST1 VESTNES 9289 ,95
620,1696,ST1 ØRSKOG 9415 ,88
621,1698,ST1 ØRSTA 9163 ,84
622,6433,STABBURET SVE KANTINE ST,43
623,13088,STAD HOTELL ,63
624,9190,STEINOVNEN BAR OG PIZZERIA ,2
625,7913,STETTE BARNEHAGE ,36
626,2826,STIFT JOST.BREEN NASJ.P.SENTER ,14
627,9232,STIFT.VITI AVD SUNNM.MUSEUM ,29
628,9050,STIFTINGA VITI AVD SM CAFÈ ,17
629,8409,STIFTINGA VITI KUNSTMUSEET ,9
630,5852,STOLT MAT ,5
631,6654,STORDAL AUTO ,21
632,6538,STORFJORD GASTROPUB ,66
633,6646,STORFJORD ISKREM ,8
634,500,STORFJORD KULTURHUS ,12
635,7937,STORHAUGEN BARNEHAGE ,43
636,6456,STRANDA BAKERI ,36
637,6599,STRANDA BOOKING ,22
638,6548,STRANDA OMSORGSS.AVD SOLBAKKEN ,49
639,6545,STRANDA OMSORGSSENTER ,52
640,314,STRANDA VIDAREGÅANDE SKULE ,34
641,6457,STRANDAFJELLET REST.DRIFT AS ,55
642,6764,STRYN BENSINSTASJON ESSO ,101
643,6645,STRYN HOTEL AS ,71
644,2161,STRYN KAFFEBAR OG VERTSHUS ,107
645,5264,"STRYN TORG,MATSTOVA ",51
646,2151,STRYN VERTSHUS AVD KIOSK ,7
647,13315,STRYN VGS KANTINE ,27
648,6773,STRYNEFJELLET SOMMERSKI ,5
649,6765,STRYNSVATN CAMPING ,11
650,8675,STUEN AS ,74
651,1843,STØDT ,25
652,7494,SUBSEA 7 VIGRA SPOOLBASE ,148
653,8825,SULATUNET ,95
654,8848,SULATUNET AVD.SLOGHAUGVEIEN ,12
655,9094,SUNDE BARNEHAGE ,43
656,9085,SUNDE FJORD HOTEL AS ,52
657,2684,SUNDE KIOSKEN ,27
658,1068,SUNDEHJØRNET ,1
659,6700,SUNNMØRE FOLKEHØGSKULE ,83
660,2565,SUNNMØRSBADET FOSNAVÅG ,45
661,6730,SUNNYLVEN OMSORGSENTER ,11
662,8378,SVERRE EIDSVIK ,2
663,4211,SYKK.KOMM. OPEN STORHALL ,2
664,6856,SYKKYLVEN BARNE & FAM.TENESTE ,6
665,6853,SYKKYLVEN BU OG AKTIVITETSS. ,95
666,6821,SYKKYLVEN KINO ,8
667,6080,SYKKYLVEN KYRKJELEGE FELLESRÅD ,2
668,6376,SYKKYLVEN UNGDOMSSKULE ,15
669,8185,SYKKYLVEN VGS ,28
670,6374,SYLTE HOTELL ,12
671,6872,SYLTEBØEN BARNEHAGE ,23
672,6878,SYLTEORMEN BAKERI ,36
673,7809,SØVIK BARNEHAGE 2024 ,35
674,9175,T&T SUSHI ,2
675,9288,T2 ,14
676,7012,TAFJORD BÅTHAVN OG BISTRO AS ,9
677,7017,TAFJORD CAMPING ,2
678,9249,TAI SHAN RESTAURANT ,10
679,9077,TAJMAHAL ,20
680,7048,TANDOORI MIX ,28
681,7808,TENNFJORD BARNEHAGE ,33
682,8958,TERMINALEN ,49
683,7053,THAI MIX ,40
684,8174,THAI THAI ÅLESUND ,40
685,9248,THE GREEDY BOX ,55
686,13313,THON HOTEL BARONEN ,47
687,13314,THON HOTEL MÅLØY 635102 ,37
688,1039,THONG THAI ,3
689,1824,TIK CAFE & RESTAURANT ,100
690,9090,"TINE SA, KANTINE ",30
691,8436,TINGSTAD AS KANTINE ,45
692,5065,TJUGEN CAMPING ,5
693,13330,TOMA KANT.1184701 POSTVEGEN 2 ,46
694,13333,"TOMA KANT.NØRESTRANDA,1188202 ",27
695,13312,"TOMA KANT.SOR.SK.B.GT,1116201 ",44
696,13332,"TOMA KANT.TORVMYRANE,1188201",37
697,13245,TOMMELITEN BARNEHAGE SA ,20
698,7088,TORGET MAT ,13
699,7070,TOTLANDS BOKHANDEL ,48
700,9131,TRANKOKERIET ANTIKK ,5
701,13095,TREDET ,69
702,5089,TROLLBU AABREKK GARD ,22
703,12233,TRSP.O BR. REMØ ,1
704,6536,TUSENFRYD BARNEHAGE ,2
705,9279,TYRHOLM OG FARSTAD ,94
706,6822,ULLAVIK BARNEHAGE ,19
707,13283,ULSHAV AVD. MJØL OG MEIR ,43
708,7312,ULSTEIN ARENA 252201 ,77
709,7327,ULSTEIN KOMM.RÅDHUSET 110100 ,6
710,7313,ULSTEIN KOMMUNE OMSORGSTENESTA ,52
711,7328,ULSTEIN KOMMUNE TEK.UTESEKSJ. ,6
712,7311,ULSTEIN SJUKEHEIM 304101 ,99
713,7276,ULSTEIN VIDAREGÅANDE SKULE ,67
714,9099,UNGDOM I OPPDRAG  ÅLESUND ,30
715,7272,UNGDOMSKLUBBEN BELL UK 250200 ,6
716,7384,VALAKER AVD. FOSNAVÅG ,51
717,7382,VALAKER AVD. MOA NORD ,46
718,7381,VALAKER AVD. MOA SYD ,75
719,7385,VALAKER AVD. RÅDHUSET ÅLESUND ,50
720,7387,VALAKER AVD. VESTNES ,52
721,13220,VALAKER AVD. ÅLESUND STORSENTE ,96
722,7383,VALAKER BLÅHUSET ULSTEINVIK ,54
723,7388,VALAKER HOVEDKONTOR/KONDITORI ,14
724,7380,VALLDAL BILSENTER ,49
725,7350,VALLDAL FJORD LODGE ,15
726,7355,VALLDAL SJUKEHEIM ,58
727,7933,VALLE BARNEHAGE 2024 ,16
728,7435,VANYLVEN OMSORGSENTER 50401 ,54
729,8478,VARD GROUP SKANSEKAIA 422571 ,89
730,7445,VARTDAL HELSETUN 31096 ,52
731,8133,VELLE BARNESKULE ,9
732,8127,VELLE BARNESKULE KAFFEKONTO ,2
733,7417,VERONA PIZZA ,52
734,9245,VEST RESTAURANT ,83
735,7515,VESTBORG VIDAREGÅANDE SKULE ,36
736,6715,VESTLANDSKE BURGERKOMPANI ,6
737,13023,VESTNES FJORDHOTEL ,44
738,13123,VESTNES SENTRALKJØKKEN ,99
739,7508,VESTVANG BOKHANDEL ,24
740,9314,VIDDALS GARTNERI ,1
741,9130,VIDESETER HOTELL ,15
742,7579,VIGRA BARNEHAGE ,14
743,7578,VIGRA SERVICENTER ,51
744,7645,VIK BILVERKSTED ,32
745,6859,VIKEDALEN BARNEHAGE ,43
746,8005,VINNI BAR OG RESTAURANT ,94
747,8517,VINTERHAGEN ,105
748,6714,VOLDA CAMPUS ARENA ,7
749,1640,VOLDA OMSORGSSENTER 410401 ,99
750,1838,VOLDA SJUKEHUS HF AVD 9033 ,91
751,7864,VOLDA TURISTHOTELL AS ,18
752,2212,VOLDA VIDAREGÅANDE SKULE/KANTI ,36
753,1641,VOLDABADET ,14
754,272,VOLSDALEN CAMPING ,11
755,8053,WELLE GRAVFERDSTJENESTER ,4
756,8017,WESTRES BAKERI RYSTELANDET ,34
757,8027,WESTRES KOND. AVD SUNN OG GOD ,81
758,8026,WESTRES KOND. AVD VOLDA ,61
759,8028,WESTRES KOND. AVD ØRSTA AMFI ,65
760,8633,WOK & GRILL ,13
761,8343,XL DINER ,103
762,8515,XL FOOD COMPANY ,72
763,8025,YONG HONG RESTAURANT ,1
764,5086,YRI OUTDOOR ,3
765,7938,YSTENESET BOLIGER ,15
766,376,YUSUF ,19
767,13329,YX KNUTEPUNKTET ,27
768,3297,YX LARSNES ,9
769,8555,ZUUMA ,85
770,10097,ØDEGAARD ENGROS SPISEROM ,35
771,7941,ØHD,29
772,6024,ØRSKOG BILSENTER ,4
773,6027,ØRSKOG KINO ,1
774,7909,ØRSKOG SJUKEHEIM 2024 ,53
775,7912,ØRSKOG SKULE SFO 2024 ,20
776,8054,ØRSTA CAMPING AS ,74
777,8172,ØRSTA KULTURHUS OG  KINO ,4
778,8137,ØRSTA RÅDHUS KANTINE ,3
779,8183,ØRSTA VGS REST.&MATFAG ,36
780,8130,ØRSTAHEIMEN  FELLESKJ 31266 ,100
781,9204,AAFK FORTUNA ,1
782,1976,ÅHJEMSBUA ,7
783,7319,ÅLESUND ASIA SHOP ,2
784,9125,ÅLESUND BEH.SENTER AVD 6711 ,52
785,8285,ÅLESUND FENGSEL 3390KARSANDN ,48
786,8348,ÅLESUND FOLKEHØGSKOLE ,65
787,8280,ÅLESUND FOTBALL AS ,1
788,1982,ÅLESUND GOLFKLUBB ,20
789,7901,ÅLESUND KOMMUNE KONSERNINNKJØP ,1
790,7586,ÅLESUND PADEL ,9
791,8258,AALESUND PROTECTIVE WEAR AS ,16
792,8963,ÅLESUND SJUKEHUS HF AVD 9034 ,100
793,9179,ÅLESUND STORSENTER ,10
794,9231,ÅLESUND SUSHI ,2
795,13202,ÅLESUND VGS VOLSDALSBERGA ,35
796,8989,AARFLOT HAVNEVIK AS ,46
797,7928,ÅRØYHAUGEN BARNEHAGE 2024 ,43
798,7919,ÅSE HELSEHUS 2024 ,52
