KUNDNR,KUNDENAVN,GATEADRESSE1,POSTNR,POSTSTED,LEVERINGSADRESSE2
213,1996  HOTEL ALEXANDRA,,6789.0,LOEN,
355,KIWI 827 ØRSTA,7080000022502,3412.0,LIERSTANDA,HÅKONSGATA 16
410,AURSNES HOTELL,,6230.0,SYKKYLVEN,ØRSNESET
500,STORFJORD KULTURHUS,BOKS 128,6201.0,STRANDA,POSTBOKS 128
643,JOKER HJELLEDALEN,7080000034826,901.0,OSLO,
645,JUVET LANDSKAPSHOTELL,KLAUS NILSENS GATE 10,6003.0,ÅLESUND,GUDBRANDSJUVET
772,BRATTVÅG BARNEHAGE,FJELLBU 2,6270.0,BRATTVÅG,FJELLBU 2
774,O.L. BREKKE KAFE CATERING,PERHUSVEGEN 9,6783.0,STRYN,PERHUSVEGEN 9
785,BRATTVÅG BOWLING AS,STORGATA 15,6270.0,BRATTVÅG,STORGATA 15
796,JOKER FIKSDAL,7080000546121,901.0,OSLO,
880,SPAR FISKÅBYGD,7080000028542,901.0,OSLO,
890,CENTRUMSKIOSKEN,SJØGATA 13,6065.0,ULSTEINVIK,SJØGATA 13
1047,CHRISTIAN GAARD BYGDETUN AS,,6183.0,TRANDAL,
1048,DIDRIKS KAFE & GAVER,EIDSGATA 38,6770.0,NORDFJORDEID,EIDSGATA 38
1126,JOKER LOEN,7080000017836,901.0,OSLO,
1134,HAKALLEGARDEN,HAKALLESTRANDA,6149.0,ÅRAM,HAKALLESTRANDA
1615,FJORDANE FOLKEHØGSKULE,POSTBOKS 130,6771.0,NORDFJORDEID,POSTBOKS 130
1640,VOLDA OMSORGSSENTER 410401,FAKTURAMOTTAK,6102.0,VOLDA,BARSTADMARKA 2
1715,JOKER VIKANE,7080000032136,901.0,OSLO,
1845,SPAR FOSNAVÅG,7080001181963,901.0,OSLO,MYKLEBUSTVN.42
1890,JOKER TOMREFJORD,7080000878932,901.0,OSLO,
1910,HOTEL GEIRANGER,,6216.0,GEIRANGER,GEIRANGERVEGEN 22
1911,GEIRANGER OMSORGSSENTER,STRANDA KOMMUNE,6200.0,STRANDA,MARÅKVEGEN 36
2060,GOKSØYR CAMPING,GOKSØYRVEGEN 51,6096.0,RUNDE,GOKSØYRVEGEN 51
2212,VOLDA VIDAREGÅANDE SKULE/KANTI,FAKTURAMOTTAK-ØK.SEKSJON,6404.0,MOLDE,VEVENDELVEGEN 35
2497,HJELLE HOTEL AS,HJELLE,6798.0,HJELLEDALEN,
2565,SUNNMØRSBADET FOSNAVÅG,LISJEBØVEIEN  10 B,6090.0,FOSNAVÅG,LISJEBØVEIEN 10 B
2567,HERØY VGS KANTINE,FAKTURAMOTTAK FYLKESHUSET,6404.0,MOLDE,
2571,HERØY VGS UNDERVISNINGSKJØKKEN,FAKTURAMOTTAK FYLKESHUSET,6404.0,MOLDE,LISJEBØVEGEN 4
2620,HJØRUNDFJORDHEIMEN,FAKTURASENTER RÅDHUSET,6150.0,ØRSTA,ØYRAGATA 20
2700,INNVIK FJORDHOTELL,,6793.0,INNVIK,
2812,NYNORSK KULTURSENTRUM,INDREHOVDEVEIEN 176,6160.0,HOVDEBYGDA,INDREHOVDEVEIEN 176
2819,ISEHAUG KAFETERIA,BOKS 138,6781.0,STRYN,PERHUSVEGEN 20
2826,STIFT JOST.BREEN NASJ.P.SENTER,,6799.0,OPPSTRYN,
2908,KIWI 908 KLOKKERSUND,7080001135478,3412.0,LIERSTANDA,NEDRE KLOKKERSUNDVEGEN 2
2914,KIWI 903 MÅLØY,7080001098315,3412.0,LIERSTANDA,SELSTADGÅRDEN
2920,KIWI 905 EGGESBØNES,7080001099909,3412.0,LIERSTANDA,
2927,KIWI 906 DEKNEPOLLEN,7080001099947,3412.0,LIERSTANDA,BOKS 1024
2928,KIWI 914 ULSTEINVIK,7080001199340,3412.0,LIERSTANDA,SAUNESVEGEN 2
2931,KIWI 901 NØRVE,7080001099930,3214.0,LIERSTANDA,NØRVEGATA 23
2932,KIWI 902 SPJELKAVIK,7080001099961,3412.0,LIERSTANDA,SPJELKAVIKVEGEN 42
2935,KIWI 844 SYKKYLVEN,7080000067282,3412.0,LIERSTANDA,
2936,KIWI 843 VOLDA,7080001181901,3412.0,LIERSTANDA,VIKEBYGDVEGEN 4
2939,KIWI 909 FLISNES,7080001138028,3412.0,LIERSTANDA,FLISNESVEIEN 1
2942,KIWI 910 KVERVE,7080001148645,3412.0,LIERSTANDA,
2946,KIWI 911 FISKARSTRAND,7080001152215,3412.0,LIERSTANDA,
2948,KIWI 912 STRANDA,7080001176433,3412.0,LIERSTANDA,ØYNA 10
2950,KIWI 913 STRYN,7080001190668,3412.0,LIERSTANDA,WALHALLAVEGEN 2
2953,KIWI 915 VALDERØY,7080001203931,3412.0,LIERSTANDA,
2955,KIWI 916 KREMMERGAARDEN,7080001208721,3412.0,LIERSTANDA,RASMUS RØNNEBERGSGT 6
2957,KIWI 917 MYRVÅG,,6080.0,GURSKØY,
2960,CAFE NOVA,BOKS 238,6067.0,ULSTEINVIK,POSTBOKS 238
3070,BUNNPRIS BRATTVÅG,C/O I K LYKKE DRIFT AS,7005.0,TRONDHEIM,STRANDG 40
3075,BUNNPRIS VATNE,C/O I K LYKKE DRIFT AS,7005.0,TRONDHEIM,POSTBOKS 7
3076,BUNNPRIS SPJELKAVIK,C/O I K LYKKE DRIFT AS,7005.0,TRONDHEIM,KANALVEGEN 18
3077,BUNNPRIS ULSTEINVIK,C/O I K LYKKE DRIFT AS,7005.0,TRONDHEIM,SAUNESV.10
3080,BUNNPRIS VALDERØY,C/O I K LYKKE DRIFT AS,7005.0,TRONDHEIM,ØYSENTERET
3086,BUNNPRIS OLDEN,C/O I K LYKKE DRIFT AS,7005.0,TRONDHEIM,
3092,BUNNPRIS STAD,C/O I K LYKKE DRIFT AS,7005.0,TRONDHEIM,
3095,BUNNPRIS HAREID,C/O I K LYKKE DRIFT AS,7005.0,TRONDHEIM,
3096,BUNNPRIS EID,C/O I K LYKKE DRIFT AS,7005.0,TRONDHEIM,
3097,BUNNPRIS STRYN,ROGNHAUGEN 13,6783.0,STRYN,
3148,JOKER ÅRAM,,6149.0,ÅRAM,HAKALLESTRANDA 443
3210,JOKER LEPSØY,7080000007387,901.0,OSLO,
3295,LANTERNEN AS,,6070.0,TJØRVÅG,
3318,2057 HOTEL LOENFJORD,,6789.0,LOEN,
3338,REMMEMSVIK KIOSK & GATEKJØKKEN,,6390.0,VESTNES,
3425,LØSETHS O.A.J. EFTF. AS,SJØVEGEN 129,6230.0,SYKKYLVEN,SJØVEGEN 129
3615,JOKER GODØY,7080001100599,901.0,OSLO,
3735,MENY FOSNAVÅG,7080000008896,3412.0,LIERSTANDA,
3756,MOTORHUSET,POSTBOKS 110,6201.0,STRANDA,POSTBOKS 110
3770,MURITUNET AS,GRANDEGATA 58,6210.0,VALLDAL,
3880,MØRE FOLKEHØGSKULE,POSTBOKS 14,6151.0,ØRSTA,POSTBOKS 14
3984,NAUSTET GRILL,HAVNEGATA,6100.0,VOLDA,HAVNEGATA
4070,JOKER LARSNES,7080001175641,901.0,OSLO,
4110,EUROSPAR ØRSTA,7080001090708,901.0,OSLO,FJORDTORGET
4220,SPAR ELLINGSØY,7080000396399,901.0,OSLO,
4225,SPAR ÅSE,7080000071357,901.0,OSLO,POSTBOKS 3010
5102,CHINA HOUSE,POSTBOKS 357,6065.0,ULSTEINVIK,SJØGATA 45
5191,OLE RINGDAL AS,,6218.0,HELLESYLT,
5280,JOKER HELLESYLT 708000993239,7080000993239,901.0,OSLO,PER GYNT GATA
5540,SPAR VOLDA,7080001235253,901.0,OSLO,KÅRSTADVEIEN 24
6011,JOKER UTVIK,7080000459810,901.0,OSLO,
6017,SJØHOLT CATERING AS,POSTBOKS 104,6249.0,ØRSKOG,POSTBOKS 104
6170,JOKER SÆBØ,,6165.0,SÆBØ,
6320,SPAR TRESFJORD,7080000602322,901.0,OSLO,
6340,BUNNPRIS STRAUMGJERDE,SYKKYLVSV 1038,6220.0,STRAUMGJERDE,SYKKYLVSV 1038
6343,BUNNPRIS BRYGGJA,MAURSTAD,6711.0,BRYGGJA,MAURSTAD
6360,EUROSPAR HAREID,7080000025220,901.0,OSLO,KJØPMANNSGATA 13
6437,2752 STORFJORD HOTEL,SKANSEKAIA,6002.0,ÅLESUND,
6545,STRANDA OMSORGSSENTER,STRANDA KOMMUNE,6200.0,STRANDA,NYMARKVEGEN 34
6548,STRANDA OMSORGSS.AVD SOLBAKKEN,STRANDA KOMMUNE,6200.0,STRANDA,MOVEGEN 71
6600,SPAR STRAUMANE,7080001137793,901.0,OSLO,
6645,STRYN HOTEL AS,VISNESVEIEN 1,6783.0,STRYN,VISNESVEIEN 1
6654,STORDAL AUTO,,6250.0,STORDAL,STORDALSVEGEN 531
6659,ROKKEN STUDENTHUSET,POSTBOKS 278,6101.0,VOLDA,INDUSTRIGATA 12
6700,SUNNMØRE FOLKEHØGSKULE,VARLEITEVEIEN 5,6065.0,ULSTEINVIK,VARLEITEVEIEN 5
6730,SUNNYLVEN OMSORGSENTER,STRANDA KOMMUNE,6200.0,STRANDA,
6731,KANTINA BERTE KANUTTE HUSET,POSTBOKS 278,6101.0,VOLDA,JOPLASSVEGEN 11
6764,STRYN BENSINSTASJON ESSO,POSTBOKS 203,6781.0,STRYN,POSTBOKS 203
6769,SMAK KAFE & CATERING,POSTBOKS 227,6781.0,STRYN,TONNINGSGATA 12
6780,SPAR SVINGEN,RINGSTADVEIEN 67,6200.0,STRANDA,RINGSTADVEIEN 67
6853,SYKKYLVEN BU OG AKTIVITETSS.,FAKTURAMOTTAK RÅDHUSET,6230.0,SYKKYLVEN,HAUGNESET 16
7010,SPAR SØVIK,7080001183028,901.0,OSLO,
7020,SPAR SØVIK REKVISITA,,6280.0,SØVIK,
7255,0431 H UNION GEIRANGER MAT,GEIRANGERVEGEN 100,6216.0,GEIRANGER,GEIRANGERVEGEN 100
7261,0431 H.UNION GEIRANGER BAR 2,GEIRANGERVEGEN 100,6216.0,GEIRANGER,GEIRANGERVEGEN 100
7272,UNGDOMSKLUBBEN BELL UK 250200,"POSTBOKS 143, REF 250200",6067.0,ULSTEINVIK,SKOLLEBAKKEN 6
7288,URKE LANDHANDEL,URKE,6196.0,NORANGSFJORDEN,URKE
7311,ULSTEIN SJUKEHEIM 304101,REF 304101 ULSTEIN KOMMUNE,6065.0,ULSTEINVIK,
7355,VALLDAL SJUKEHEIM,SERVICETORGET,6211.0,VALLDAL,
7363,GISKE KOMMUNE KANTINA RÅDHUSET,RÅDHUSET V/ØKON.SEKSJONEN,6050.0,VALDERØY,RÅDHUSET
7380,VALLDAL BILSENTER,VALLDAL,6210.0,VALLDAL,VALLDAL
7381,VALAKER AVD. MOA SYD,MOA SYD,6280.0,SØVIK,LANGELANDSVEIEN 42
7382,VALAKER AVD. MOA NORD,MOA NORD,6280.0,SØVIK,MOAVEIEN 1
7383,VALAKER BLÅHUSET ULSTEINVIK,AVD BLÅHUSET ULSTEINVIK,6280.0,SØVIK,VIKEMYRA 1
7384,VALAKER AVD. FOSNAVÅG,AVD FOSNAVÅG,6280.0,SØVIK,
7385,VALAKER AVD. RÅDHUSET ÅLESUND,AVD ÅLESUND RÅDHUS,6280.0,SØVIK,KEISER WILHELMSGT. 11
7387,VALAKER AVD. VESTNES,VESTNES BRYGGE,6280.0,SØVIK,VESTNES BRYGGE
7388,VALAKER HOVEDKONTOR/KONDITORI,VALAKER HOVEDKONTOR,6280.0,SØVIK,
7390,EUROSPAR VALDERØY,7080000014033,901.0,OSLO,
7435,VANYLVEN OMSORGSENTER 50401,VA3080,6143.0,FISKÅBYGD,
7445,VARTDAL HELSETUN 31096,FAKTURASENTER RÅDHUSET,6150.0,ØRSTA,VARTDALSSTRANDA 1225
7450,SPAR VARTDAL,7080001188733,901.0,OSLO,
7497,JOKER STADLANDET,,6750.0,STADLANDET,
7578,VIGRA SERVICENTER,NØRESTRANDA 43,6040.0,VIGRA,NØRESTRANDA 43
7585,GISKE OMSORGSSENTER,GISKE KOMMUNEKASSE,6050.0,VALDERØY,
7615,HAVILA HOTELL IVAR AASEN,POSTBOKS 113,6151.0,ØRSTA,PARKVEGEN 9
7642,KIWI 830 SKJELLEBREIDA VOLDA,7080000014361,3412.0,LIERSTANDA,RØYSBAKKEN 3
7645,VIK BILVERKSTED,,6140.0,SYVDE,SYVDEFJORDSVEGEN 542
7740,EUROSPAR SYKKYLVEN,7080000014385,901.0,OSLO,HAUGNESET 26
7755,JOKER STORDAL,7080000014392,901.0,OSLO,
7864,VOLDA TURISTHOTELL AS,POSTBOKS 197,6101.0,VOLDA,SKJERVAVEGEN 11
8025,YONG HONG RESTAURANT,HOLMSILDGATA 16,6090.0,FOSNAVÅG,SENTRUMSGÅRDEN
8030,PERS CAFE,SJØATUNET,6788.0,OLDEN,SJØATUNET
8054,ØRSTA CAMPING AS,OSHOLANE 2,6155.0,ØRSTA,OSHOLANE 2
8130,ØRSTAHEIMEN  FELLESKJ 31266,FAKTURASENTER RÅDHUSET,6150.0,ØRSTA,HÅKONSGATE 78
8183,ØRSTA VGS REST.&MATFAG,FAKT.MOTTAK ØK.SEKSJONEN,6404.0,MOLDE,ANDERS HOVDENS GT. 9
8280,ÅLESUND FOTBALL AS,SJØMANNSVEIEN 14,6008.0,ÅLESUND,"INNGANG 3, 4ETG, TLF.45200166"
8285,ÅLESUND FENGSEL 3390KARSANDN,DFØ FAKTURAMOTTAK,2308.0,HAMAR,KIPERVIKGATA 16
8288,ATLANTERHAVSPARKEN ÅLESUND,"BOKS 2090, SKARBØVIK",6028.0,ÅLESUND,"POSTBOKS 2090, SKARBØVIK"
8298,SPJELKAVIK VGS ELEVKANTINE,FAKTURAMOTTAK,6404.0,MOLDE,LANGHAUGEN 22
8326,EKORNES AS,FAKTURAMOTTAK,6222.0,IKORNNES,BRUNHOLMGT. 8
8331,BROKIOSKEN,LORKENESTORGET,6002.0,ÅLESUND,LORKENESTORGET
8342,BORGUND VGS KANTINE,"FAKT.MOTTAK-ØK.,FYLKESHUSET",6404.0,MOLDE,YRKESSKOLEVEGEN 20
8343,XL DINER,POSTBOKS 46,6001.0,ÅLESUND,SKAREGATA 1B
8348,ÅLESUND FOLKEHØGSKOLE,LØYPEVEGEN 1,6012.0,ÅLESUND,HATLEHOLEN
8352,BRUSDALSHEIMEN,BRUSDALSVEGEN 670,6260.0,SKODJE,BRUSDALSVEGEN 670
8399,ANDREAS FAUSA EFTF.,POSTBOKS 38,6039.0,LANGEVÅG,
8401,FAGERLIA VGS KANTINE,ØKONOMISEKSJON. FYLKESHUSET,6404.0,MOLDE,GANGSTØVIKVN. 27
8436,TINGSTAD AS KANTINE,POSTBOKS 1504,6025.0,ÅLESUND,BREIVIKA IND.VEG 4
8437,GRIMMERGATA 5 AS KANTINE,POSTBOKS 1313 SENTRUM,6001.0,ÅLESUND,POSTBOKS 1313 SENTRUM
8443,SELECTA NORWAY AVD ÅLESUND,POSTBOKS 90 ALNABRU,614.0,OSLO,SOLAVÅGSVEGEN 1A
8466,BAMA STORKJØKKEN AVD ÅLESUND,C/O BAMA GRUPPEN,614.0,OSLO,
8483,ORRENESET MISJONSSENTER,P.B.25,6238.0,STRAUMGJERDE,POSTBOKS 25
8486,SPK HERD,POSTBOKS 7631,6022.0,ÅLESUND,POSTBOKS 7631
8576,JOHNNY KIOSK SKATEFLUA,SKAREGATA 1C,6002.0,ÅLESUND,SKAREGATA 1C
8620,MENY LERSTAD,7080001098698,901.0,OSLO,LERSTADVEIEN 291
8625,Å576 LAGER,POSTBOKS 60,9251.0,TROMSØ,SJØMANNSVEIEN 19
8643,LANGEVÅG I.L. HÅNDBALL,,6030.0,LANGEVÅG,REMANE 78
8649,LONG CHENG RESTAURANT AS,STRANDGATEN 61,4370.0,EGERSUND,KONGENSGT. 25
8660,MOA LET'S EAT,POSTBOKS 6731,609.0,OSLO,MOAVEIEN 1
8675,STUEN AS,SKANSEKAIA,6002.0,ÅLESUND,TOLLBUGATA1
8697,SPAR SPJELKAVIK,7080000009046,901.0,OSLO,SPJELKAVIK SENTRUM
8786,MF HJØRUNDFJORD 100004,POSTBOKS 354,6902.0,FLORØ,HJØRUNGAVÅGVEGEN 137
8801,2743 62 NORD,SKANSEKAIA,6002.0,ÅLESUND,APOTEKERGATA 9A
8825,SULATUNET,"AVD. REGNSKAP,FINANS",6039.0,LANGEVÅG,STADSNESVEIEN 23
8874,FRIMURERLOGENE I ÅLESUND,BOKS 241,6001.0,ÅLESUND,GISKEGATA 12
8882,QUALITY HOTEL WATERFRONT,SNR 15831209,510.0,OSLO,
8890,RAGNHILD'S CATERING,STADSNESVEIEN 11,6030.0,LANGEVÅG,STADSNESVEIEN 11
8892,BRØDR REMØ AS,C/O AZETS INSIGHT AS,7439.0,TRONDHEIM,
8989,AARFLOT HAVNEVIK AS,KIRKEGT. 3,6004.0,ÅLESUND,KIRKEGT. 3
8997,SPAREBANKEN MØRE KANTINE,INNKJØPSAVD,6001.0,ÅLESUND,PARKGATA 2
9006,SKARBØVIK TANKANLEGG AS,STEINVÅGNESET,6006.0,ÅLESUND,STEINVÅGNESET
9010,"NORSK SCANIA AS,AVD.6470 ÅLE",POSTBOKS 143 SKØYEN,212.0,OSLO,DIGERNES VEST
9013,MEET & EAT,BOKS 8194 SPJELKAVIK,6022.0,ÅLESUND,AMFI MOA ØST
9018,EUROSPAR BLINDHEIM,7080000884582,901.0,OSLO,POSTBOKS 9004
9037,EUROSPAR ÅLESUND STORSENTER,7080000620753,901.0,OSLO,ÅLESUND STORSENTER
9045,KIWI 832 SUNDGATA,7080001078119,3412.0,LIERSTANDA,SUNDGATA 8
9050,STIFTINGA VITI AVD SM CAFÈ,MUSEUMSVEGEN 12,6015.0,ÅLESUND,"MUSEUMSVEIEN 12, BORGUNDGAVLEN"
9077,TAJMAHAL,KONGENSGATE 32,6002.0,ÅLESUND,KONGENSGATE 32
9085,SUNDE FJORD HOTEL AS,SUNDEVEGEN,6037.0,EIDSNES,SUNDE
9090,"TINE SA, KANTINE",REF. MOLLEN,7436.0,TRONDHEIM,KLAUS NILSENSGT. 14
9093,KIWI 849 SKARBØVIK,7080000891092,3412.0,LIERSTANDA,SKARBØVIKGT. 25
9099,UNGDOM I OPPDRAG  ÅLESUND,ÅSEMULEN 5,6018.0,ÅLESUND,PARKGATA 14
9131,TRANKOKERIET ANTIKK,MOLOVEGEN 16B,6004.0,ÅLESUND,MOLOVEIEN 16 B
9142,ANNO,KONGENSGATE 11,6002.0,ÅLESUND,APOTEKERGATA 9B
9210,ÅLESUND FOTBALL,SJØMANNSVEIEN 14,6008.0,ÅLESUND,SJØMANNSVEIEN 14
9930,JOH.JOHANNSON KAFFE AS,POSTBOKS 130,102.0,OSLO,
9977,"0262 ØYE, HOTEL UNION",SKANSEKAIA,6002.0,ÅLESUND,
10096,NORENGROS ØDEGAARD ENGROS,OLEVÅGVEGEN 18,6013.0,ÅLESUND,OLEVÅGVEGEN 18
11074,HATLØY CATERING,POSTBOKS 90,6067.0,ULSTEINVIK,POSTBOKS 90
11083,HATLØY CATERING AS - BÅTORDRER,POSTBOKS 90,6067.0,ULSTEINVIK,
11085,HATLØY CATERING AS AVD. EXPO,POSTBOKS 90,6067.0,ULSTEINVIK,
12001,H I GIØRTZ KANTINE,,6037.0,EIDSNES,
12002,VEDLIKEHOLD H.I.G.,FAKTURA LEVERES MERETE,6037.0,EIDSNES,
12005,GAVER,,6037.0,EIDSNES,
12007,TRANSPORT HIG,,6037.0,EIDSNES,TRANSPORTKONTOR
12008,LAGER TØRR/KJØL/FRYS,,6037.0,EIDSNES,
12010,FRUKT/GRØNTAVDELING,,6037.0,EIDSNES,
13017,JETS VACUUM,MYRAVEGEN 1,6060.0,HAREID,MYRAVEGEN 1
13046,PEPPES PIZZA AMFI MOA AVD.319,MOAVEGEN 1,6018.0,ÅLESUND,MOAVEGEN 1
13054,MADELYNN COFFEE,GERHARD VOLDNES VEG 11,6090.0,FOSNAVÅG,GERHARD VOLDNES VEG 11
13110,JOKER FLATRAKET,7080001079444,901.0,OSLO,
13115,OLDEIDE MATSENTER STORHUSH.,HOLVIK,6700.0,MÅLØY,HOLVIK
13116,BUNNPRIS OLDEIDE,HOLVIK,6700.0,MÅLØY,HOLVIK
13123,VESTNES SENTRALKJØKKEN,"FAKT.MOTTAK, MOLDE KOMMUNE",6413.0,MOLDE,MISFJORDVEGEN 2
13124,QUALITY HOTEL ULSTEIN,SNR 15831019,510.0,OSLO,SJØGATA 10
13169,EGON ÅLESUND,LØVENVOLDGT. 8,6002.0,ÅLESUND,LØVENVOLDGT. 8
13181,ISS 422565 HARAMSENTERET,POSTBOKS 2  ØKERN,508.0,OSLO,BERNT HILDREVEG 2
13202,ÅLESUND VGS VOLSDALSBERGA,FAKTURAMOTTAK-ØK.SEKSJON,6404.0,MOLDE,SJØMANNSVEIEN 47
13219,KAFFEBAREN ULSTEINVIK,POSTBOKS 443,6067.0,ULSTEINVIK,SJØGATA 55
13220,VALAKER AVD. ÅLESUND STORSENTE,ÅLESUND STORSENTER,6280.0,SØVIK,GRIMMERGATA 1
13247,ISS 471135 HARAM VGS KANTINE,POSTBOKS 2  ØKERN,508.0,OSLO,SKULERÅSA 10
41300,UNIL AS 7080000082421,POSTBOKS 290 SKØYEN,102.0,OSLO,
41417,BAXT AS,HEGDALRINGEN 27,3261.0,LARVIK,HENT
44521,ORKLA FOODS NORGE AS,POSTBOKS 25 SENTRUM,101.0,OSLO,
46180,HENNIG-OLSEN IS VAREPRØVER,POSTBOKS 432,4664.0,KRISTIANSAND S,
53002,JOH-SALG AS SERVERING,POSTBOKS 130,102.0,OSLO,POSTBOKS 130 SENTRUM
2958,KIWI 841 SKODJE,7080001263881,3412.0,LIERSTANDA,KORSVEGEN
13097,BRASSERIE POSTEN GEIRANGER,,6216.0,GEIRANGER,
7392,BRAUD ULSTEINVIK,AVD AMFI ULSTEINVIK,6280.0,SØVIK,SAUNESVEG 2-4
8848,SULATUNET AVD.SLOGHAUGVEIEN,"AVD. REGNSKAP,FINANS",6039.0,LANGEVÅG,SLOGHAUGVEIEN 28
13258,LARSNES MEK VERKSTED AS,,6084.0,LARSNES,
7070,TOTLANDS BOKHANDEL,POSTBOKS 104,6771.0,NORDFJORDEID,EIDSGATA 37
8939,FACILITEC CATERING NMK AVD 120,INDUSTRIVEIEN 8B,1461.0,LØRENSKOG,BORGUNDVEGEN 340
615,5311 SAGAFJORD HOTEL,NOTENESGATA 9,6002.0,ÅLESUND,ØYRAGATA 8
8900,EUROSPAR MOA,7080003431554,901.0,OSLO,LANGELANDSVEIEN 25
6599,STRANDA BOOKING,STRANDVEIEN 88,6200.0,STRANDA,STRANDVEIEN 17
3093,BUNNPRIS ØRSTA,C/O I K LYKKE DRIFT AS,7005.0,TRONDHEIM,VIKEØYRANE 4
8527,"BORGUND VGS, REST.OG MATFAG",FAKT.MOTTAK - ØK.FYLKESHUSET,6404.0,MOLDE,YRKESSKOLEVEGEN 20
2170,SPAR HORNINDAL,7080001285746,901.0,OSLO,
12009,MILJØSTASJONEN HIG,,6037.0,EIDSNES,
8479,SPISESTUA KAFE OG RESTAURANT,MOAVEIEN 1,6018.0,ÅLESUND,MOAVEIEN 1
2388,HAREID PIZZA OG PUB,POSTBOKS 11,6069.0,HAREID,STRANDGATA 117
7319,ÅLESUND ASIA SHOP,KIRKEGATA 2,6004.0,ÅLESUND,KIRKEGATA 2
3999,NORDFJORD KJØTT AS KANTINE,LOVIKVEGEN 32,6789.0,LOEN,
700,COCA COLA EUR PART.NORGE AS,ACCOUNT PAYABLE,1471.0,LØRENSKOG,
4002,NORDFJORD HOTELL,SANDPLASSEN 1,6770.0,NORDFJORDEID,KONTAKT R.SJON V/LÅST MOTTAK
1835,HF NORDFJORD SJUKEHUS,7300010810,6807.0,FØRDE,LEVERES V KJØKKENINNGANG
5195,RAFTEVOLDS HOTEL,,6763.0,HORNINDAL,
7053,THAI MIX,KRIKVEGEN 64,6280.0,SØVIK,VATNEVEGEN 11
6456,STRANDA BAKERI,SJØGATA 2,6200.0,STRANDA,SJØGATA 2
9055,SPAR EIDSNES,7080001294427,901.0,OSLO,SOLEVÅGSEIDET 76
2618,HORNINDAL SKISENTER,V/RASMUS SÆTREN,6763.0,HORNINDAL,
9165,CCD DRIKKE ARB.PLASS ÅLESUND,POSTBOKS 463,1471.0,LØRENSKOG,VEGSUND
9166,KVOTEBRUS ÅLESUND,POSTBOKS 463,1471.0,LØRENSKOG,VEGSUND
9167,KVOTEBRUS STRAND ØYSTEIN,POSTBOKS 463,1471.0,LØRENSKOG,
6821,SYKKYLVEN KINO,FAKTURAMOTTAK RÅDHUSET,6230.0,SYKKYLVEN,"KYRKJEVEGEN 2,KULTURHUSET"
8320,"BILTEMA  AVD 218, ÅLESUND",INDUSTRIVEGEN 17 C,2069.0,JESSHEIM,SMIBAKKEN 2
8334,BILTEMA ULSTEINVIK AVD.296,INDUSTRIVEGEN 17,2069.0,JESSHEIM,BRENDEHAUGEN 3
8349,MILK BAR,POSTBOKS 46,6001.0,ÅLESUND,SKAREGATA 1B
575,BJØRGS MAT AS,VEDVIK,6710.0,RAUDEBERG,MARITIM PARK NEDREVEGEN 106
5904,SJØKANTEN CAFE,SJØGATA 21,6770.0,NORDFJORDEID,SJØGATA 21
6433,STABBURET SVE KANTINE ST-SOH,POSTBOKS 1418,1602.0,FREDRIKSTAD,SVEMORKA IND.OMRÅDE
2959,KIWI 918 LANGEVÅG,7080003528971,3412.0,LIERSTANDA,DJUPDALEN
8026,WESTRES KOND. AVD VOLDA,RYSTELANDET,6150.0,ØRSTA,HAVNEKVARTALET 27
8027,WESTRES KOND. AVD SUNN OG GOD,RYSTELANDET,6150.0,ØRSTA,AMFISENTERET
8028,WESTRES KOND. AVD ØRSTA AMFI,RYSTELANDET,6150.0,ØRSTA,AMFISENTERET
9125,ÅLESUND BEH.SENTER AVD 6711,FAKTURAMOTTAK,6405.0,MOLDE,VESTMOA 27
582,BAKERIET KAFFEBAR,MÅLØY STORMARKED,6718.0,DEKNEPOLLEN,MÅLØY STORMARKED
6856,SYKKYLVEN BARNE & FAM.TENESTE,FAKTURAMOTTAK RÅDHUSET,6230.0,SYKKYLVEN,"HAUGNESET 20, UNDERETG."
13266,GEIRANGERFJORDEN VERDSARV,GJØRVAHAUGANE 35,6216.0,GEIRANGER,GJØRVAHAUGANE 35
1574,FJELLSTOVA ØRSKOG KH AS,POSTBOKS 59,6249.0,ØRSKOG,POSTBOKS 59
899,ISS 422542 NORDEA ÅLESUND,POSTBOKS 132 ØKERN,509.0,OSLO,NOTENESGT. 2
1982,ÅLESUND GOLFKLUBB,POSTBOKS 8182,6022.0,ÅLESUND,SOLNØR GÅRD
272,VOLSDALEN CAMPING,POSTBOKS 143,6001.0,ÅLESUND,SJØMANNSVEIEN
5181,REKKEDAL GJESTEGARD,V/MARGRETHE REKKEDAL,6165.0,SÆBØ,BONDALSVEGEN 394
7018,JOKER VATNE,7080001324414,901.0,OSLO,SENTRUM
902,CHINA RESTAURANT EID,POSTBOKS 127,6770.0,NORDFJORDEID,ALMENNINGEN 1
7582,5410 VISNES HOTEL STRYN AS,GLØSHAMMAREN 5,6783.0,STRYN,PRESTESTEGEN 1
8531,ISS 422547 TUSSA HOVDEBYGDA,POSTBOKS 2 ØKERN,508.0,OSLO,LANGMYRA 6
8131,HUSAFJELLHEIMEN REF.3600SYSTO,FAKTURAMOTTAK DFØ,7468.0,TRONDHEIM,HUSAFJELLET 6
3081,BUNNPRIS VEDDE,C/O I K LYKKE DRIFT AS,7005.0,TRONDHEIM,VEDDEVEGEN 163
8555,ZUUMA,KONGENSGT. 13,6002.0,ÅLESUND,KONGENSGT. 13
8958,TERMINALEN,SJØVEGEN 77,6052.0,GISKE,KEISER WILHELMSGATE 6
3903,LINJA DRAGSUND KANT.306834-1,10013-1000 LARS BERNH. SANDE,6160.0,HOVDEBYGDA,INDUSTRIVEIEN 6
5887,SSP UPPER CRUST A326 AES,FAKTURAMOTTAK,2061.0,GARDERMOEN,
5888,SSP O'LEARYS A327 AES,FAKTURAMOTTAK,2061.0,GARDERMOEN,VIGRA LUFTHAVN
5895,SSP PROD.KJØKKEN Y018 AES,FAKTURAMOTTAK,2061.0,GARDERMOEN,VIGRA LUFTHAVN
8007,KEBAB 1,BORGUNDVEGEN 731,6017.0,ÅLESUND,BORGUNDVEGEN 731
3861,MH SERVICE,MH SERVICE AS,6701.0,MÅLØY,YTRE KULEN 41
4235,SPAR RAUDEBERG,7080001363093,901.0,OSLO,VIKA
2956,KIWI 919 NEDRE STRANDGATE,NEDRE STRANDGATE 51,6005.0,ÅLESUND,NEDRE STRANDGATE 51
2947,KIWI 920 BREIVIKA,7080001363468,3412.0,LIERSTANDA,LERSTADVEGEN 545
6344,KYSTEN RUNDT BRYGGJA,ALV AALEN EFTF. AS,6711.0,BRYGGJA,
1151,NAPOLI-PIZZERIA ULST.VIK,SJØGATA 61,6065.0,ULSTEINVIK,SJØGATA 61
2161,STRYN KAFFEBAR OG VERTSHUS,TONNINGSGATA 19,6783.0,STRYN,TONNINGSGATA 19
8860,SCANDIC PARKEN AVD RESTAURANT,POSTBOKS 545,6001.0,ÅLESUND,STORGATA 16
2930,KIWI 921 VESTNES,7080001371166,3412.0,LIERSTANDA,BRUGATA
8350,HAPPY ELEFANT,POSTBOKS 345,6001.0,ÅLESUND,KONGENSGATE 19
7273,KHAYA BARISTA BAR,,6210.0,VALLDAL,
2617,HELLESYLT BOUTIQUE OG BAR,GATA 29,6218.0,HELLESYLT,GATA 29
9094,SUNDE BARNEHAGE,"AVD. REGNSKAP,FINANS",6039.0,LANGEVÅG,RYSTENE 30
6859,VIKEDALEN BARNEHAGE,FAKTURAMOTTAK RÅDHUSET,6230.0,SYKKYLVEN,GRÅURVEIEN 2
3451,O.SYLTE MINERALVANNSFAKRIKK AS,EIKREMSVINGEN 1,6422.0,MOLDE,EIKREMSVINGEN 1
1097,MINIBAKERIET,EIDSGATA 42,6770.0,NORDFJORDEID,EIDSGATA 42
3078,BUNNPRIS TORGHALLEN,C/O I K LYKKE DRIFT AS,7005.0,TRONDHEIM,NEDRE STRANDGATE 9
3079,BUNNPRIS LANGEVÅG,C/O I K LYKKE DRIFT AS,7005.0,TRONDHEIM,MOLVÆRSVEGEN 41
3083,BUNNPRIS IKORNES,C/O I K LYKKE DRIFT AS,7005.0,TRONDHEIM,
9079,SIT KAFE/KANTINE ÅLESUND,POSTBOKS 2460 SLUPPEN,7005.0,TRONDHEIM,LARSGÅRDSVEIEN 2
9065,SIT SUNDEBYGGET STUDENTHUS,POSTBOKS 2460 SLUPPEN,7005.0,TRONDHEIM,FOGD GREVES VEG 7
8478,VARD GROUP SKANSEKAIA 422571,FAKT.MOTTAK PB 2 ØKERN,508.0,OSLO,SKANSEKAIA 2
9150,RUSTA RETAIL AVD 360 ÅLESUND,MOAVEGEN 1,6018.0,ÅLESUND,AMFI MOA NORD
13275,BLAKSTAD BARNEHAGE,FAKTURAMOTTAK RÅDHUSET,6220.0,SYKKYLVEN,
4245,SPAR VALLDAL,7080001392314,901.0,OSLO,SYLTEGATA 1
3297,YX LARSNES,,6084.0,LARSNES,
7088,TORGET MAT,POSTBOKS 299,6701.0,MÅLØY,GATE 1 NR 48
3891,MØRE TRAFO KANTINE,NAUSTVEGEN 10,6230.0,SYKKYLVEN,NAUSTVEGEN 10 AURSNES
6878,SYLTEORMEN BAKERI,SYLTEGATA 2,6210.0,VALLDAL,SYLTEGATA 2
8963,ÅLESUND SJUKEHUS HF AVD 9034,FAKTURAMOTTAK POSTBOKS 2621,6405.0,MOLDE,ÅSEHAUGEN 5
1838,VOLDA SJUKEHUS HF AVD 9033,FAKTURAMOTTAK POSTBOKS 2621,6405.0,MOLDE,KLØVERTUNVEGEN 1
7367,4008 VALLDAL FJORDHOTELL,GRANDEGATA 30,6210.0,VALLDAL,
1976,ÅHJEMSBUA,NABBEN,6740.0,SELJE,NABBEN
3089,BUNNPRIS VALLDAL,C/O I K LYKKE DRIFT AS,7005.0,TRONDHEIM,GRANDEGATA 38
5550,SPAR HOVDEBYGDA,7080001403478,901.0,OSLO,
3907,LINJA  AVD HØGVOLL 10012-1000,ISS BS-KANTINE 15185 TORB.AARØ,6080.0,GURSKØY,HØGVOLLVEIEN 15
5263,MATSTOVA OPPSTRYN,SANDVIK,6799.0,OPPSTRYN,OPPSTRYN
5264,"STRYN TORG,MATSTOVA",SANDVIK,6799.0,OPPSTRYN,TONNINGGATA 4
3319,ALNES FYR OG OPPLEVELSESSENTER,ALNESVEGEN 172,6055.0,GODØY,ALNESVEGEN 172
8515,XL FOOD COMPANY,POSTBOKS 48,6001.0,ÅLESUND,VALDERØYVEGEN 154
3207,LEIRVIKS AGENTURER,MÅNANESVEGEN 267,6110.0,AUSTEFJORDEN,MÅNANESVEGEN 267
8734,MF GEIRANGER 100004,POSTBOKS 354,6902.0,FLORØ,
793,BRATTVÅG FJORDHOTELL,STRANDGATA 48,6270.0,BRATTVÅG,STRANDGT. 48
2940,KIWI 923 HATLANE,SMEGARDEN 1,6016.0,ÅLESUND,SMEDGARDEN 1
2051,GRANDE FJORDHOTELL OG HYTTER,C/O AZETZ INSIGHT AS,7439.0,TRONDHEIM,ØRNEVEGEN 200
9061,FERGEKAIA SUNDE,EIKREMSVEIEN 18,6036.0,MAUSEIDVÅG,SUNDE
8905,SK ROLLON,HUSAFJELLET 9,6009.0,ÅLESUND,ROLLONHUSET LARSGÅRDEN
8408,HOTEL BROSUNDET BRYGGEN,SKANSEKAIA,6002.0,ÅLESUND,APOTEKERGATA 1-3
8764,MØRE SUPPLY,POSTBOKS 7699 SPJELKAVIK,6022.0,ÅLESUND,TVERRVEGEN 32 C
2646,4274 HOVEN RESTAURANT,GONDOLEN 1,6789.0,LOEN,GONDOLEN 1
2684,SUNDE KIOSKEN,SJØATUNET,6788.0,OLDEN,SÆTRENGÅRDEN
8785,MOLO BREW,SJØVEGEN 77,6052.0,GISKE,KEISER WILHELMSGATE 2B
9114,SCAN ASIAN SHOP MOA,LANGELANDSVEIEN 25,6010.0,ÅLESUND,LANGELANDSVEIEN 25
8834,SANSESENTERET SULATUNET,"AVD. REGNSKAP,FINANS",6039.0,LANGEVÅG,MOLVÆRSVEGEN 17
8551,FISKETORGET AVD SENTRUM,NOTENESGATA 12,6002.0,ÅLESUND,KEISER WILHELMSGATE 25
8793,MF DRYNA 100004,POSTBOKS 354,6902.0,FLORØ,
8053,WELLE GRAVFERDSTJENESTER,PHILGATA 3,6230.0,SYKKYLVEN,PHILGATA 3
3322,MAE KANYA,OTTAVIKVEGEN 29,6065.0,ULSTEINVIK,BJØRNDALSVEGEN 13
5129,OSDALS CATERING,ROTSETGEILA 13,6100.0,VOLDA,PRESTEGATA 29
8302,BULDREHALLEN,LERSTADVEGEN 506 B,6018.0,ÅLESUND,LERSTADVEGEN 506 B
7312,ULSTEIN ARENA 252201,ULSTEIN KOMMUNE 252201,6067.0,ULSTEINVIK,VIKEMYRA 2
44480,MAARUD AS,MAARUDVEIEN 130,2114.0,DISENÅ,
9141,NONNA LINA,CO ANDRÈ FONN SKÅRE,6002.0,ÅLESUND,TOLLBUGATA 2
13088,STAD HOTELL,OTNNEIM,6750.0,STADLANDET,LEIKANGER
3071,BUNNPRIS SJØHOLT,C/O I K LYKKE DRIFT AS,7005.0,TRONDHEIM,ÅRØYVEGEN 2
6442,NÆRBUTIKKEN NORDDAL,DALSSIDA 2,6214.0,NORDDAL,
8327,BILTEMA NORDFJORDEID,INDUSTRIVEIEN 17C,2069.0,JESSHEIM,SJØGATA 21
8173,KRUA THAI TAKEAWAY,STAVNESVEGEN 66,6006.0,ÅLESUND,MOA NORD
1056,MAGNIFIKK,HOLANE 8,6770.0,NORDFJORDEID,SJØGATA 101
7048,TANDOORI MIX,HOLMEGATA 6C,6153.0,ØRSTA,HOLMEGATA 6C
2670,OLDEN FJORDHOTEL,SOLSTRANDVEIEN 1,6788.0,OLDEN,SOLSTRANDVEIEN 1
8309,BRO,SJØVEGEN 77,6052.0,GISKE,NOTENESGATA 1
1423,FLYING TIGER COPENH. MOA,LANGELANDSVEIEN 25,6010.0,ÅLESUND,LANGELANDSVEIEN 25
8692,LAMELLA,KIPERVIKGATA 32,6003.0,ÅLESUND,KEISER WILHELMS GATE 76
7742,VINJE CAMPING,GEIRANGERVEGEN 146,6216.0,GEIRANGER,GEIRANGERVEGEN 146
3087,BUNNPRIS BROA,C/O I K LYKKE DRIFT AS,7005.0,TRONDHEIM,BROGATA 1
2066,GRANDE CAMPING OPPSTRYN,GRANDE,6799.0,OPPSTRYN,
8694,LETS EAT DELI,KEISER WILHELMSGATE 32,6003.0,ÅLESUND,KEISER WILHELMSGATE 32
8473,EVERGREENS,EVERGREEN,6010.0,ÅLESUND,RØNNEBERGSGATE 6
7646,ISS 460080 STATENS VEGVESEN,FAKT.MOTTAK PB 2 ØKERN,508.0,OSLO,VESTRE OLSVIKVEI 13
9232,STIFT.VITI AVD SUNNM.MUSEUM,MUSEUMSVEGEN 12,6015.0,ÅLESUND,BORGUNDGAVLEN 21
435,AURSNES KIOSK,FJORDVEGEN 18,6230.0,SYKKYLVEN,SYKKYLVSVEGEN 1
8633,WOK & GRILL,KEISER WILHELMSGT 39,6003.0,ÅLESUND,KEISER WILHELMSGT 39
8942,QUALITY HOTEL ÅLESUND,SNR 15831514,510.0,OSLO,SORENSKRIVER BULLS GATE 7
3865,MÅLØY VG SKULE,"PB 7900, REF 343000",5020.0,BERGEN,NORDFJORDVEIEN 9109
7417,VERONA PIZZA,KYRKJEGATA 14A,6065.0,ULSTEINVIK,KYRKJEGATA 14A
8943,FISKERSTRAND VERFT KANTINE REN,TVERRVEGEN 30B,6020.0,ÅLESUND,RISEVEGEN 23
8944,KANTINE LERSTADVEIEN 545,TVERRVEGEN 30B,6020.0,ÅLESUND,LERSTADVEIEN 545
8474,FUNKY FROZEN YOGURT AMFI MOA,LANGELANDSVEGEN 25,6010.0,ÅLESUND,NYBYGG AMFI SYD
8581,MF HORNELEN CATERING 100004,POSTBOKS 354,6902.0,FLORØ,MÅLØY FERGEKAI
8582,MF SELJE CATERING 100004,POSTBOKS 354,6902.0,FLORØ,STÅRHEIM FERGEKAI
1646,BRYGGA SPORTSBAR,SJØGATA 30,6065.0,ULSTEINVIK,SJØGATA 30
8562,"ELEKTROIMPORTØREN NORGE AS,ÅLE",SMIBAKKEN 10,6018.0,ÅLESUND,SMIBAKKEN 10
3558,JAFS KOKKEN ROLL,OSBERGVEGEN 10,6065.0,ULSTEINVIK,STRANDGATA 77
8586,MF GISKØY 100004,POSTBOKS 354,6902.0,FLORØ,SULESUND FERGEKAI
8587,MF HADARØY CATERING 100004,POSTBOKS 354,6902.0,FLORØ,SULESUND FERGEKAI
8588,MF SULØY CATERING 100004,POSTBOKS 354,6902.0,FLORØ,SULESUND FERGEKAI
8559,HOTEL NOREG,RASMUS RØNNEBERGS GT 21,6002.0,ÅLESUND,KONGENSGT. 27
9159,SPORTSPARKEN VEGSUND,BLINDHEIM INDUSTRIVEG 2D,6020.0,ÅLESUND,BLINDHEIM INDUSTRIVEG 2D
9014,PINSEKIRKA FILADELFIA ÅLESUND,POSTBOKS 7673 SPJELKAVIK,6022.0,ÅLESUND,VINDGÅRDSVEGEN 1
4047,OBS BYGG DIGERNES,DIGERNESET NÆRINGSPARK 1,6260.0,SKODJE,DIGERNESET NÆRINGSPARK 1
3323,ALNES BRYGGE,ALNESVEIEN 68,6055.0,GODØY,ALNESVEIEN 68
8358,KK MAT AS,JENSVIKVEGEN 50,6260.0,SKODJE,SPJELKAVIKVEGEN 50
8570,HOTEL 1904 AS,LØVENVOLDGATA 8,6002.0,ÅLESUND,LØVENVOLDGATA 8
8929,RACOON COFFEE,KONGENS GT 6,6002.0,ÅLESUND,KONGENS GT 6
8947,DRÅPE ÅLESUND KAFFEHUS AS,STORGATA 4,6002.0,ÅLESUND,STORGATA 4
6376,SYKKYLVEN UNGDOMSSKULE,FAKTURAMOTTAK RÅDHUSET,6230.0,SYKKYLVEN,KYRKJEVEGEN 3
8005,VINNI BAR OG RESTAURANT,KIPERVIKGATA 11,6003.0,ÅLESUND,RASMUS RØNNEBERGSGATE 6
3981,NOGVA MOTORFABRIKK,HAMSUNDVEGEN 266,6280.0,SØVIK,HAMSUNDVEGEN 266
7364,GISKE BARNEHAGE,RÅDHUSET V/ØKON.SEKSJONEN,6050.0,VALDERØY,BEDEHUSVEGEN 5
4205,JOKER ÅHEIM,,6146.0,ÅHEIM,
8564,SEAFOOD FARMERS OF NORWAY,OKSNES,6050.0,VALDERØY,OKSNES
7579,VIGRA BARNEHAGE,RÅDHUSET V/ØKON.SEKSJONEN,6050.0,VALDERØY,BAKARVEGEN 4
2485,BLÅTIND HOTEL,EKRELIA 28,6250.0,STORDAL,EKRELIA 28
598,BARIUS & KAKTUS,POSTBOKS 57,6290.0,HARAMSØY,ULLAVEGEN 61 A
7627,SPERRE INDUSTRI  KANTINE,ELLINGSØYVEIEN 740,6057.0,ELLINGSØY,ELLINGSØYVEIEN 740
5183,POWER STRYN,PERHUSVEGEN 25,6783.0,STRYN,PERHUSVEGEN 25
3054,BUNNPRIS SKANSEN,C/O I K LYKKE DRIFT AS,7005.0,TRONDHEIM,SKAREGATA 1
8594,MF ROVDEHORN CATERING 100004,POSTBOKS 354,6902.0,FLORØ,MAGERHOLM FERGEKAI
8284,ASSIST ÅLESUND,KALVØYVEGEN 20,6014.0,ÅLESUND,KALVØYVEGEN 20
9164,RUSTA AVD 387 VOLDA,FURENE 20,6105.0,VOLDA,FURENE 20
554,JOKER BELLINGEN,7080001468781,901.0,OSLO,ØYRAGATA 40
7515,VESTBORG VIDAREGÅANDE SKULE,CO KNIF REGNSKAP,4633.0,KRISTIANSAND,HEVSDALSVN. 11
2961,KIWI 924 VALLEKRYSSET,7080001463588,3412.0,LIERSTANDA,GLOMSETVEGEN 8
8595,MF SKOPPHORN CATERING 100004,POSTBOKS 354,6902.0,FLORØ,MAGERHOLM FERGEKAI
4020,ROSENLUND HAMN,POSTBOKS 4403,6044.0,ÅLESUND,SANDSHAMN
8967,SPJELKAVIK VEISERVICE,7080004075108,901.0,OSLO,BRUSDALSVEGEN 2
2963,KIWI 922 NORDFJORDEID,7080001463441,3412.0,LIERSTANDA,NORDFJORDVEGEN 4517
8597,MF KVERNES 100004,POSTBOKS 354,6902.0,FLORØ,SÆBØ FERGEKAI
8953,COOP OBS KAFE AVD 5289,528904 OBS KAFE STORMOA,7302.0,ORKANGER,MOAVEIEN 1
8058,MF TIDEFJORD,POSTBOKS 839 SENTRUM,4004.0,STAVANGER,SUNDE/FESTØY
8409,STIFTINGA VITI KUNSTMUSEET,MUSEUMSVEGEN 12,6015.0,ÅLESUND,APOTERGT. 16
8147,Å577 ERLING 8,POSTBOKS 60,9251.0,TROMSØ,SJØMANNSVEIEN 19
8148,Å578 ERLING 9,POSTBOKS 60,9251.0,TROMSØ,SJØMANNSVEIEN 19
8149,Å579 ERLING 10,POSTBOKS 60,9251.0,TROMSØ,SJØMANNSVEIEN 19
8150,Å580 TERJE 7,POSTBOKS 60,9251.0,TROMSØ,SJØMANNSVEIEN 19
8151,Å581 TERJE 8,POSTBOKS 60,9251.0,TROMSØ,SJØMANNSVEIEN 19
8152,Å582 TERJE 9,POSTBOKS 60,9251.0,TROMSØ,SJØMANNSVEIEN 19
8153,Å583 TERJE 10,POSTBOKS 60,9251.0,TROMSØ,SJØMANNSVEIEN 19
8154,Å584 BJØRN DAG 8,POSTBOKS 60,9251.0,TROMSØ,SJØMANNSVEIEN 19
8155,Å585 BJØRN DAG 9,POSTBOKS 60,9251.0,TROMSØ,SJØMANNSVEIEN 19
8156,Å586 BJØRN DAG 10,POSTBOKS 60,9251.0,TROMSØ,SJØMANNSVEIEN 19
8157,Å587 LARS 2,POSTBOKS 60,9251.0,TROMSØ,SJØMANNSVEIEN 19
8158,Å588 LARS 3,POSTBOKS 60,9251.0,TROMSØ,SJØMANNSVEIEN 19
13092,OPPSTRYN URTEMANUFAKTUR,STRYNEVEGEN 2832,6798.0,HJELLEDALEN,URDENE 9
8061,MF FINNØY,POSTBOKS 839 SENTRUM,4004.0,STAVANGER,VOLDA FERGEKAI
8174,THAI THAI ÅLESUND,MOAVEGEN 1,6018.0,ÅLESUND,MOAVEGEN 1
571,BAKEHUSET AVD NORDFJORDEID,MALAKOFF 1,6770.0,NORDFJORDEID,MALAKOFF 1
1696,ST1 ØRSKOG 9415,C/O AZETS AS,7435.0,TRONDHEIM,SJØKANTEN 2
1697,ST1 VESTNES 9289,BRUGATA 2,6390.0,VESTNES,BRUGATA 2
1698,ST1 ØRSTA 9163,CO AZETS INSIGHT AS,7435.0,TRONDHEIM,ANDERS HOVDENGT.1
1699,ST1 ULSTEINVIK 9109,CO AZETS INSIGHT AS,7435.0,TRONDHEIM,SJØGATA 81
1689,ST1  VEGSUND 9377,RØDSETHAGEN 13,6011.0,ÅLESUND,BLINDHEIMSBREIVIKA 160
3567,KONTORPUNKT,GATE 1 NR 215,6700.0,MÅLØY,AMTSKAIA 20
1159,HAVFRUEN MÅLØY,MÅLØY STORMARKED,6718.0,DEKNEPOLLEN,SJØGATA 16
361,ASKO MAT,HÅKONSGT. 16,6150.0,ØRSTA,HÅKONSGT. 16
8063,MF FESTØYA,POSTBOKS 839 SENTRUM,4004.0,STAVANGER,SUNDE/FESTØY
8410,KOIWA SUSHI,FURMYRHATLEN 11,6018.0,ÅLESUND,BLINDHEIMSHAUGEN 9
9172,CINQUE MINUTI,KOGENSGT 14,6002.0,ÅLESUND,KONGENSGT 14
9233,BORGUND PIZZA,BRUSDALSVEGEN 72,6011.0,ÅLESUND,BRUSDALSVEGEN 72
8064,MF SOLAVÅGEN,POSTBOKS 839 SENTRUM,4004.0,STAVANGER,SUNDE/FESTØY
9234,FJELLSTUA 418 AS,FJELLTUNVEGEN 250,6003.0,ÅLESUND,FJELLTUNVEGEN 250
8231,KOZMOS/GODTELAND,GRIMMERGATA 1,6002.0,ÅLESUND,GRIMMERGATA 1
9176,KEISEREN FRUKT OG GRØNT,SPJELKAVIKVEGEN 13,6011.0,ÅLESUND,SPJELKAVIKVEGEN 13
8945,DAASKOGEN RENEX,TVERRVEGEN 30B,6020.0,ÅLESUND,LANGELANDSVEIEN 17
7004,ALF TAFJORD LANDHANDEL,SJOAVEGEN 8,6213.0,TAFJORD,SJOAVEGEN 8
10097,ØDEGAARD ENGROS SPISEROM,OLEVÅGVEGEN 18,6013.0,ÅLESUND,OLEVÅGVEGEN 18
3565,BOGNE BRESERI AS,NØRVÅGVEIEN 26,6090.0,FOSNAVÅG,KVITHAUGMYRA 6
9178,BYBADET,PARKGATA 11B,6003.0,ÅLESUND,PARKGATA 11B
6714,VOLDA CAMPUS ARENA,GYMNASVEGEN 2,6103.0,VOLDA,JOPLASSVEGEN 1
8065,MF ØRLAND,POSTBOKS 839 SENTRUM,4004.0,STAVANGER,VOLDA FERGEKAI
1039,THONG THAI,MOLDVÆRSMYRA 36,6030.0,LANGEVÅG,DJUPEDALEN
7571,SKRØPPATAUSENE,FURLIVEGEN 175,6260.0,SKODJE,HÅHJEM NÆRINGSOMRÅDE 43
5851,SANDETUN - KJØKKEN,SANDE KOMMUNE,6084.0,LARSNES,
5852,STOLT MAT,SJØHOLTVEGEN 11,6240.0,ØRSKOG,SJØHOLTVEGEN 11
7583,EPIC DIGERNES,DIGERNESET NÆRINGSPARK,6260.0,SKODJE,DIGERNESET NÆRINGSPARK
9179,ÅLESUND STORSENTER,RASMUS RØNNEBERGSGATE 21,6002.0,ÅLESUND,LASTERAMPE 5 ETG V/ SPAR
6597,HYGGE,ØDEGÅRDSVEGEN 28,6200.0,STRANDA,STORGATA 10
5853,SABRY SUSHI,ÅRØYVEGEN 2,6240.0,ØRSKOG,ÅRØYVEGEN 2
4044,FOLE FESTLIG,KONGSHAUGSTRANDA 9,6037.0,EIDSNES,KONGSHAUGSTRANDA 9
3437,O.P LØDØENS,SANDEN 18,6763.0,HORNINDAL,SANDEN 18
4096,ANITAS KANTINE,AURELIA 7,6230.0,SYKKYLVEN,KYRKJEVEGEN 6
2218,JOKER GURSKEN,7080004175099,901.0,OSLO,
3289,SOI ONE,LERHEIMVEGEN 1,6030.0,LANGEVÅG,LERHEIMVEGEN 1
211,MARUTHAM HJØRUNGAVÅG,HJØRUNGAVÅGVEGEN 2,6063.0,HJØRUNGAVÅG,HJØRUNGAVÅGVEGEN 2
9236,DAMPSENTRALEN,KEISER WILHELMS GATE 22,6003.0,ÅLESUND,KEISER WILHELMS GATE 22
7857,BRØR MAT OG BRYGGERI,HALKJELSGATA 16,6100.0,VOLDA,HALKJELSGATA 16
8029,COLOR LINE KIOSKDRIFT,SJØMANNSVEIEN 14,6008.0,ÅLESUND,SJØMANNSVEIEN 14
8066,HOFSETH AALESUND,HAVNEGATA 11,6005.0,ÅLESUND,HAVNEGATA 11
1057,INNVIK AS,MORSKOGEN 32,6793.0,INNVIK,MORSKOGEN 32
6020,SJØHOLT FOLKEHØGSKOLE,BÅRDSGJERDEVEGEN 18,6240.0,ØRSKOG,BÅRDSGJERDEVEGEN 18
8045,GYROSHOUSE ÅLESUND,RETIROVEIEN 17,6019.0,ÅLESUND,KIPPERVIKTORGET
8165,ASK SAFETY 460205,"POSTBOKS 132, ØKERN",195.0,OSLO,GANGSTØVIKVEGEN 109
13095,TREDET,HALKJELSGATA 8,6100.0,VOLDA,HALKJELSGATA 8
9193,RENHOLDSSENTERET AS,BREIVIKA INDUSTRIVEG 9,6018.0,ÅLESUND,BREIVIKA INDUSTRIVEG 9
6457,STRANDAFJELLET REST.DRIFT AS,HEVSDALSVEGEN 520,6200.0,STRANDA,HEVSDALSVEGEN 520
9194,BARNAS HAGE LARSGÅRDEN,POSTBOKS 5011,6021.0,ÅLESUND,NØRVEGJERDET 7
7765,SPAR ULSTEINVIK,7080004241213,901.0,OSLO,ROGNAHAUGEN 1
2672,BRIKSDALSBRE FJELLSTOVE AS,OLDEDALSVEGEN 2211,6792.0,OLDEN,OLDEDALSVEGEN 2211
3438,MARDINI SPISERI,MYKLEBUSTVEGEN 15A,6770.0,NORDFJORDEID,SJØGATA 98
779,SKJELTOLE-TUNET,DALEVEGEN 9,6270.0,BRATTVÅG,SYNNALANDSVEGEN 2
3623,MÅLØY SPISKAMMERS,,6700.0,MÅLØY,"GATE 1, NR 77"
1188,HAVILA CAPELLA,POSTBOKS 215,6099.0,FOSNAVÅG,"SKANSEKAIA, HURTIGRUTETERM."
8110,Å610 BJØRN DAG 11,POSTBOKS 60,9251.0,TROMSØ,SJØMANNSVEIEN 19
8111,Å611 BJØRN DAG 12,POSTBOKS 60,9251.0,TROMSØ,SJØMANNSVEIEN 19
8112,Å612 BJØRN DAG 13,POSTBOKS 60,9251.0,TROMSØ,SJØMANNSVEIEN 19
8113,Å613 BJØRN DAG 14,POSTBOKS 60,9251.0,TROMSØ,SJØMANNSVEIEN 19
8114,Å614 BJØRN DAG 15,POSTBOKS 60,9251.0,TROMSØ,SJØMANNSVEIEN 19
8115,Å615 BJØRN DAG 16,POSTBOKS 60,9251.0,TROMSØ,SJØMANNSVEIEN 19
8116,Å620 ERLING 11,POSTBOKS 60,9251.0,TROMSØ,SJØMANNSVEIEN 19
8117,Å621 ERLING 12,POSTBOKS 60,9251.0,TROMSØ,SJØMANNSVEIEN 19
8118,Å622 ERLING 13,POSTBOKS 60,9251.0,TROMSØ,SJØMANNSVEIEN 19
8119,Å623 ERLING 14,POSTBOKS 60,9251.0,TROMSØ,SJØMANNSVEIEN 19
8120,Å624 ERLING 15,POSTBOKS 60,9251.0,TROMSØ,SJØMANNSVEIEN 19
8121,Å625 ERLING 16,POSTBOKS 60,9251.0,TROMSØ,SJØMANNSVEIEN 19
8245,Å640 TERJE 11,POSTBOKS 60,9251.0,TROMSØ,SJØMANNSVEIEN 19
8246,Å641 TERJE 12,POSTBOKS 60,9251.0,TROMSØ,SJØMANNSVEIEN 19
8247,Å642 TERJE 13,POSTBOKS 60,9251.0,TROMSØ,SJØMANNSVEIEN 19
8248,Å643 TERJE 14,POSTBOKS 60,9251.0,TROMSØ,SJØMANNSVEIEN 19
8251,Å700 EKSTRA 1,POSTBOKS 60,9251.0,TROMSØ,SJØMANNSVEIEN 19
8252,Å701 EKSTRA 2,POSTBOKS 60,9251.0,TROMSØ,SJØMANNSVEIEN 19
8253,Å702 EKSTRA 3,POSTBOKS 60,9251.0,TROMSØ,SJØMANNSVEIEN 19
8254,Å703 EKSTRA 4,POSTBOKS 60,9251.0,TROMSØ,SJØMANNSVEIEN 19
8255,Å704 EKSTRA 5,POSTBOKS 60,9251.0,TROMSØ,SJØMANNSVEIEN 19
8256,Å705 EKSTRA 6,POSTBOKS 60,9251.0,TROMSØ,SJØMANNSVEIEN 19
7489,NORBRUK VARD SØVIKA,SØVIKNESET 51,6280.0,SØVIK,SØVIKNESET 51
7586,ÅLESUND PADEL,BERNMARKA 3,6016.0,ÅLESUND,ØSTRE GANGSTØVIKA 24
9200,EUROSPAR LARSGÅRDEN,7080004256750,901.0,OSLO,LARSGÅRDSVEIEN 19
7378,EIDSDAL HOTEL& RESTAURANT,EIDSDALVEGEN 96,6215.0,EIDSDAL,EIDSDALVEGEN 96
2220,METIZPORT MYRVAG,DRAGSUNDVEGEN 11F,6080.0,GURSKØY,DRAGSUNDVEGEN 11F
1189,MMC FIRST PROCESS KANTINE,MJØLSTADNESVEGEN 21,6092.0,FOSNAVÅG,MJØLSTADNESVEGEN 21
1190,HAVILA CASTOR,POSTBOKS 215,6099.0,FOSNAVÅG,"SKANSEKAIA, HURTIGRUTETERM."
1842,FRU SVENDSEN KAFE,KYRJEGATA 25,6150.0,ØRSTA,KYRJEGATA 25
7620,NOR F. STOKKE KANTINE,PARKGATA 6,6003.0,ÅLESUND,PARKGATA 6
1843,STØDT,IVAR AASEN GATE 18,6153.0,ØRSTA,IVAR AASEN GATE 18
8057,NOR F. SPAREB. 1 SMN,ST. OLAVSPLASS 1,6002.0,ÅLESUND,ST. OLAVSPLASS 1
5073,RUNDE MILJØSENTER,RUNDEVEGEN 237,6096.0,RUNDE,RUNDEVEGEN 237
8059,NOR F. RØYSEGATA,RØYSEGATA 10,6003.0,ÅLESUND,RØYSEGATA 10
1179,HORISONT RESTAURANT AS,POSTBOKS 281,6090.0,FOSNAVÅG,MJØLSTADNESVEIEN 22
6083,DIS KAFFEBAR,POSTBOKS 106,6239.0,SYKKYLVEN,SKULEVEGEN 11B
1184,HAVILA POLARIS,POSTBOKS 215,6099.0,FOSNAVÅG,"SKANSEKAIA 2, HURTIGRUTETERM."
1824,TIK CAFE & RESTAURANT,VIKEGATA 11,6150.0,ØRSTA,VIKEGATA 11
7587,MMC FIRST PROCESS DIGERNES,DIGERNES NÆRINGSOMRÅDE 21,6260.0,SKODJE,DIGERNES NÆRINGSOMRÅDE 21
13306,NAPOLI PIZZERIA STRYN,VIKAVEGEN 65,6783.0,STRYN,TONNINGSGATA 33
1171,HAVILA SERVICE RESEPSJON,POSTBOKS 215,6099.0,FOSNAVÅG,MJØLSTADNESVEGEN 24
1631,FJORDLY UNGDOMSSENTER,,6711.0,BRYGGJA,
314,STRANDA VIDAREGÅANDE SKULE,HEVSDALSVEGEN 52,6200.0,STRANDA,HEVSDALSVEGEN 52
6644,NILSGARDSTUNET,,6250.0,STORDAL,
8038,NOR F. BERTEL.O STEEN,BYTHAUGEN,6260.0,SKODJE,BYTHAUGEN 20
8203,AKSLA IL,RUUDVEGEN 48/49,6014.0,ÅLESUND,RUUDVEGEN 48/49
7616,MAMMA MIA,STORE-NØRVE 9A,6009.0,ÅLESUND,STORFARVEGEN 69
1372,FACTORY IKORNNES,INDUSTRIVEGEN 1,6222.0,IKORNNES,INDUSTRIVEGEN 1
1377,FACTORY GRODÅS,INDUSTRIVEGEN 1,6222.0,IKORNNES,YTREHORNSVEGEN 35
7395,BRAUD DIGERNES,BRAUD DIGERNES,6280.0,SØVIK,DIGERNES NÆRINGSPARK
7394,BRAUD MOA,BRAUD MOA,6280.0,SØVIK,LANGELANGSVEIEN 25
7635,A. M. VIK AS,SYVDEFJORDSVEGEN 504,6140.0,SYVDE,SYVDEFJORDSVEGEN 504
7494,SUBSEA 7 VIGRA SPOOLBASE,KANALSLETTA 9 MRK TBC,4033.0,STAVANGER,SØRESTRANDA 11
2373,POSTEN RESTAURANT OG BAR,KJØPMANNSGATA 28,6060.0,HAREID,KJØPMANNSGATA 28
1847,DET LILLE NAPOLI ØRSTA,ANDERS AARSÆTER-GATE 2,6150.0,ØRSTA,ANDERS AARSÆTER-GATE 2
2943,BUNNPRIS NØRVE,C/O I K LYKKE DRIFT AS,7005.0,TRONDHEIM,NØRVEGATA 11
6084,SOL CAFÈ,SMEDSPLASSVEGEN 6,6230.0,SYKKYLVEN,SYKKYLVSVEGEN 585
9242,KIRKENS BYMISJON AVD. 37900,"C/O FAKTURAMOTTAK,PB 2758",7439.0,TRONDHEIM,PARKGATA 9
2615,FJORD GUIDING AS,HANTVEIT 257,5960.0,DALSØYRA,HELLESYLTVEGEN 64
9243,PATOGEN,RASMUS RØNNEBERGS GATE 21,6002.0,ÅLESUND,RASMUS RØNNEBERGS GATE 21
6712,HOLMEN MAT OG DRIKKE,HOLMEN 9,6101.0,VOLDA,HOLMEN 9
2829,JORDBÆRSTOVA,URIKAMBEN 55,6210.0,VALLDAL,VALLDALSVEGEN 476
6715,VESTLANDSKE BURGERKOMPANI,HOLEVEGEN 25,6783.0,STRYN,TONNINGSGATA 18
907,FISKÅ BRYGGE GJESTGIVERI,REITEBAKKVEGEN 15,6143.0,FISKÅ,REITEBAKKVEGEN 15
9245,VEST RESTAURANT,LANGELANDSVEIEN 1,6010.0,ÅLESUND,LANGELANDSVEIEN 1
8258,AALESUND PROTECTIVE WEAR AS,NØRVEVIKA 62,6008.0,ÅLESUND,NØRVEVIKA 62
8017,WESTRES BAKERI RYSTELANDET,WESTRES BAKERI RYSTELANDET,6150.0,ØRSTA,INDUSTRIVEGEN 12
8353,4341 APOTEKERGATA 5,APOTEKERGATA 5,6004.0,ÅLESUND,APOTEKERGT. 5
9246,HOFSETH PROCESSING,FJORDGATA 52,6005.0,ÅLESUND,FJORDGATA 52
6460,DREGES HOTEL,ALLMENINGEN 16,6200.0,STRANDA,ALLMENNINGEN16
9266,POTETPATRULJEN,MYRLANDSVEIEN 36B,6020.0,ÅLESUND,MYRLANDSVEIEN 36B
8260,FACILITEC BRATTVÅG,INDUSTRIVEIEN 8B,1461.0,LØRENSKOG,ÅRSUNDVEGEN 24
9248,THE GREEDY BOX,NØRVEGATA 41,6008.0,ÅLESUND,ØVREGATA 2
3539,KHALIFA GATEKJØKKEN,BAKKEGATA 14,6056.0,ULSTEINVIK,BJØRNDALSVEGEN 3B V/BM KONTOR
8032,NOR F. OPTIMAR,POSTVEGEN 15 OPTIMAR,6018.0,ÅLESUND,VALDERØYVEGEN 1129
7888,NARCI CAFE OG PIZZERIA,EIDSGATA 45,6770.0,NORDFJORDEID,EIDSGATA 45
3066,BUNNPRIS VOLDA,C/O I K LYKKE DRIFT AS,7005.0,TRONDHEIM,HALKJELSGATE 4
9249,TAI SHAN RESTAURANT,HATLASKARET 1,6016.0,ÅLESUND,HATLASKARET 1
1183,HAVILA POLLUX,POSTBOKS 215,6099.0,FOSNAVÅG,"SKANSEKAIA 2, HURTIGRUTETERM."
8034,NOR F. NIT LONGVA,POSTVEGEN 15 LONGVA,6018.0,ÅLESUND,LONGVAFJORDVEGEN 379
7064,FRU INGA,BORGUNDVÅGVEGEN 50,6750.0,STADLANDET,BORGUNDVÅGVEGEN 50
6646,STORFJORD ISKREM,SANDVIKGATA 30,6250.0,STORDAL,TOLLBUGATA 3
1925,GJERMUNDNES VIDAREGÅANDE SKULE,FAKT.MOTTAK-ØK FYLKESHUSET,6404.0,MOLDE,
7276,ULSTEIN VIDAREGÅANDE SKULE,FAKT.MOTTAK-ØK.SEKSJON,6404.0,MOLDE,HOLSEKERDALEN 180
7396,BRAUD VALDERØY,BRAUD VALDERØY,6280.0,SØVIK,VALDERØYVEGEN 1166
3339,HELSEHUSET STELLA MARIS,"FAKT.MOTTAK, MOLDE KOMMUNE",6413.0,MOLDE,BRUGATA 6
7672,NÆRBUTIKKEN ROVDE,C/O NGG REGNSKAP  AVD OSLO,901.0,OSLO,ÅSEVIKA 3
9253,LØVENVOLD THEATER AS,LØVENVOLDGATA 11,6002.0,ÅLESUND,LØVENVOLDGATA 11
9293,FERGEKAIA SKARBØVIK,EIKREMSVEGEN 18,6036.0,MAUSEIDVÅG,SKARBØVIKGATA 26
7313,ULSTEIN KOMMUNE OMSORGSTENESTA,ULSTEIN KOMMUNE REF302000,6065.0,ULSTEINVIK,"HOLSEKERDALEN 20, REF 302000"
788,SKURET PORSELEN OG DESIGN,STRANDGATA 64,6270.0,BRATTVÅG,HAMNEVEGEN 7
8475,MF SUNNYLVSFJORD 100004,POSTBOKS 354,6902.0,FLORØ,STRANDA FERGEKAI
6536,TUSENFRYD BARNEHAGE,TEGANE 24,6200.0,STRANDA,TEGANE 24
9267,DIRTY NELLY,BRUNHOLMGATA 3C,6004.0,ÅLESUND,KIRKEGT. 1 A
7900,PARKEN KULTURHUS,REGNSKAP OG FINANS,6025.0,ÅLESUND,PARKGATA 3
7904,KAFÈ REMATUN,REGNSKAP OG FINANS REF 240010,6025.0,ÅLESUND,OLAV SUNDES VEI 2
7905,SANITETSHJEMMET BOKOLLEKTIV,REGNSKAP OG FINANS,6025.0,ÅLESUND,R.P. MORKSVEG 19
7906,SKARBØVIK SYKEHJEM 2024,REGNSKAP OG FINANS,6025.0,ÅLESUND,OLE THORESENSGT. 16
7903,KOLVIKBAKKEN U.SKOLE MAT/HELSE,REGNSKAP OG FINANS,6025.0,ÅLESUND,BORGUNDVEGEN 242
7908,KOLVIKBAKKEN U.SKOLE KANTINE,REGNSKAP OG FINANS,6008.0,ÅLESUND,BORGUNDVEGEN 242
7909,ØRSKOG SJUKEHEIM 2024,POSTBOKS 1521,6025.0,ÅLESUND,SJØHOLTVEGEN 82
7910,SPJELKAVIK OMSORGSSENTER 2024,REGNSKAP OG FINANS,6025.0,ÅLESUND,OLAV SUNDES VEI 2
7915,SKODJE BARNEHAGE 2024,REGNSKAP OG FINANS,6025.0,ÅLESUND,STADIONVEIEN 19
7914,RATVIKÅSEN BARNEHAGE,REGNSKAP OG FINANS,6025.0,ÅLESUND,HATLASKARET 19
7913,STETTE BARNEHAGE,REGNSKAP OG FINANS,6025.0,ÅLESUND,BJØNNABERGET 7
7912,ØRSKOG SKULE SFO 2024,REGNSKAP OG FINANS,6025.0,ÅLESUND,RYSSEBØVEGEN 2
7911,BORGUNDHEIMEN DAGSENTER 240040,REGNSKAP OG FINANS,6025.0,ÅLESUND,BORGUNDGAVLEN 52
9294,SOI ONE ÅLESUND,RASMUS RØNNEBERGS GATE 4,6002.0,ÅLESUND,RASMUS RØNNEBERGS GATE 4
7919,ÅSE HELSEHUS 2024,REGNSKAP OG FINANS,6025.0,ÅLESUND,ÅSESVINGEN 16
7918,MIDTBYEN BARNEHAGE,REGNSKAP OG FINANS REF 410150,6025.0,ÅLESUND,LOSGATA 2
7917,HARØY NYE BARNEHAGE 2024,REGNSKAP OG FINANS,6025.0,ÅLESUND,"KJØKKENINNG./RØD ""BOKS"""
7920,HATLANE OMSORSSENTER 20204,REGNSKAP OG FINANS,6025.0,ÅLESUND,BERNMARKA 6
7916,LERSTAD BARNEHAGE,REGNSKAP OG FINANS,6025.0,ÅLESUND,KYRKJEHAUGEN 4B
7922,ASPØY OMSORGSSENTER 2024,REGNSKAP OG FINANS,6025.0,ÅLESUND,JOHS. AARFLOTSGATE 4
7923,BLINDHEIM OMSORGSSENTER 2024,REGNSKAP OG FINANS,6025.0,ÅLESUND,SKARPETEGVEIEN 18
7924,PRESTEMARKA BARNEHAGE,ÅLESUND KOMMUNE,6025.0,ÅLESUND,NEDRESKODJEVEG 12
7925,NØRVE BARNEHAGE 2024,REGNSKAP OG FINANS,6025.0,ÅLESUND,BØGATA 39
7926,SKARBØVIK BARNEHAGE,REGNSKAP OG FINANS REF 410160,6025.0,ÅLESUND,HARHAUGGT. 42
7927,KLIPRA KAFE,REGNSKAP OG FINANS,6025.0,ÅLESUND,FJELLGT.42
7928,ÅRØYHAUGEN BARNEHAGE 2024,POSTBOKS 1521,6025.0,ÅLESUND,ÅRØYVEGEN 12
7929,SKODJE OMSORGS. KJØKKEN 2024,POSTBOKS 1521,6025.0,ÅLESUND,ÅDALSBAKKEN 6
7931,ELLINGSØY BARNEHAGE 2024,REGNSKAP OG FINANS,6025.0,ÅLESUND,GRØNEBELGVEGEN 1
7932,FREMMERHOLEN BARNEHAGE 2024,REGNSKAP OG FINANS,6025.0,ÅLESUND,HOLSMYRVEIEN 48
7933,VALLE BARNEHAGE 2024,REGNSKAP OG FINANS,6025.0,ÅLESUND,"NEDRESKODJEVEGEN 12,PRESTEM.BH"
7934,HATLAHAUGEN DAGSENTER 2024,REGNSKAP OG FINANS,6025.0,ÅLESUND,HATLAHAUGEN 2
7935,FAGERLIA BARNEHAGE,REGNSKAP OG FINANS,6025.0,ÅLESUND,FAGERLIBAKKEN 11
7806,EIDET OMSORGS. KJØKKEN 2024,,,,TROLLDALSSLETTA 12
7807,HARAM OMSORGSSENTER 1 ETG 2024,,6270.0,BRATTVÅG,BERNT HILDRE VEGEN 4
7808,TENNFJORD BARNEHAGE,,,,TROLLDALSSLETTA 18
7809,SØVIK BARNEHAGE 2024,,,,PLASSEN 19
7810,HARAMSØY BARNEHAGE 2024,POSTBOKS 33,6282.0,BRATTVÅG,BARNEHAGEVEGEN 66
7936,SANDØYTUNET HOVUDKJØKKEN 2024,POSTBOKS 1521,6025.0,ÅLESUND,AUSTREVEGEN
9258,NOR F. COLOR LINE,POSTVEGEN 15 AVD COL.LINE,6018.0,ÅLESUND,SJØMANNSVEGEN 14
8070,NOR F. POSTVEGEN 17,"POSTVEGEN 15, AVD POSTV17",6018.0,ÅLESUND,POSTVEGEN 17
8071,NOR F. POSTVEGEN 11,LERSTADVEGEN 519(POSTV 11),6018.0,ÅLESUND,POSTVEGEN 11
9259,PULS NORGE AVD ÅLESUND,POSTBOKS 32,4001.0,STAVANGER,"TVERRVEIEN 30, BLINDHEIM"
9295,FERGEKAIA PLUTO,EIKREMSVEGEN 18,6036.0,MAUSEIDVÅG,FOGD GREVESVEG 3
6822,ULLAVIK BARNEHAGE,KYRKJEVEGEN 62,6230.0,SYKKYLVEN,ULLAVIKLIA 23
7937,STORHAUGEN BARNEHAGE,REGNSKAP OG FINANS,6025.0,ÅLESUND,STORHAUGGT. 9
7938,YSTENESET BOLIGER,REGNSKAP OG FINANS,6025.0,ÅLESUND,YSTENESGATA  43
7939,RABBEVÅGEN BARNEHAGE,REGNSKAP OG FINANS,6025.0,ÅLESUND,VEGSUNDVEIEN 62
8261,M SUPPLY2  ÅLESUND,POSTBOKS 7699 SPJELKAVIK,6022.0,ÅLESUND,TVERRVEGEN 32 C
8262,M SUPPLY3 ÅLESUND,POSTBOKS 7699 SPJELKAVIK,6022.0,ÅLESUND,TVERRVEGEN 32 C
8263,M SUPPLY4 ÅLESUND,POSTBOKS 7699 SPJELKAVIK,6022.0,ÅLESUND,TVERRVEGEN 32 C
9296,HARBOUR GIFTSHOP ÅLESUND,NØRVEGJERDET 12,6009.0,ÅLESUND,LORKENESGATA 1
5854,KRÅEN GARD AS,HALLEBYGDA 253,6084.0,LARSNES,HALLEBYGDA 253
4048,BOREAS SEAFOOD,KILDEHAUGEN 10,6037.0,EIDSNES,KILDEHAUGEN 10
7941,ØHD-ÅLES.LOKALMED.SENTER,REGNSKAP OG FINANS,6025.0,ÅLESUND,"ÅSESVINGEN 16,2.ETG"
3328,JR ULSTEINVIK AS,BRENDEHAUGEN 4,6065.0,ULSTEINVIK,SJØGATA 34
1090,SPAR LANGEVÅG,7080004404472,901.0,OSLO,FYLLINGVEGEN 9
8073,NOR F. VARD ELECTRO,POSTVEGEN 15 VARD ELECTRO,6018.0,ÅLESUND,TENNFJORDVEGEN 113
6538,STORFJORD GASTROPUB,KYRKJEGATA 1,6200.0,STRANDA,KYRKJEGATA 1
2221,RENEX  AVD MYKLEBUST,TVERRVEGEN 30B,6020.0,ÅLESUND,GURSKEVEGEN 68
9270,JERVELL GJESTEHUS,MUSEUMSVEGEN 2,6015.0,ÅLESUND,MUSEUMSVEGEN 2
9510,MF NORDDALSFJORD,POSTBOKS 354,6902.0,FLORØ,EIDSDAL FERGEKAI
9299,EGON MOA MOANOR,LANGELANDSVEGEN 25,6010.0,ÅLESUND,LANGELANDSVEGEN 25
9272,NAMASTE ÅLESUND,KONGENSGATE 12,6002.0,ÅLESUND,KONGENSGATE 12
7651,Å706 JANNE 1,POSTBOKS 60,9251.0,TROMSØ,SJØMANNSVEIEN 19
7652,Å707 JANNE 2,POSTBOKS 60,9251.0,TROMSØ,SJØMANNSVEIEN 19
7653,Å708 JANNE 3,POSTBOKS 60,9251.0,TROMSØ,SJØMANNSVEIEN 19
7654,Å709 JANNE 4,POSTBOKS 60,9251.0,TROMSØ,SJØMANNSVEIEN 19
7655,Å710 JANNE 5,POSTBOKS 60,9251.0,TROMSØ,SJØMANNSVEIEN 19
7656,Å711 JANNE 6,POSTBOKS 60,9251.0,TROMSØ,SJØMANNSVEIEN 19
9273,URBANBIRD,SIVSANGERVEGEN 2,6014.0,ÅLESUND,KIPERVIKTORGET
7657,Å712 JANNE 7,POSTBOKS 60,9251.0,TROMSØ,SJØMANNSVEIEN 19
7658,Å713 JANNE 8,POSTBOKS 60,9251.0,TROMSØ,SJØMANNSVEIEN 19
7659,Å714 JANNE 9,POSTBOKS 60,9251.0,TROMSØ,SJØMANNSVEIEN 19
7660,Å715 JANNE 10,POSTBOKS 60,9251.0,TROMSØ,SJØMANNSVEIEN 19
9274,ABLE CARWASH,ELIAS SMITHS VEI 24,1337.0,SANDVIKA,NØRVEGATA 23
9276,HEMIT ÅLESUND,ABELS GATE 9,7030.0,TRONDHEIM,LANGELANDSVEGEN 1
5979,KAFE SJØATUNET,FJORDVEGEN 4091,6797.0,UTVIK,FJORDVEGEN 4091
9277,NORDAMP ÅLESUND,SANDVIKSBODENE 3A,5035.0,BERGEN,STORGATA 23
3658,MIX SELJE,HOVEVEGEN 127,6740.0,SELJE,HOVEVEGEN 127
3340,FRUENES,HALKJELSGATA 20,6100.0,VOLDA,HALKJELSGATA 20
7322,HASUNDGOT IL,GJERDSBAKKVEGEN 41,6002.0,ÅLESUND,GJERDSBAKKVEGEN 41
764,BRATTVÅG BAKERI OG KONDITORI,BRATTVÅGGATA 63,6270.0,BRATTVÅG,BRATTVÅGGATA 63
9278,ROYAL TUR REISER,ØVRE TUEVEGEN 8,6010.0,ÅLESUND,ØVRE TUEVEGEN 8
2392,HAREID KOMMUNE FELLESKJØKKEN,HAREID KOMMUNE ØKONOMIAVDELING,6060.0,HAREID,TEIGEVEGEN 55
9279,TYRHOLM OG FARSTAD,FLATHOLMEN 11,6002.0,ÅLESUND,FLATHOLMEN 11
2393,NOR F. VARD BRATTVÅG,POSTVEGEN 15 AVD BR.VÅG,6018.0,ÅLESUND,STRANDGATA 74
7619,SEAGEMS NORWAY,SEAGEMS NORWAY,6057.0,ELLINGSØY,BJØRGE INDUSTRIVEG 41
8265,FACILITEC ULSTEINVIK,INDUSTRIVEIEN 8B,1461.0,LØRENSKOG,SJØGTATA 98
9280,BRØDRENE DAHL,BEIVIKA INDUSTRIVEG 33,6018.0,ÅLESUND,BEIVIKA INDUSTRIVEG 33
2371,MILLENNIUM KAFE,STRANDGATA 89,6060.0,HAREID,STRANDGATA 89
6717,SOI ONE VOLDA,VIKEBYGDVEGEN 2A,6103.0,VOLDA,VIKEBYGDVEGEN 2A
7325,SNORREBUDA,SJØGATA 62,6065.0,ULSTEINVIK,SJØGATA 62
8266,M SUPPLY 5 ÅLESUND,POSTBOKS 7699 SPJELKAVIK,6022.0,ÅLESUND,TVERRVEGEN 32 C
6086,NF COWORK AS,SYKKYLVSVEGEN 125,6230.0,SYKKYLVEN,SYKKYLVSVEGEN 125
2547,HERØY OMSORGSSENTER 324000,HERØY KOMM. FAKT.MOTTAK B.173,6099.0,FOSNAVÅG,SJUKEHEIMSVEGEN 5
9302,HOLE KJØTT AS,KEISER WILH.GT.30,6003.0,ÅLESUND,KEISER WHILHELMGT. 30
1821,FØNIKS KAFFIHUS,VIKEGATA 36,6150.0,ØRSTA,VIKEGATA 36
7943,KAOS KOLLEKTIVET UNGDOMSHUS,REGNSKAP OG FINANS,6025.0,ÅLESUND,VESTMOA 6
1177,JAFS FOSNAVÅG,HOLMEFJORDVEGEN 6,6090.0,FOSNAVÅG,HOLMEFJORDVEGEN 6
7889,CATS BRYGGEN,KAIVEGEN 1,6770.0,NORDFJORDEID,KAIVEGEN 1
9305,KANTINE TAFJORD KRAFT,TVERRVEGEN 30B,6020.0,ÅLESUND,RETIROVEGEN 4
2985,KJELDSUND,KJELLSUNDVEGEN 111,6080.0,GURSKØY,KJELDSUNDVEGEN 111
8074,NOR F. POSTVEGEN15,"POSTVEGEN 15, AVD POSTV.15",6018.0,ÅLESUND,POSTVEGEN 15
3440,LONGVA SERVICESENTER,ØVSTEVEGEN 70,6293.0,LONGVA,LONGVAFJORDVEGEN 521
1641,VOLDABADET,FAKTURAMOTTAK,6100.0,VOLDA,JOPLASSVEGEN 1D
8018,MF FOLDØY,BØREHAUGEN 1,4006.0,STAVANGER,LARSNES FERGEKAI
1041,FLAMMEN 6770,MELVEGEN 48,6770.0,NORDFJORDEID,EIDSGATA 36
1172,HAVILA SERVICE KANTINE,POSTBOKS 215,6099.0,FOSNAVÅG,MJØLSTADNESVEGEN 24
1968,OLEBUDA,MARÅKVEIEN 28,6216.0,GEIRANGER,MARÅKVEGEN 28
3643,MIX MÅLØY NY,SJØGATA 26,6700.0,MÅLØY,SJØGATA 26
9308,LUCKY BOWL-AVD 26 ÅLESUND,STRANDGATEN 49,4370.0,EGRSUND,KANALVEGEN 1
7591,PHARMA MARINE,TERØY INDUSTRIOMRÅDE 3,6280.0,SØVIK,HÅEMSHØGDA 68
5901,REM-SERVERING,MYKLEBUST 259,6082.0,GURSKEN,KLUBBENESVEGEN 39
7327,ULSTEIN KOMM.RÅDHUSET 110100,REF 110100 ULSTEIN KOMMUNE,6065.0,ULSTEINVIK,"SJØGAGATA 63, REF 110100"
7328,ULSTEIN KOMMUNE TEK.UTESEKSJ.,SJØGATA 63,6065.0,ULSTEINVIK,"STOREHØLVEGEN 7, REF 520100"
9310,FABRIKKEN KULTURSCENE,MOLOVEGEN 22,6004.0,ÅLESUND,MOLOVEGEN 22
1642,KIOSK VOLDA UNGDOMSKLUBB,FAKTURAMOTTAK,6100.0,VOLDA,STORGATA 14
9311,POTETVOGNA IVERSEN,NAUSTBERGET 8,6006.0,ÅLESUND,HENT     (KEISER WHELMS GT 20)
9312,RASOI ÅLESUND,RÅDSTUGATA 3 B,6002.0,ÅLESUND,RÅDSTUGATA 3 B
333,ELMIR PIZZERIA,SJØGATA 62,6065.0,ULSTEINVIK,VÅGSGATA 17
1173,FERGEKAIA FOSNAVÅG,EIKREMSVEGEN 18,6036.0,MAUSEIDVÅG,MYKLEBUSTVEGEN 83
3449,SALONG LONGVA FLEM,LONGVAFJORDVEGEN 409,6293.0,LONGVA,LONGVAFJORDVEGEN 409
5841,SANDETUN - KANTINE,SANDE KOMMUNE,6084.0,LARSNES,
9314,VIDDALS GARTNERI,BRUSDALSVEGEN 304,6011.0,ÅLESUND,BRUSDALSVEGEN 304
9315,CAFÈ HERMAN,RASMUS RØNNEBERGSGATE 21,6002.0,ÅLESUND,GRIMMERGATA 1
1862,KRØNSJI,IVAR AASEN GATE 4,6150.0,ØRSTA,IVAR AASEN GATE 4
8075,NOR F. SKANSEKAIA 4,POSTVEGEN 15 AVD SKANSEKAIA 4,6018.0,ÅLESUND,SKANSEKAIA 4B
6591,FACILITEC RENHOLD NMK,INDUSTRIVEIEN 8B,1461.0,LØRENSKOG,BORGUNDVEGEN 340
6592,FACILITEC RENH.KONGS. BRATTVÅG,INDUSTRIVEIEN 8B,1461.0,LØRENSKOG,ÅRSUNDVEGEN 24
6593,FACILITEC RENHOLD ULSTEINVIK,INDUSTRIVEIEN 8B,1461.0,LØRENSKOG,SJØGTATA 98
6594,FACILITEC RENHOLD HJØRUNGAVÅG,INDUSTRIVEIEN 8B,1461.0,LØRENSKOG,HJØRUNGAVÅGVEIEN 137
6595,FACILITEC RENHOLD PIR,INDUSTRIVEIEN 8B,1461.0,LØRENSKOG,KEISER WILHELMGATE 22
1063,FELLESKJØPET NORDFJORDEID 4560,ULDEGROVA 11,6770.0,NORDFJORDEID,ULDEGROVA 11
6782,FELLESKJØPET VOLDA 7110,MORKAMYRA 21,6105.0,VOLDA,MORKAMYRA 21
6762,FELLESKJØPET STRYN 4570,STRYNEVEGEN 57,6783.0,STRYN,STRYNEVEGEN 57
9317,FELLESKJØPET ÅLESUND 6110,POSTVEGEN 11,6070.0,TJØRVÅG,POSTVEGEN 11
7329,HADDAL SKULE,SJØGATA 63 220000,6065.0,ULSTEINVIK,RINGSTADDALEN 8
7811,"AVD VATNE, TENNFJORD BHG",,,,GJERDEBAKKEN 55
9319,INDIAN MASALA HOUSE,KONGENSGATE 28A,6002.0,ÅLESUND,KONGENSGATE 28A
7812,LONGVA BARNEHAGE,POSTBOKS 33,6282.0,BRATTVÅG,BARNEHAGEVEGEN 66
9321,KOIWA RAMEN,ÅREGJERDDALEN 8D,6030.0,LANGEVÅG,KONGENSGATE 30
9322,ÅNDALSNES VEISERVICE,7080003057976,901.0,OSLO,HENT-KUN LOKALE VARER
9323,PSS CATERINGSERVICE,GATÅ 129,6040.0,VIGRA,HENTEKUNDE
1064,KAUTO BAR OG RESTAURANT,BRUNVOLLSVEGEN 227,6296.0,HARØY,MAUSAVÅGVEGEN 36
9325,AKADEMIET VGS ÅLES.ELEVKANTINE,POSTBOKS 943,6001.0,ÅLESUND,PARKGATA 11A
9326,AKADEMIET VGS MØRE ANSATTE,POSTBOKS 943,6001.0,ÅLESUND,PARKGATA 11A
1068,CHES MAMAN CRÈPERIE & CAFÈ,POSTBOKS 123,6771.0,NORDFJORDEID,EIDSGATA 2A
1863,BYGG 1 PRODUKTER KANTINE,INDUSTRIVEGEN 32,6155.0,ØRSTA,INDUSTRIVEGEN 32
8080,Å563 TERJE 2,POSTBOKS 60,9251.0,TROMSØ,SJØMANNSVEIEN 19
8081,Å564 TERJE 3,POSTBOKS 60,9251.0,TROMSØ,SJØMANNSVEIEN 19
8082,Å552 TERJE 4,POSTBOKS 60,9251.0,TROMSØ,SJØMANNSVEIEN 19
8083,Å559 TERJE 5,POSTBOKS 60,9251.0,TROMSØ,SJØMANNSVEIEN 19
8084,Å560 TERJE 6,POSTBOKS 60,9251.0,TROMSØ,SJØMANNSVEIEN 19
8085,Å551 ERLING 1,POSTBOKS 60,9251.0,TROMSØ,SJØMANNSVEIEN 19
8086,Å557 ERLING 2,POSTBOKS 60,9251.0,TROMSØ,SJØMANNSVEIEN 19
8087,Å558 ERLING 3,POSTBOKS 60,9251.0,TROMSØ,SJØMANNSVEIEN 19
8088,Å553 ERLING 4,POSTBOKS 60,9251.0,TROMSØ,SJØMANNSVEIEN 19
8089,Å561 ERLING 5,POSTBOKS 60,9251.0,TROMSØ,SJØMANNSVEIEN 19
8090,Å562 ERLING 6,POSTBOKS 60,9251.0,TROMSØ,SJØMANNSVEIEN 19
8091,Å556 ERLING 7,POSTBOKS 60,9251.0,TROMSØ,SJØMANNSVEIEN 19
8092,Å569 BJØRN DAG 1,POSTBOKS 60,9251.0,TROMSØ,SJØMANNSVEIEN 19
8093,Å570 BJØRN DAG 2,POSTBOKS 60,9251.0,TROMSØ,SJØMANNSVEIEN 19
8094,Å571 BJØRN DAG 3,POSTBOKS 60,9251.0,TROMSØ,SJØMANNSVEIEN 19
8095,Å555 BJØRN DAG 4,POSTBOKS 60,9251.0,TROMSØ,SJØMANNSVEIEN 19
8096,Å565 BJØRN DAG 5,POSTBOKS 60,9251.0,TROMSØ,SJØMANNSVEIEN 19
8097,Å566 BJØRN DAG 6,POSTBOKS 60,9251.0,TROMSØ,SJØMANNSVEIEN 19
8098,Å568 BJØRN DAG 7,POSTBOKS 60,9251.0,TROMSØ,SJØMANNSVEIEN 19
8099,Å567 LARS 1,POSTBOKS 60,9251.0,TROMSØ,SJØMANNSVEIEN 19
9327,EXPRESS PIZZARIA OG GRILL,APOTEKERGATA 8,6004.0,ÅLESUND,APOTEKERGATA 8
9329,BRISK AVD RÅDHUSET,BREIVIKVEGEN 5,6018.0,ÅLESUND,KEISER WILHELMS GATE 11
9330,SJØBUA RESTAURANT,BRUNHOLMGATA 1A,6004.0,ÅLESUND,BRUNHOLMGATA 1A
2937,KIWI 925 MEIERIBYGGET ØRSTA,7080011154360,3412.0,LIERSTANDA,IVAR AASENGT. 7
9331,TYRHOLM OG FARSTAD VAREAUTOMAT,FLATHOLMEN 11,6002.0,ÅLESUND,FLATHOLMEN 11
9332,ISS 460367 NCC MOAVEGEN KANT.,POSTBOKS 2 ØKERN,508.0,OSLO,MOAVEGEN 24
6788,SLICE & BITE,MYRANE 8,6783.0,STRYN,MYRANE 8
9333,AKADEMIET VGS ÅLES. PERSONAL,POSTBOKS 943,6001.0,ÅLESUND,MOLOVEGEN 5
9334,AKADEMIET VGS ÅLES.E PERSONAL,POSTBOKS 943,6001.0,ÅLESUND,MOLOVEGEN5
9335,AKADEMIET VGS ÅLES.MOLO ELEVK.,POSTBOKS 943,6001.0,ÅLESUND,MOLOVEGEN 5
9336,BROOKLYN 24/26,KEISER WILHELMSGT. 24,6003.0,ÅLESUND,KEISER WILHELMSGT. 24/26
1069,FERGEKAIA LANGEVÅG,EIKREMSVEGEN 18,6036.0,MAUSEIDVÅG,DJUPDALEN 10
6544,LILLE SIENA,FURLIVEGEN 175,6200.0,STRANDA,ALLMENNINGEN 4
6028,FERGEKAIA SJØHOLT,EIKREMSVEIEN 18,6036.0,MAUSEIDVÅG,ÅRØYVEGEN 1
7675,FINNVIK GÅRD FRYS,KIPERVIKGATA 13,6003.0,ÅLESUND,LEITENESET 13
1070,FOLE FESTLIG DRIFT,GEILNESET 16,6030.0,LANGEVÅG,GEILNESET 16
9338,460389KANT.VEIDEKKE KONGSHAUG.,POSTBOKS 2 ØKERN,508.0,OSLO,KONGSHAUGSTRANDA 99
9339,DRÅPE FORUM KONGENS GT,KONGENS GATE 24,6040.0,VIGRA,KONGENS GATE 24
2695,BØLGEN BAR & RESTAURANT,INDUSTRIVEGEN 7,6222.0,IKORNNES,INDUSTRIVEGEN 7
3580,JOKER GEIRANGER,7080011166561,901.0,OSLO,MARÅKVEIEN 49
8077,CLAS OHLSON AVD ØRSTA,VIKEØYRANE 4,6150.0,ØRSTA,VIKEØYRANE 4
6864,SØRESTRANDA SKULE,KYRKJEVEGEN 62,6230.0,SYKKYLVEN,IKORNNESVEGEN 15
2634,RAUS RESTAURANT,KEISER WILHELMSGATE 50,6003.0,ÅLESUND,ULLAVIKVEGEN 3
9342,GANGE ROLV KJØKKEN,MOAVEIEN 1,6018.0,ÅLESUND,MOAVEIEN 1
1071,COCO FRISØR,EIDSGATA 25,6770.0,NORDFJORDEID,EIDSGATA 25
3448,OLAVS MATKRO OG PUB,HORNINDALSVEGEN 753,6763.0,HORNINDAL,SANDEN 2
1891,JOKER TOMREFJORD NY,7080011180215,901.0,OSLO,
1864,RJÅNES FERIE OG KONF.SENTER,LIADALSVEGEN 965,6152.0,ØRSTA,LIADALSVEGEN 965
7944,SKARBØVIK DAGSENTER 240040,REGNSKAP OG FINANS,6025.0,ÅLESUND,OLE THORESENSGT. 16
209,MARUTHAM ÅLESUND,HJØRUNGAVÅGVEGEN 2,6063.0,HJØRUNGAVÅG,SKAREGATA 3
2346,HV -11208  ØRSKOGFJELLET,FORSVARET,5886.0,BERGEN,HENTEKUNDE(LEV.KIWI SKODJE)
2347,HV-11210 STORFJORDEN,FORSVARET,5886.0,BERGEN,HENTEKUNDE(LEV.SPAR SYKKYLVEN)
2348,HV-11211 SØRE SUNNMØRE,FORSVARET,5886.0,BERGEN,HENTEKUNDE(LEV.KIWI VOLDA)
2349,HV-11212 ÅLESUND,FORSVARET,5886.0,BERGEN,HENTEKUNDE
8079,MF BOLSØY CATERING 100004,POSTBOKS 354,6902.0,FLORØ,GEIRANGER FERGEKAI
8040,BAMA BLOMSTERTORGER AS,PB 267 ALANBRU,614.0,OSLO,
2372,LØVENS HULE,HAREIDSVEGEN 344,6060.0,HAREID,HAREIDSVEGEN 344
1928,GEIRANGER FJORDSERVICE,GEIRANGERVEGEN 2,6216.0,GEIRANGER,ØRNEVEGEN 5
5092,LOENVATN FERIESENTER KIOSK,LODALSVEGEN 393,6788.0,OLDEN,LODALSVEGEN 393
6750,JULA  AVD 643 FURENE,FURENE 16,6105.0,VOLDA,FURENE 16
9345,JULA AVD 603 ÅLESUND,NORDRE HOLEN 17,6019.0,ÅLESUND,NORDRE HOLEN 17
1688,NOR-LOG AS,GÅSAVIKJA 1,5585.0,SANDEID,
6088,AUTOTECK SYKKYLVEN,KYRKJEVEGEN 200,6230.0,SYKKYLVEN,KYRKJEVEGEN 200
9348,PLANTASJEN ÅLESUND,ØVRE HOLEN,6019.0,ÅLESUND,ØVRE HOLEN
