Kundenr,Alle kunder,Antall leveranser,Antall min. per lev.,Minutter pr M3
361, ASKO MAT ,50,2.88,10.3611061344224
7922, ASPØY OMSORGSSENTER 2024 ,53,2.3962264150943398,2.9559197879744343
7921, KANTINE ÅLESUND RÅDHUS 2024 ,61,6.032786885245901,12.23300957964321
3756, MOTORHUSET ,101,7.138613861386139,4.598523982227374
213,1996  HOTEL ALEXANDRA ,97,5.443298969072165,2.412862751979644
3318,2057 HOTEL LOENFJORD ,46,5.369565217391305,4.904997934737713
8801,2743 62 NORD ,8,15.625,340.59945504087193
6437,2752 STORFJORD HOTEL ,99,9.474747474747474,8.334803179132068
5850,321 SELJETUNET OMS OG REHAB ,1,2.0,66.66666666666667
1023,3846 DEVOLD FABR.UTS. DYRKORN ,5,37.6,280.01191540065537
1025,3846 DEVOLD KANTINE KAFE ,101,3.267326732673267,4.095870679709739
1028,3846 DEVOLD RETAIL HELLESYLT ,3,14.333333333333334,146.5076660988075
7367,4008 VALLDAL FJORDHOTELL ,45,11.066666666666666,16.246789383212498
2646,4274 HOVEN RESTAURANT ,84,3.3452380952380953,14.451907548935909
8353,4341 APOTEKERGATA 5 ,90,4.644444444444445,11.876744396833283
615,5311 SAGAFJORD HOTEL ,45,6.155555555555556,13.027918782919599
7582,5410 VISNES HOTEL STRYN AS ,56,7.482142857142857,13.346082717682888
9251,6210 SJØBUA ,72,2.2083333333333335,8.081510419049186
7635,A. M. VIK AS ,24,2.5,17.833259028087383
8004,A.WESTRE ,2,8.0,26.666666666666668
9274,ABLE CARWASH ,3,1.3333333333333333,2.45188181929631
3439,AISHA SPISERI ,20,8.55,11.578619503541296
9326,AKADEMIET VGS MØRE ANSATTE ,6,6.5,19.440705847166143
9325,AKADEMIET VGS ÅLES.ELEVKANTINE ,4,2.5,9.792401096748922
8203,AKSLA IL ,30,2.2333333333333334,11.808664387183194
13026,ALBATROSS KANTINE LANGSTEN ,59,5.8474576271186445,8.664640731345907
13018,ALBATROSS KANTINE TROHAUGEN ,53,3.2641509433962264,2.813053870794647
13049,ALBATROSS TOMREFJORD PRØVETUR ,3,2.6666666666666665,1.7710870046491032
7004,ALF TAFJORD LANDHANDEL ,49,10.755102040816327,6.211270899099732
3323,ALNES BRYGGE ,13,4.230769230769231,13.767725947156963
3319,ALNES FYR OG OPPLEVELSESSENTER ,87,4.528735632183908,9.188497121015306
13153,AMORE ÅLESUND ,22,2.090909090909091,23.0
8399,ANDREAS FAUSA EFTF. ,21,2.0476190476190474,10.793714543902807
4096,ANITAS KANTINE ,40,4.625,6.943308077206583
9142,ANNO ,184,7.717391304347826,8.31218020057408
8165,ASK SAFETY 460205 ,85,2.823529411764706,8.500142731563365
8284,ASSIST ÅLESUND ,13,2.076923076923077,3.79368001011648
8288,ATLANTERHAVSPARKEN ÅLESUND ,87,6.9655172413793105,8.0286540809344
410,AURSNES HOTELL ,10,3.5,6.63607750938531
435,AURSNES KIOSK ,66,7.878787878787879,3.2850824217703423
7811,"AVD VATNE, TENNFJORD BHG ",17,7.9411764705882355,27.87010466772642
4089,B GATEGRILL ,25,15.52,9.667579771237152
571,BAKEHUSET AVD NORDFJORDEID ,20,8.45,25.302393546542184
582,BAKERIET KAFFEBAR ,67,9.626865671641792,7.705382490408291
8132,BAKK,1,0.0,
598,BARIUS & KAKTUS ,1,6.0,18.38235294117647
9194,BARNAS HAGE LARSGÅRDEN ,14,4.857142857142857,119.04761904761904
8299,BELLA MI ,23,3.0434782608695654,8.489376152129621
6770,BENTO YUME SUSHI ,7,2.142857142857143,7.409602845287493
8320,"BILTEMA  AVD 218, ÅLESUND ",21,1.5238095238095237,2.860821055642969
8327,BILTEMA NORDFJORDEID ,11,2.3636363636363638,7.065601391379966
8334,BILTEMA ULSTEINVIK AVD.296 ,14,1.3571428571428572,3.2710119478015356
575,BJØRGS MAT AS ,62,17.693548387096776,10.062900004861744
579,BJØRGS MAT AVD MÅLØY ,5,6.6,26.078710289236607
7521,BJØRN HOLTE ,35,2.1142857142857143,5.84313703814542
6727,BK KANTINE KAFFI ,2,2.5,30.845157310302284
13275,BLAKSTAD BARNEHAGE ,35,3.4285714285714284,26.093196199091086
580,BLAKSTAD GARD ,3,4.0,21.62162162162162
7930,BLINDHEIM BOKOLLEKTIV 2024 ,11,3.3636363636363638,22.4188075618032
7923,BLINDHEIM OMSORGSSENTER 2024 ,52,3.576923076923077,5.835858021731981
2485,BLÅTIND HOTEL ,63,9.825396825396826,22.535166144972116
3565,BOGNE BRESERI AS ,42,4.642857142857143,7.035012717138374
1249,BONDALSELVA CAMPING ,1,4.0,135.13513513513513
9233,BORGUND PIZZA ,37,3.5405405405405403,5.107748142007875
8342,BORGUND VGS KANTINE ,65,2.4461538461538463,2.262326585197298
8527,"BORGUND VGS, REST.OG MATFAG ",50,3.4,5.638345258433555
7911,BORGUNDHEIMEN DAGSENTER 240040 ,29,10.551724137931034,59.93418990911939
13097,BRASSERIE POSTEN GEIRANGER ,3,17.0,8.927868077619936
764,BRATTVÅG BAKERI OG KONDITORI ,10,3.1,14.274860129394702
772,BRATTVÅG BARNEHAGE ,1,2.0,87.71929824561403
785,BRATTVÅG BOWLING AS ,92,7.445652173913044,8.945053085298976
793,BRATTVÅG FJORDHOTELL ,95,5.831578947368421,7.408002702182648
7395,BRAUD DIGERNES ,59,7.016949152542373,7.359744862178112
7394,BRAUD MOA ,76,6.605263157894737,15.372634811423394
7392,BRAUD ULSTEINVIK ,69,5.608695652173913,8.303730284541157
7396,BRAUD VALDERØY ,55,4.1454545454545455,5.902380834037476
2672,BRIKSDALSBRE FJELLSTOVE AS ,50,22.32,8.862417402230104
9329,BRISK AVD RÅDHUSET ,3,7.0,17.524826838020527
9262,BRISK KARRIERE AS ,16,0.8125,83.44030808729138
8309,BRO ,88,5.840909090909091,20.419919353236793
8331,BROKIOSKEN ,58,8.068965517241379,4.623271533628077
8352,BRUSDALSHEIMEN ,22,5.090909090909091,24.142717952697517
1646,BRYGGA SPORTSBAR ,49,9.816326530612244,28.15702605607872
7636,BRYGGEN KRO ,3,24.0,100.08340283569642
8892,BRØDR REMØ AS ,6,1.6666666666666667,13.194352816994328
9280,BRØDRENE DAHL ,14,1.3571428571428572,11.339898537749926
7857,BRØR MAT OG BRYGGERI ,59,3.593220338983051,11.088765041099046
8302,BULDREHALLEN ,19,1.894736842105263,4.857971796774847
3070,BUNNPRIS BRATTVÅG ,251,10.286852589641434,2.6541854844939587
3087,BUNNPRIS BROA ,171,11.280701754385966,3.6411285573203096
6343,BUNNPRIS BRYGGJA ,248,12.185483870967742,2.528056004990057
3096,BUNNPRIS EID ,198,15.434343434343434,2.3685874399435005
3095,BUNNPRIS HAREID ,247,14.8582995951417,2.5174268876296146
3083,BUNNPRIS IKORNES ,201,20.935323383084576,3.0321795385786556
3079,BUNNPRIS LANGEVÅG ,252,8.551587301587302,2.6400416849718753
2943,BUNNPRIS NØRVE ,155,10.787096774193548,3.019572100627458
13116,BUNNPRIS OLDEIDE ,153,15.013071895424837,2.4152155255479544
3086,BUNNPRIS OLDEN ,202,19.900990099009903,3.4890728747028614
3071,BUNNPRIS SJØHOLT ,234,20.521367521367523,2.567306261496908
3054,BUNNPRIS SKANSEN ,190,10.805263157894737,3.3832176944691406
3076,BUNNPRIS SPJELKAVIK ,248,13.451612903225806,2.3273904251367203
3092,BUNNPRIS STAD ,152,24.907894736842106,2.455776116452515
6340,BUNNPRIS STRAUMGJERDE ,201,14.233830845771145,3.3075612920529807
3097,BUNNPRIS STRYN ,154,12.357142857142858,2.6881742834217994
3078,BUNNPRIS TORGHALLEN ,300,12.71,2.7537584433426003
3077,BUNNPRIS ULSTEINVIK ,250,14.008,4.071099343647413
3080,BUNNPRIS VALDERØY ,199,15.43718592964824,2.1797178502827865
3089,BUNNPRIS VALLDAL ,162,28.006172839506174,3.213650937527589
3075,BUNNPRIS VATNE ,251,14.071713147410359,2.2951025137558654
3081,BUNNPRIS VEDDE ,252,12.75,1.93774342185562
3066,BUNNPRIS VOLDA ,138,15.043478260869565,4.06221465681487
3093,BUNNPRIS ØRSTA ,299,9.812709030100335,1.7804981923756076
6672,BURGER KING DIGERNES AVD 5065 ,135,3.2074074074074073,13.94524959742351
8308,"BURGER KING MOA, AVD 5043 ÅLES ",94,2.5319148936170213,10.004203446826399
7872,BURGER KING VOLDA AVD.5087 ,99,3.9797979797979797,20.020325203252032
8534,BURGER KING ÅLESUND AVD.5049 ,98,4.0,13.990007137758743
9178,BYBADET ,60,9.416666666666666,12.20575225779413
1863,BYGG 1 PRODUKTER KANTINE ,9,3.3333333333333335,8.106903027928281
2696,BØLGEN BAR & RESTAURANT ,24,9.625,14.77337262666728
1053,CAFE GOBETEN ,5,3.6,11.743981209630064
9315,CAFÈ HERMAN ,13,8.23076923076923,10.35079522160859
2960,CAFE NOVA ,52,8.403846153846153,6.521084816034528
7889,CATS BRYGGEN ,1,15.0,103.96451344607708
9165,CCD DRIKKE ARB.PLASS ÅLESUND ,20,1.55,3.6075455889027253
890,CENTRUMSKIOSKEN ,53,10.264150943396226,3.884745596651578
5102,CHINA HOUSE ,16,9.125,28.130858588485996
902,CHINA RESTAURANT EID ,67,4.955223880597015,9.829476349450912
1047,CHRISTIAN GAARD BYGDETUN AS ,23,6.6521739130434785,4.643586524129804
3060,CHRISTINEBORG GJESTEHUS AS ,9,3.4444444444444446,7.555797124409854
9172,CINQUE MINUTI ,79,5.6835443037974684,7.321900080361524
8029,COLOR LINE KIOSKDRIFT ,24,5.625,4.0808824863033495
8953,COOP OBS KAFE AVD 5289 ,102,6.862745098039215,6.3620961579937525
8125,DALANE BARNEHAGE ,13,6.384615384615385,24.049605934167822
3329,DALSFJORDEN FOTBALLKLUBB ,1,1.0,4.610419548178884
9236,DAMPSENTRALEN ,93,8.924731182795698,17.204950133628568
1847,DET LILLE NAPOLI ØRSTA ,63,4.333333333333333,3.4215028293196483
9290,DEVIES ,22,4.863636363636363,10.098140715231489
1048,DIDRIKS KAFE & GAVER ,61,5.229508196721311,12.018488126939351
9267,DIRTY NELLY ,57,3.6666666666666665,7.978469584470615
6083,DIS KAFFEBAR ,24,4.708333333333333,8.568018694961852
6460,DREGES HOTEL ,78,6.230769230769231,15.93231062760519
8947,DRÅPE ÅLESUND KAFFEHUS AS ,100,5.59,6.654522658828217
8945,DAASKOGEN RENEX ,54,2.685185185185185,8.812896732299448
13246,EBBEGARDEN BARNEHAGE EMBLEM ,41,2.5365853658536586,8.843537414965986
9299,EGON MOA MOANOR ,102,11.176470588235293,3.7940335029133196
13169,EGON ÅLESUND ,130,10.015384615384615,5.822337671258117
13331,EID VG SKULE ,16,13.3125,1044.1176470588236
7806,EIDET OMSORGS. KJØKKEN 2024 ,58,5.155172413793103,4.691291080961329
8326,EKORNES AS ,4,1.25,2.740476842970677
8562,"ELEKTROIMPORTØREN NORGE AS,ÅLE ",22,1.7272727272727273,5.352414220519465
7931,ELLINGSØY BARNEHAGE 2024 ,41,9.073170731707316,19.971974809541454
333,ELMIR PIZZERIA ,20,6.35,6.361727845282779
1146,ELVEBAKKEN CAMPING ,7,14.0,17.045701613253904
1964,EMOBILITY AS ,1,52.0,86.03573792190603
7583,EPIC DIGERNES ,45,2.1777777777777776,4.037667315989493
1043,ERLING BJØRLO ,1,9.0,50.90497737556561
9018,EUROSPAR BLINDHEIM ,303,22.125412541254125,2.2621195840499273
6360,EUROSPAR HAREID ,301,17.242524916943523,2.2479535858482844
9200,EUROSPAR LARSGÅRDEN ,303,18.966996699669966,1.8445681619273686
8900,EUROSPAR MOA ,348,15.89655172413793,1.3099017111273048
7740,EUROSPAR SYKKYLVEN ,299,10.899665551839465,1.5856676507650636
7390,EUROSPAR VALDERØY ,255,20.564705882352943,1.7447359305737238
4110,EUROSPAR ØRSTA ,302,22.13907284768212,3.1182342891536052
9037,EUROSPAR ÅLESUND STORSENTER ,257,22.82490272373541,2.1115175116397493
8473,EVERGREENS ,61,2.6065573770491803,5.898759479751671
9327,EXPRESS PIZZARIA OG GRILL ,4,26.5,69.14095623247016
9310,FABRIKKEN KULTURSCENE ,35,4.885714285714286,17.899817547473766
8260,FACILITEC BRATTVÅG ,89,5.53932584269663,7.73235572098649
8939,FACILITEC CATERING NMK AVD 120 ,82,7.195121951219512,3.5096779965615856
8941,FACILITEC FARSTAD SHIPPING ,23,4.739130434782608,9.282876499418757
6592,FACILITEC RENH.KONGS. BRATTVÅG ,9,7.444444444444445,7.076071998504519
6594,FACILITEC RENHOLD HJØRUNGAVÅG ,2,1.0,1.050309841403214
6591,FACILITEC RENHOLD NMK ,18,1.8333333333333333,2.1534495978596015
6595,FACILITEC RENHOLD PIR ,13,4.538461538461538,6.623631770979511
6593,FACILITEC RENHOLD ULSTEINVIK ,8,2.5,1.8505153685301357
8265,FACILITEC ULSTEINVIK ,87,4.379310344827586,5.443785697160345
1377,FACTORY GRODÅS ,23,8.608695652173912,19.52816790279312
1372,FACTORY IKORNNES ,85,11.905882352941177,7.741190876654679
7935,FAGERLIA BARNEHAGE ,44,4.7272727272727275,21.95436026260792
8401,FAGERLIA VGS KANTINE ,73,10.89041095890411,12.611742817533147
1063,FELLESKJØPET NORDFJORDEID 4560 ,15,14.066666666666666,787.6073161627472
6762,FELLESKJØPET STRYN 4570 ,11,1.8181818181818181,50.01250312578145
6782,FELLESKJØPET VOLDA 7110 ,19,6.578947368421052,168.64543982730706
9317,FELLESKJØPET ÅLESUND 6110 ,17,2.0588235294117645,84.60236886632825
1173,FERGEKAIA FOSNAVÅG ,46,11.543478260869565,6.544972093274357
9295,FERGEKAIA PLUTO ,68,6.852941176470588,3.0114741689510676
9293,FERGEKAIA SKARBØVIK ,71,9.732394366197184,7.273403227475319
9061,FERGEKAIA SUNDE ,53,5.264150943396227,2.4292731066319413
8943,FISKERSTRAND VERFT KANTINE REN ,40,1.875,1.8631823004637333
8551,FISKETORGET AVD SENTRUM ,96,8.791666666666666,7.616151040908568
907,FISKÅ BRYGGE GJESTGIVERI ,49,6.857142857142857,9.754539780232541
1574,FJELLSTOVA ØRSKOG KH AS ,85,5.7176470588235295,6.772858397090179
9234,FJELLSTUA 418 AS ,59,13.254237288135593,14.688654066606471
2615,FJORD GUIDING AS ,8,5.5,9.579378211268832
3970,FJORD KOMMUNE RÅDH. VALLDAL ,4,2.0,20.63983488132095
1615,FJORDANE FOLKEHØGSKULE ,55,8.018181818181818,9.572044940425416
1631,FJORDLY UNGDOMSSENTER ,12,4.666666666666667,11.295150346519078
1041,FLAMMEN 6770 ,52,5.3076923076923075,13.07596424576559
1423,FLYING TIGER COPENH. MOA ,4,7.5,110.94674556213019
1421,FLYING TIGER COPENH. ÅLESUND ,2,3.5,56.08974358974359
4044,FOLE FESTLIG ,52,3.173076923076923,7.367015327410254
1834,FOLVEN CAMPING ,5,4.6,11.504026409243234
13076,FRAMOVER BIT FOR BIT ,1,5.0,21.82834191914782
7932,FREMMERHOLEN BARNEHAGE 2024 ,35,3.5714285714285716,11.354346443818693
7064,FRU INGA ,18,4.166666666666667,23.304808248037734
1842,FRU SVENDSEN KAFE ,23,14.0,57.967674920159446
3340,FRUENES ,10,3.8,13.686788647168996
8474,FUNKY FROZEN YOGURT AMFI MOA ,11,4.545454545454546,32.60727794443719
1821,FØNIKS KAFFIHUS ,55,5.709090909090909,14.608891138637448
1906,GEIRANGER CAMPING ,1,27.0,30.793795620437958
1926,GEIRANGER GRILL ,1,3.0,8.4530853761623
7364,GISKE BARNEHAGE ,42,5.595238095238095,23.440928859274635
7363,GISKE KOMMUNE KANTINA RÅDHUSET ,7,0.7142857142857143,2.999940001199976
7585,GISKE OMSORGSSENTER ,96,5.260416666666667,5.609397128655133
1925,GJERMUNDNES VIDAREGÅANDE SKULE ,39,3.8461538461538463,6.6770294163207975
6652,GLOBAL VEKST ,2,35.5,17750.0
7567,GODTESJUK ,1,0.0,
2060,GOKSØYR CAMPING ,5,32.2,24.637326314500832
2066,GRANDE CAMPING OPPSTRYN ,5,1.6,5.583472920156337
2051,GRANDE FJORDHOTELL OG HYTTER ,1,13.0,5.811146673342036
8437,GRIMMERGATA 5 AS KANTINE ,50,7.6,17.479710885581955
2217,GUDBRANDSJUVET CAFE ,16,8.375,5.790387955993052
7342,GUDBRANDSJUVET CAMPING ,1,4.0,21.51694459386767
8045,GYROSHOUSE ÅLESUND ,56,6.375,20.067205464575483
2361,HADDAL I.L. ,1,2.0,9.541984732824428
1134,HAKALLEGARDEN ,11,3.4545454545454546,4.3869472157893155
8350,HAPPY ELEFANT ,84,6.571428571428571,8.419260889558974
7807,HARAM OMSORGSSENTER 1 ETG 2024 ,45,3.8444444444444446,9.961994702291834
7810,HARAMSØY BARNEHAGE 2024 ,25,3.52,22.62501606890346
1062,HARBOUR GIFT SHOP EID ,1,4.0,11.061946902654867
9296,HARBOUR GIFTSHOP ÅLESUND ,8,1.75,8.715682002116663
2392,HAREID KOMMUNE FELLESKJØKKEN ,53,6.6415094339622645,6.4295114575903405
2388,HAREID PIZZA OG PUB ,48,5.1875,10.878065189754519
7917,HARØY NYE BARNEHAGE 2024 ,37,6.783783783783784,20.65807916077171
7322,HASUNDGOT IL ,5,1.8,5.014206919605549
7934,HATLAHAUGEN DAGSENTER 2024 ,44,3.5,16.21274490193395
7920,HATLANE OMSORSSENTER 20204 ,50,3.0,3.124057575964584
11074,HATLØY CATERING ,74,5.1891891891891895,4.239525694230612
11083,HATLØY CATERING AS ,2,11.0,2.84234053823594
11085,HATLØY CATERING AS AVD. EXPO ,47,3.8085106382978724,4.3557027464044165
1159,HAVFRUEN MÅLØY ,101,12.277227722772277,10.989475538801134
1188,HAVILA CAPELLA ,29,2.1379310344827585,4.144274217266917
1190,HAVILA CASTOR ,31,3.7419354838709675,7.1272334046056685
7615,HAVILA HOTELL IVAR AASEN ,97,6.309278350515464,7.350961066091145
1178,HAVILA HOTELS KANTINE ,9,3.888888888888889,6.585842696206367
1184,HAVILA POLARIS ,22,3.3636363636363638,5.9422000594219995
1183,HAVILA POLLUX ,29,3.413793103448276,5.6411220704627425
1172,HAVILA SERVICE KANTINE ,34,3.0588235294117645,8.867984699315631
1171,HAVILA SERVICE RESEPSJON ,36,5.388888888888889,15.672714934320013
2617,HELLESYLT BOUTIQUE OG BAR ,8,14.75,66.87446868801361
3339,HELSEHUSET STELLA MARIS ,52,3.2115384615384617,5.653249958616182
9276,HEMIT ÅLESUND ,7,11.571428571428571,212.15295966474594
2547,HERØY OMSORGSSENTER 324000 ,58,8.517241379310345,5.499528643638115
2567,HERØY VGS KANTINE ,35,8.314285714285715,11.305097783268456
2571,HERØY VGS UNDERVISNINGSKJØKKEN ,22,3.5454545454545454,10.55633224296346
11040,HESSACUP ,2,13.5,6.755066299724794
1835,HF NORDFJORD SJUKEHUS ,101,6.8316831683168315,29.42940227604438
12006,HIG INTERNKJØP SL EGEN FAKTURA ,1,0.0,
2497,HJELLE HOTEL AS ,35,12.542857142857143,12.232654499958901
2599,HJØRUNDFJORD CAMPING ,11,3.727272727272727,7.941427132563727
2620,HJØRUNDFJORDHEIMEN ,52,5.634615384615385,8.292355042982983
7634,HOFSETH KANTINE SYVDE ,46,2.391304347826087,6.609742760829463
9246,HOFSETH PROCESSING ,47,3.1914893617021276,13.87860843819393
8066,HOFSETH AALESUND ,51,10.686274509803921,6.614025496158099
1850,HOGATUNET BU OG BEHANDLINGSS. ,31,8.419354838709678,30.713108966815724
9302,HOLE KJØTT AS ,95,6.621052631578947,19.28910597907086
6712,HOLMEN MAT OG DRIKKE ,77,8.415584415584416,12.457398772100346
1179,HORISONT RESTAURANT AS ,28,5.107142857142857,15.969392370204014
6786,HORNDØLA CAMPING ,8,6.75,15.421081189136704
2618,HORNINDAL SKISENTER ,9,4.777777777777778,19.358033583937335
8570,HOTEL 1904 AS ,98,11.46938775510204,5.839155475255043
8408,HOTEL BROSUNDET BRYGGEN ,102,10.901960784313726,7.699614763069628
1910,HOTEL GEIRANGER ,5,31.0,4.8610355385604
8559,HOTEL NOREG ,85,5.258823529411765,5.20009004182757
8131,HUSAFJELLHEIMEN REF.3600SYSTO ,15,3.8666666666666667,11.481715368276022
6763,HYDLAPARKEN ,3,3.0,5.092225868507412
6597,HYGGE ,5,1.8,8.737864077669903
2697,IKORNNES BÅTFORENING ,5,8.4,13.876957642238818
2701,IKORNNES FUS BARNEHAGE ,1,11.0,75.44581618655693
9319,INDIAN MASALA HOUSE ,15,5.066666666666666,14.899214654553866
1057,INNVIK AS ,44,8.409090909090908,15.110984051785747
2700,INNVIK FJORDHOTELL ,55,5.836363636363636,8.495913624348812
2819,ISEHAUG KAFETERIA ,137,8.693430656934307,5.381632285672765
7648,ISS 422536 VIK SKORGEURA ,31,8.870967741935484,22.21789534320993
899,ISS 422542 NORDEA ÅLESUND ,75,4.466666666666667,7.642136321568319
8531,ISS 422547 TUSSA HOVDEBYGDA ,72,4.416666666666667,10.638835295105565
13181,ISS 422565 HARAMSENTERET ,94,15.574468085106384,7.712417846155598
7646,ISS 460080 STATENS VEGVESEN ,47,3.4468085106382977,11.76462898935301
9332,ISS 460367 NCC MOAVEGEN KANT. ,3,1.6666666666666667,3.348333869066752
13247,ISS 471135 HARAM VGS KANTINE ,36,11.916666666666666,14.80283248231424
9303,JACU DRIFT ,1,2.0,10.718113612004288
1177,JAFS FOSNAVÅG ,77,5.662337662337662,7.1828925903850065
3558,JAFS KOKKEN ROLL ,73,4.5479452054794525,11.701908679996505
2825,JEMTEGÅRD ,1,68.0,91.20171673819742
13017,JETS VACUUM ,52,4.365384615384615,4.858634081712808
8576,JOHNNY KIOSK SKATEFLUA ,38,4.7894736842105265,7.01976062616265
554,JOKER BELLINGEN ,101,12.524752475247524,3.161612219288823
796,JOKER FIKSDAL ,102,16.166666666666668,5.8462823405508
13110,JOKER FLATRAKET ,101,13.376237623762377,4.4062747047771476
3550,JOKER GEIRANGER ,5,41.6,3.435284767765666
3615,JOKER GODØY ,153,16.62091503267974,4.100172882830265
2218,JOKER GURSKEN ,199,7.788944723618091,2.540702338313268
5280,JOKER HELLESYLT 708000993239 ,148,17.033783783783782,5.089957272019532
643,JOKER HJELLEDALEN ,110,14.427272727272728,3.766567735917796
4070,JOKER LARSNES ,200,14.935,3.0571124278426276
3210,JOKER LEPSØY ,53,14.716981132075471,4.48989445639639
1126,JOKER LOEN ,202,12.301980198019802,3.3804188726677156
7497,JOKER STADLANDET ,102,15.019607843137255,4.2225323033367985
7755,JOKER STORDAL ,150,17.946666666666665,4.385421035932891
6170,JOKER SÆBØ ,101,8.445544554455445,3.7944048231378082
1890,JOKER TOMREFJORD ,151,14.582781456953642,3.7720382232521428
6011,JOKER UTVIK ,102,12.901960784313726,4.2056672260694095
7018,JOKER VATNE ,158,11.620253164556962,5.149544338249896
1715,JOKER VIKANE ,154,12.616883116883116,3.1901539273077058
4205,JOKER ÅHEIM ,152,20.42105263157895,3.7058912089311966
3148,JOKER ÅRAM ,102,8.735294117647058,3.133009326487033
8579,JORDBÆRPIKENE MOA ,98,2.9081632653061225,9.435836313071116
2829,JORDBÆRSTOVA ,30,13.033333333333333,17.82424744978782
3328,JR ULSTEINVIK AS ,90,6.066666666666666,10.356614661665898
645,JUVET LANDSKAPSHOTELL ,36,7.027777777777778,9.156309421010002
7904,KAFÈ REMATUN ,87,3.6666666666666665,2.161943385141132
5979,KAFE SJØATUNET ,22,1.4090909090909092,5.22129006287444
6747,KAFE STRYN VINTERSKI ,3,1.6666666666666667,5.549389567147614
13219,KAFFEBAREN ULSTEINVIK ,51,4.019607843137255,5.4737928150728505
6731,KANTINA BERTE KANUTTE HUSET ,86,9.5,5.2716037354184015
8944,KANTINE LERSTADVEIEN 545 ,53,2.3773584905660377,8.214591200216969
9305,KANTINE TAFJORD KRAFT ,88,4.159090909090909,7.049823956650132
7943,KAOS KOLLEKTIVET UNGDOMSHUS ,26,4.538461538461538,14.384279688909473
1064,KAUTO BAR OG RESTAURANT ,5,3.2,3.598724252252576
8007,KEBAB 1 ,5,1.4,8.042279411764707
9176,KEISEREN FRUKT OG GRØNT ,6,12.5,31.887755102040817
3539,KHALIFA GATEKJØKKEN ,40,3.3,12.011203176781253
7273,KHAYA BARISTA BAR ,9,5.777777777777778,4.603195680077901
9316,KING'S CORNER ,4,1.5,9.364757296706726
1642,KIOSK VOLDA UNGDOMSKLUBB ,10,4.9,38.63439249388945
9242,KIRKENS BYMISJON AVD. 37900 ,20,7.8,20.53177291859152
355,KIWI 827 ØRSTA ,303,24.58745874587459,2.324328956792463
7642,KIWI 830 SKJELLEBREIDA VOLDA ,303,20.86798679867987,2.8971673076089934
9045,KIWI 832 SUNDGATA ,299,20.869565217391305,2.1159727857822417
2958,KIWI 841 SKODJE ,241,17.58091286307054,1.9507086898888064
2936,KIWI 843 VOLDA ,309,24.045307443365697,1.5535724569058604
2935,KIWI 844 SYKKYLVEN ,302,24.50662251655629,2.5373154038762276
9093,KIWI 849 SKARBØVIK ,301,24.877076411960132,2.1507109491272693
2931,KIWI 901 NØRVE ,302,23.37748344370861,1.5234869991661653
2932,KIWI 902 SPJELKAVIK ,301,30.162790697674417,2.248098212044332
2914,KIWI 903 MÅLØY ,200,25.235,3.4044914544431366
2920,KIWI 905 EGGESBØNES ,259,23.27799227799228,2.205351754793709
2927,KIWI 906 DEKNEPOLLEN ,250,28.22,2.7775133026942576
2908,KIWI 908 KLOKKERSUND ,296,22.93918918918919,1.9557984706543114
2939,KIWI 909 FLISNES ,296,27.43918918918919,1.8641045861179804
2942,KIWI 910 KVERVE ,302,16.251655629139073,1.9318586306002787
2946,KIWI 911 FISKARSTRAND ,302,15.599337748344372,2.3892681842974257
2948,KIWI 912 STRANDA ,298,18.87248322147651,2.5833387302176343
2950,KIWI 913 STRYN ,302,30.721854304635762,2.525303133204675
2928,KIWI 914 ULSTEINVIK ,303,42.00990099009901,2.406787756358136
2953,KIWI 915 VALDERØY ,303,22.02970297029703,2.2237573792015515
2955,KIWI 916 KREMMERGAARDEN ,258,31.344961240310077,3.589223136285902
2957,KIWI 917 MYRVÅG ,296,29.30743243243243,2.0110001872513568
2959,KIWI 918 LANGEVÅG ,307,21.5114006514658,2.1442440923315393
2956,KIWI 919 NEDRE STRANDGATE ,257,18.19066147859922,2.6379866190936014
2947,KIWI 920 BREIVIKA ,307,25.635179153094462,1.9207208063470023
2930,KIWI 921 VESTNES ,252,28.3015873015873,2.5290446164462708
2963,KIWI 922 NORDFJORDEID ,296,21.385135135135137,2.0870906873083728
2940,KIWI 923 HATLANE ,302,18.897350993377483,2.121104993195627
2961,KIWI 924 VALLEKRYSSET ,260,15.757692307692308,1.9422481404182905
2985,KJELDSUND ,20,14.0,13.827993587761833
8358,KK MAT AS ,55,5.636363636363637,6.733918967060275
7927,KLIPRA KAFE ,42,4.214285714285714,23.868215089027096
9321,KOIWA RAMEN ,21,4.238095238095238,10.798480932794622
8410,KOIWA SUSHI ,19,3.736842105263158,8.604600431441934
6642,KOKARSTEINEN ,23,3.739130434782609,6.9533719811450405
7908,KOLVIKBAKKEN U.SKOLE KANTINE ,29,2.586206896551724,7.265118712039755
7903,KOLVIKBAKKEN U.SKOLE MAT/HELSE ,12,3.4166666666666665,31.140817256569953
6440,KOMMUNEHUSET STORDAL ,4,2.75,36.96236559139785
3567,KONTORPUNKT ,30,7.5,2.1244639387353694
8231,KOZMOS/GODTELAND ,6,11.166666666666666,95.7690108633505
8173,KRUA THAI TAKEAWAY ,22,1.8181818181818181,3.453163875071438
1862,KRØNSJI ,3,17.0,71.90187508811505
5854,KRÅEN GARD AS ,19,2.1052631578947367,7.7659045725646125
9186,KVIKK AMFI MOA ,14,5.142857142857143,19.605974376080713
9167,KVOTEBRUS STRAND ØYSTEIN ,4,1.5,7.970244420828906
9166,KVOTEBRUS ÅLESUND ,11,1.3636363636363635,1.839790999742429
6344,KYSTEN RUNDT BRYGGJA ,36,9.805555555555555,6.976841629252611
8692,LAMELLA ,14,8.928571428571429,12.720924292182332
3201,LANDSCAPE KAFE ,1,2.0,3.4910106475824754
8643,LANGEVÅG I.L. HÅNDBALL ,6,3.3333333333333335,14.725371815638344
3295,LANTERNEN AS ,49,5.530612244897959,4.984663423018037
13258,LARSNES MEK VERKSTED AS ,61,4.967213114754099,8.49072465392591
3207,LEIRVIKS AGENTURER ,8,19.25,74.8372047818058
7916,LERSTAD BARNEHAGE ,37,3.810810810810811,21.817169028903876
8694,LETS EAT DELI ,96,5.635416666666667,8.467336895770996
3907,LINJA  AVD HØGVOLL 10012,46,3.391304347826087,7.234359870449309
3903,LINJA DRAGSUND KANT.306834,44,4.295454545454546,10.509867597911372
8649,LONG CHENG RESTAURANT AS ,74,6.202702702702703,9.888554482919082
7812,LONGVA BARNEHAGE ,4,4.25,31.186938176481377
3440,LONGVA SERVICESENTER ,34,5.294117647058823,10.542585897182843
9308,LUCKY BOWL,39,5.846153846153846,5.943006567022257
3425,LØSETHS O.A.J. EFTF. AS ,52,4.75,8.35904218236655
9253,LØVENVOLD THEATER AS ,24,4.833333333333333,21.73774534606116
8264,M SUPPLY 1 ÅLESUND ,6,4.666666666666667,2.4352251844030786
8266,M SUPPLY 5 ÅLESUND ,4,1.0,1.3376673756303756
8267,M SUPPLY 6 ÅLESUND ,3,5.0,2.4628762453944217
8261,M SUPPLY2  ÅLESUND ,3,1.3333333333333333,1.2053856631429227
8262,M SUPPLY3 ÅLESUND ,4,7.75,3.745413378858229
8263,M SUPPLY4 ÅLESUND ,3,0.6666666666666666,0.42542691591011583
13054,MADELYNN COFFEE ,54,14.055555555555555,19.383457916955038
3322,MAE KANYA ,9,4.222222222222222,6.252776726506837
1056,MAGNIFIKK ,45,6.222222222222222,7.24375413767117
7616,MAMMA MIA ,28,6.142857142857143,11.32115212469064
3438,MARDINI SPISERI ,44,8.0,7.321865461554173
9196,MARITIME PARTNER AS ,44,2.409090909090909,8.037609948437975
211,MARUTHAM HJØRUNGAVÅG ,59,5.627118644067797,5.0708583726057554
5263,MATSTOVA OPPSTRYN ,58,10.568965517241379,17.5739971354098
9013,MEET & EAT ,100,5.15,4.987052063467838
5084,MELKEVOLL BRETUN CAMPING ,21,3.4761904761904763,5.625900722119038
3735,MENY FOSNAVÅG ,258,21.635658914728683,2.544953524256611
8620,MENY LERSTAD ,302,30.629139072847682,2.912196403210131
2220,METIZPORT MYRVAG ,13,3.0,35.348499954681415
8793,MF DRYNA 100004 ,7,2.4285714285714284,12.147195426938193
8063,MF FESTØYA ,51,2.4313725490196076,2.6114169464111967
8061,MF FINNØY ,13,6.538461538461538,21.264885419793856
8018,MF FOLDØY ,16,0.9375,3.766383769396877
8734,MF GEIRANGER 100004 ,10,5.8,33.40436560502217
8586,MF GISKØY 100004 ,52,8.711538461538462,8.072277713439128
8587,MF HADARØY CATERING 100004 ,30,5.966666666666667,6.610805971736772
8786,MF HJØRUNDFJORD 100004 ,2,4.0,4.780828876206413
8581,MF HORNELEN CATERING 100004 ,18,9.0,25.09099357236893
8597,MF KVERNES 100004 ,10,5.4,65.0680804916255
8594,MF ROVDEHORN CATERING 100004 ,19,3.6842105263157894,6.834335702569709
8582,MF SELJE CATERING 100004 ,16,3.5625,11.30862629950004
8595,MF SKOPPHORN CATERING 100004 ,28,3.3214285714285716,7.8740824153959466
8064,MF SOLAVÅGEN ,48,3.375,3.6098098588363796
8588,MF SULØY CATERING 100004 ,41,6.585365853658536,6.011924987207959
8475,MF SUNNYLVSFJORD 100004 ,21,4.095238095238095,9.62636280194318
8058,MF TIDEFJORD ,39,3.41025641025641,5.810207179756016
8599,MF VOLDA CATERING 100004 ,2,6.0,10.266940451745377
8065,MF ØRLAND ,23,5.869565217391305,27.854578467379195
3861,MH SERVICE ,6,2.6666666666666665,3.4021561164387935
7918,MIDTBYEN BARNEHAGE ,37,3.945945945945946,25.06351713245897
8349,MILK BAR ,60,5.133333333333334,15.619524608611734
2371,MILLENNIUM KAFE ,94,5.180851063829787,7.436750588946364
1097,MINIBAKERIET ,47,8.659574468085106,25.05080944273951
3643,MIX MÅLØY NY ,42,12.619047619047619,4.50222048664926
3658,MIX SELJE ,71,9.985915492957746,9.05708120037368
7587,MMC FIRST PROCESS DIGERNES ,50,3.7,8.683603291695848
1189,MMC FIRST PROCESS KANTINE ,46,7.304347826086956,9.76121908329951
8660,MOA LET'S EAT ,76,7.671052631578948,11.026469768843205
8785,MOLO BREW ,98,5.030612244897959,3.8074390408157464
8232,MOMENTIUM EVENT ,1,6.0,
3770,MURITUNET AS ,96,7.135416666666667,6.014608210177279
13058,MØLLA GJESTEHUS ,1,10.0,33.333333333333336
3880,MØRE FOLKEHØGSKULE ,48,5.25,6.527831097033101
8764,MØRE SUPPLY ,36,2.0833333333333335,1.3522786977880683
3891,MØRE TRAFO KANTINE ,89,4.786516853932584,8.821950669971239
3623,MÅLØY SPISKAMMERS ,93,8.89247311827957,18.44621322885684
3865,MÅLØY VG SKULE ,42,4.809523809523809,9.635427846386479
13316,MÅLØY VGS RESTAURANT OG MATFAG ,5,4.2,13.981358189081226
9272,NAMASTE ÅLESUND ,68,7.617647058823529,14.262841031274998
13306,NAPOLI PIZZERIA STRYN ,68,10.970588235294118,7.968952278260432
1151,NAPOLI,62,9.85483870967742,9.449354706505517
7888,NARCI CAFE OG PIZZERIA ,25,9.48,5.7639074331058415
3984,NAUSTET GRILL ,62,9.193548387096774,4.649670570840056
1060,NERLANDSØYBRU PROSJEKT 21010 ,40,13.0,9.150531522701236
3992,NESJARTUN CAMPING ,1,4.0,8.519701810436635
6086,NF COWORK AS ,19,4.2105263157894735,9.13603904743089
6644,NILSGARDSTUNET ,74,3.8783783783783785,6.440297321823678
3981,NOGVA MOTORFABRIKK ,24,12.458333333333334,17.11343805536398
9141,NONNA LINA ,28,8.642857142857142,7.931113364450389
8038,NOR F. BERTEL.O STEEN ,58,6.362068965517241,15.09807612049001
9258,NOR F. COLOR LINE ,114,7.868421052631579,9.35041606745476
8034,NOR F. NIT LONGVA ,45,6.022222222222222,11.9030991102104
8032,NOR F. OPTIMAR ,62,6.419354838709677,16.658811632371005
8071,NOR F. POSTVEGEN 11 ,43,4.162790697674419,10.482824857764466
8070,NOR F. POSTVEGEN 17 ,81,2.9012345679012346,7.08328221815846
8074,NOR F. POSTVEGEN15 ,71,3.3943661971830985,9.977263431218152
8059,NOR F. RØYSEGATA ,81,4.790123456790123,9.59522968704713
8075,NOR F. SKANSEKAIA 4 ,37,4.864864864864865,11.729708418998218
8057,NOR F. SPAREB. 1 SMN ,76,4.592105263157895,12.172519125503904
7620,NOR F. STOKKE KANTINE ,57,6.631578947368421,15.5138214605401
2394,NOR F. VARD BR.VÅG BÅT ,3,41.0,8.42693165141826
2393,NOR F. VARD BRATTVÅG ,126,13.476190476190476,5.889664523251948
8073,NOR F. VARD ELECTRO ,90,4.933333333333334,5.473771572854977
7488,NORBRUK VARD BÅT ,9,5.888888888888889,1.6845370621991471
7489,NORBRUK VARD SØVIKA ,128,8.84375,4.690135741312001
9277,NORDAMP ÅLESUND ,11,9.818181818181818,1006.5237651444548
4002,NORDFJORD HOTELL ,85,7.4941176470588236,7.68953125245202
3999,NORDFJORD KJØTT AS KANTINE ,49,4.346938775510204,6.149795151189683
10096,NORENGROS ØDEGAARD ENGROS ,32,1.5625,3.721262549957949
9010,"NORSK SCANIA AS,AVD.6470 ÅLE ",7,1.4285714285714286,66.88963210702342
13326,NYGÅRD CAMPING ,10,2.9,17.575757575757578
2812,NYNORSK KULTURSENTRUM ,11,2.727272727272727,12.45640259093174
6442,NÆRBUTIKKEN NORDDAL ,2,8.0,3.333944556502025
7672,NÆRBUTIKKEN ROVDE ,100,16.26,4.790680411853559
7284,NÆRBUTIKKEN VELLEDALEN ,98,8.36734693877551,6.102913277751175
7925,NØRVE BARNEHAGE 2024 ,37,3.4864864864864864,26.068505607759928
774,O.L. BREKKE KAFE CATERING ,52,4.980769230769231,6.518123907773834
3437,O.P LØDØENS ,10,5.6,13.792729753627365
4047,OBS BYGG DIGERNES ,12,3.6666666666666665,17.41126192077876
13115,OLDEIDE MATSENTER STORHUSH. ,49,8.571428571428571,20.385024578515342
5074,OLDEN CAMPING GYTRI ,11,5.7272727272727275,12.203862619375082
2670,OLDEN FJORDHOTEL ,48,4.9375,12.594103727589003
5072,OLDEVATN CAMPING ,10,5.3,8.674304418985269
5191,OLE RINGDAL AS ,6,2.0,2.3193784065870346
1968,OLEBUDA ,2,21.0,9.805684028175
13092,OPPSTRYN URTEMANUFAKTUR ,20,3.05,24.92054024462983
8483,ORRENESET MISJONSSENTER ,28,4.0,8.300255825742058
5129,OSDALS CATERING ,72,8.527777777777779,11.083356589127696
3895,P.G.FRANTZEN EIENDOM KANTINE ,1,0.0,
9243,PATOGEN ,10,2.4,21.766733176129154
13046,PEPPES PIZZA AMFI MOA AVD.319 ,102,4.7254901960784315,4.78167724769832
3671,PERA RESTAURANT ,3,6.333333333333333,20.32520325203252
8030,PERS CAFE ,30,5.8,8.327641980313263
5083,PETRINES GJESTGIVERI ,1,4.0,6.075334143377886
7591,PHARMA MARINE ,52,4.211538461538462,10.137194663299328
9014,PINSEKIRKA FILADELFIA ÅLESUND ,4,1.75,5.245410266017235
2633,PIZZA VIVA NAPOLI HELLESYLT ,15,12.266666666666667,26.82301764779628
13317,POP UP NORGE ,2,3.0,6000.0
3642,POPPEN KIOSK ,3,6.0,11.06126712960118
5182,PORSGRUND OUTLET ,4,2.0,3.8938914577756147
2373,POSTEN RESTAURANT OG BAR ,86,7.395348837209302,5.149035013357132
5183,POWER STRYN ,6,3.5,19.651880965749577
7924,PRESTEMARKA BARNEHAGE ,37,3.6486486486486487,18.127375021819987
9259,PULS NORGE AVD ÅLESUND ,5,1.4,4.170887207293094
13124,QUALITY HOTEL ULSTEIN ,131,7.213740458015267,4.6055026350541715
8882,QUALITY HOTEL WATERFRONT ,137,10.116788321167883,4.407418034346888
8942,QUALITY HOTEL ÅLESUND ,124,7.846774193548387,4.367421816192136
7939,RABBEVÅGEN BARNEHAGE ,36,4.805555555555555,17.891122693803258
8929,RACOON COFFEE ,127,6.7637795275590555,5.312570890970706
5195,RAFTEVOLDS HOTEL ,40,6.775,6.2388891370119905
8890,RAGNHILD'S CATERING ,98,4.142857142857143,3.2824972074518834
9312,RASOI ÅLESUND ,45,6.488888888888889,12.92302435945835
7914,RATVIKÅSEN BARNEHAGE ,15,3.933333333333333,36.123186187473216
2626,RAUS ,54,5.2407407407407405,5.895595053033272
5181,REKKEDAL GJESTEGARD ,40,5.825,19.142797050201775
3338,REMMEMSVIK KIOSK & GATEKJØKKEN ,99,3.9494949494949494,4.816904649680446
5901,REM,49,3.4081632653061225,3.4239462600358017
2221,RENEX  AVD MYKLEBUST ,94,2.3297872340425534,2.8753919362718614
9193,RENHOLDSSENTERET AS ,47,2.0,2.0388642224878053
13069,RESTAURANT 34 ,15,4.333333333333333,5.75181536141753
9197,ROCK GIFT SHOP ,2,0.0,
6659,ROKKEN STUDENTHUSET ,14,5.428571428571429,14.304805285249111
5073,RUNDE MILJØSENTER ,21,13.523809523809524,32.10944345515701
9164,RUSTA AVD 387 VOLDA ,15,2.3333333333333335,4.527872288127919
9150,RUSTA RETAIL AVD 360 ÅLESUND ,18,3.7777777777777777,8.335171974209999
5064,RUSTØY OVERNATTING ,4,0.5,3.305238803503553
13067,SABRURA MOA ,91,1.8681318681318682,6.419454723963447
5853,SABRY SUSHI ,50,3.26,6.946338469930451
2494,SALG & UTLEIE BUDA ØCAL ,14,3.7857142857142856,12.137033983695156
3449,SALONG LONGVA FLEM ,2,7.5,93.1098696461825
5841,SANDETUN ,11,0.2727272727272727,4.507888805409466
5851,SANDETUN ,53,5.3584905660377355,4.696200476168269
7936,SANDØYTUNET HOVUDKJØKKEN 2024 ,48,3.8541666666666665,7.682733824003936
7905,SANITETSHJEMMET BOKOLLEKTIV ,52,5.269230769230769,6.705017408574396
8834,SANSESENTERET SULATUNET ,52,1.7884615384615385,3.9083561916136764
9328,SCAN ASIAN SHOP KREMMERGÅRDEN ,1,5.0,9.169264624977076
9114,SCAN ASIAN SHOP MOA ,7,1.1428571428571428,3.796507213363705
8860,SCANDIC PARKEN AVD RESTAURANT ,11,0.5454545454545454,2.708681323642273
8850,SCANDIC PARKEN HOTELL  MAT ,148,5.831081081081081,4.787555683766137
8564,SEAFOOD FARMERS OF NORWAY ,51,4.2745098039215685,5.273820127897396
7619,SEAGEMS NORWAY ,9,4.0,10.142473580265003
8443,SELECTA NORWAY AVD ÅLESUND ,19,1.4210526315789473,1.7250963178777483
9079,SIT KAFE/KANTINE ÅLESUND ,82,7.780487804878049,3.760901677945737
9065,SIT SUNDEBYGGET STUDENTHUS ,7,0.42857142857142855,4.133939644481191
6085,SJØBAKKEN FJORD CAMPING ,1,3.0,12.836970474967908
6017,SJØHOLT CATERING AS ,73,6.082191780821918,6.783119382442813
6020,SJØHOLT FOLKEHØGSKOLE ,43,7.069767441860465,11.982713359306393
5904,SJØKANTEN CAFE ,63,14.285714285714286,8.898039148999445
8905,SK ROLLON ,4,5.0,32.346757237586935
7926,SKARBØVIK BARNEHAGE ,42,4.833333333333333,31.494352736750656
7906,SKARBØVIK SYKEHJEM 2024 ,70,2.6,3.6283160965060306
9006,SKARBØVIK TANKANLEGG AS ,1,0.0,
779,SKJELTOLE,23,3.782608695652174,87.05223133880328
3607,SKJÆRBUDA RESTAURANT ,21,20.0,47.58403397046845
7915,SKODJE BARNEHAGE 2024 ,28,4.571428571428571,20.79542500649857
7929,SKODJE OMSORGS. KJØKKEN 2024 ,46,6.021739130434782,10.460539408854903
7571,SKRØPPATAUSENE ,82,3.926829268292683,4.338290751168307
788,SKURET PORSELEN OG DESIGN ,10,4.7,22.762495156915925
6788,SLICE & BITE ,1,3.0,2.6110796814482784
6769,SMAK KAFE & CATERING ,74,5.45945945945946,8.790061138791586
7325,SNORREBUDA ,34,5.735294117647059,3.7491369775072934
3289,SOI ONE ,81,3.9382716049382718,11.335346452960442
6717,SOI ONE VOLDA ,75,8.04,9.338608175695924
9294,SOI ONE ÅLESUND ,99,12.323232323232324,7.425659561385766
6084,SOL CAFÈ ,53,6.113207547169812,10.163609009725697
13251,SOLSIKKA BARNEHAGE ,44,1.5454545454545454,22.207707380796865
9055,SPAR EIDSNES ,290,15.241379310344827,2.229938324547444
4220,SPAR ELLINGSØY ,239,14.301255230125523,3.579565477614885
880,SPAR FISKÅBYGD ,196,18.209183673469386,2.5261181792402647
1845,SPAR FOSNAVÅG ,257,17.988326848249027,2.502980932260938
2170,SPAR HORNINDAL ,153,20.797385620915033,2.8335657934787006
5550,SPAR HOVDEBYGDA ,207,13.396135265700483,3.092561733270109
1090,SPAR LANGEVÅG ,300,11.093333333333334,3.62139822403062
4235,SPAR RAUDEBERG ,201,22.243781094527364,4.345060211251561
8697,SPAR SPJELKAVIK ,308,16.9512987012987,2.416352783396585
6600,SPAR STRAUMANE ,204,16.715686274509803,3.59453789622217
6780,SPAR SVINGEN ,300,11.993333333333334,3.2308798407770705
7010,SPAR SØVIK ,203,14.266009852216749,3.1260705725759843
7020,SPAR SØVIK REKVISITA ,7,1.7142857142857142,5.024915204555922
6320,SPAR TRESFJORD ,153,19.934640522875817,3.28156324807538
7765,SPAR ULSTEINVIK ,302,15.394039735099337,3.147682811530602
4245,SPAR VALLDAL ,161,28.13664596273292,3.1087401481245385
7450,SPAR VARTDAL ,241,12.697095435684647,2.6770660944347493
5540,SPAR VOLDA ,214,12.457943925233645,3.210891266093931
4225,SPAR ÅSE ,264,14.31439393939394,1.807573191168825
8997,SPAREBANKEN MØRE KANTINE ,71,9.267605633802816,26.71547451230048
7627,SPERRE INDUSTRI  KANTINE ,63,4.888888888888889,6.129156856864887
8479,SPISESTUA KAFE OG RESTAURANT ,150,4.1466666666666665,7.292829132296375
7910,SPJELKAVIK OMSORGSSENTER 2024 ,53,3.811320754716981,3.3616522021318196
8967,SPJELKAVIK VEISERVICE ,83,3.63855421686747,4.562730978813064
8298,SPJELKAVIK VGS ELEVKANTINE ,41,3.4146341463414633,2.8319351664854233
8486,SPK HERD ,2,0.5,5.9453032104637344
9159,SPORTSPARKEN VEGSUND ,83,3.602409638554217,6.335308155533301
5892,SSP AKSLA INT A331 AES ,85,4.070588235294117,9.03064154095109
5888,SSP O'LEARYS A327 AES ,129,3.8372093023255816,8.425412883528626
5894,SSP POINT DOM A328 AES ,142,5.211267605633803,5.356028999567609
5895,SSP PROD.KJØKKEN Y018 AES ,115,4.165217391304348,7.762218769466315
5887,SSP UPPER CRUST A326 AES ,120,3.5166666666666666,7.193010984170944
1689,ST1  VEGSUND 9377 ,86,3.895348837209302,2.458901119291789
1699,ST1 ULSTEINVIK 9109 ,97,6.092783505154639,4.778591135495132
1697,ST1 VESTNES 9289 ,95,6.3578947368421055,4.436113104138563
1696,ST1 ØRSKOG 9415 ,88,5.056818181818182,3.2341051725187993
1698,ST1 ØRSTA 9163 ,84,5.190476190476191,4.858321429888684
6433,STABBURET SVE KANTINE ST,43,4.837209302325581,9.508740955838759
13088,STAD HOTELL ,63,4.603174603174603,7.715125636830413
9190,STEINOVNEN BAR OG PIZZERIA ,2,5.5,21.990763879170746
7913,STETTE BARNEHAGE ,36,4.444444444444445,33.367395883297526
2826,STIFT JOST.BREEN NASJ.P.SENTER ,14,3.9285714285714284,18.210111578320035
9232,STIFT.VITI AVD SUNNM.MUSEUM ,29,10.0,30.44619422572179
9050,STIFTINGA VITI AVD SM CAFÈ ,17,5.235294117647059,23.03133814662423
8409,STIFTINGA VITI KUNSTMUSEET ,9,9.222222222222221,49.72441888329739
5852,STOLT MAT ,5,3.0,15.761269307554901
6654,STORDAL AUTO ,21,6.190476190476191,6.843686514936873
6538,STORFJORD GASTROPUB ,66,5.424242424242424,8.829682333680106
6646,STORFJORD ISKREM ,8,19.375,143.5318085007871
500,STORFJORD KULTURHUS ,12,4.0,10.784578053383662
7937,STORHAUGEN BARNEHAGE ,43,4.162790697674419,20.980479948990478
6456,STRANDA BAKERI ,36,4.138888888888889,12.668850697169404
6599,STRANDA BOOKING ,22,7.909090909090909,26.255709485101395
6548,STRANDA OMSORGSS.AVD SOLBAKKEN ,49,7.204081632653061,72.63075593596973
6545,STRANDA OMSORGSSENTER ,52,5.538461538461538,4.286544803770016
314,STRANDA VIDAREGÅANDE SKULE ,34,4.294117647058823,8.691050420593267
6457,STRANDAFJELLET REST.DRIFT AS ,55,11.072727272727272,8.661520576160369
6764,STRYN BENSINSTASJON ESSO ,101,7.683168316831683,5.522226499101249
6645,STRYN HOTEL AS ,71,8.267605633802816,7.82757988431984
2161,STRYN KAFFEBAR OG VERTSHUS ,107,9.710280373831775,5.60554598368565
5264,"STRYN TORG,MATSTOVA ",51,3.4313725490196076,8.587679967101826
2151,STRYN VERTSHUS AVD KIOSK ,7,1.7142857142857142,8.294739752540263
13315,STRYN VGS KANTINE ,27,2.111111111111111,81.42857142857143
6773,STRYNEFJELLET SOMMERSKI ,5,12.0,10.165287575985523
6765,STRYNSVATN CAMPING ,11,4.7272727272727275,8.258556340824267
8675,STUEN AS ,74,16.554054054054053,5.106864580667428
1843,STØDT ,25,5.36,5.955478796051073
7494,SUBSEA 7 VIGRA SPOOLBASE ,148,9.43918918918919,4.7082326430430665
8825,SULATUNET ,95,3.1578947368421053,2.579511951179813
8848,SULATUNET AVD.SLOGHAUGVEIEN ,12,5.333333333333333,25.15327778651156
9094,SUNDE BARNEHAGE ,43,7.3023255813953485,38.62998868165936
9085,SUNDE FJORD HOTEL AS ,52,3.730769230769231,2.830529212666413
2684,SUNDE KIOSKEN ,27,7.0,6.730066983751339
1068,SUNDEHJØRNET ,1,8.0,91.32420091324201
6700,SUNNMØRE FOLKEHØGSKULE ,83,6.867469879518072,4.962047734376885
2565,SUNNMØRSBADET FOSNAVÅG ,45,6.844444444444444,7.22767165720186
6730,SUNNYLVEN OMSORGSENTER ,11,9.363636363636363,9.331147006332497
8378,SVERRE EIDSVIK ,2,0.5,1.001903616872057
4211,SYKK.KOMM. OPEN STORHALL ,2,2.0,6.2063615205585725
6856,SYKKYLVEN BARNE & FAM.TENESTE ,6,2.8333333333333335,18.309100700053854
6853,SYKKYLVEN BU OG AKTIVITETSS. ,95,5.705263157894737,3.860424706547181
6821,SYKKYLVEN KINO ,8,4.125,22.85635129519324
6080,SYKKYLVEN KYRKJELEGE FELLESRÅD ,2,1.5,3.217848332081948
6376,SYKKYLVEN UNGDOMSSKULE ,15,4.8,36.907935206069304
8185,SYKKYLVEN VGS ,28,4.392857142857143,16.546580642383994
6374,SYLTE HOTELL ,12,4.75,10.788507400537531
6872,SYLTEBØEN BARNEHAGE ,23,4.782608695652174,18.900343642611684
6878,SYLTEORMEN BAKERI ,36,11.805555555555555,33.48157134922855
7809,SØVIK BARNEHAGE 2024 ,35,3.4285714285714284,12.166930283489476
9175,T&T SUSHI ,2,4.5,16.310257339615802
9288,T2 ,14,2.7142857142857144,4.82771412817835
7012,TAFJORD BÅTHAVN OG BISTRO AS ,9,14.444444444444445,42.18177098543106
7017,TAFJORD CAMPING ,2,1.0,10.126582278481012
9249,TAI SHAN RESTAURANT ,10,3.1,6.757935123822811
9077,TAJMAHAL ,20,6.95,7.157027763603887
7048,TANDOORI MIX ,28,8.5,13.497695183477914
7808,TENNFJORD BARNEHAGE ,33,3.272727272727273,16.108583787008723
8958,TERMINALEN ,49,4.63265306122449,10.826666030739146
7053,THAI MIX ,40,5.4,7.332747166198752
8174,THAI THAI ÅLESUND ,40,4.6,11.416375052738688
9248,THE GREEDY BOX ,55,7.872727272727273,8.906996353068399
13313,THON HOTEL BARONEN ,47,1.872340425531915,6.3606794362125045
13314,THON HOTEL MÅLØY 635102 ,37,3.6216216216216215,15.436009676304575
1039,THONG THAI ,3,0.6666666666666666,3.251503820516989
1824,TIK CAFE & RESTAURANT ,100,6.53,8.831301052155526
9090,"TINE SA, KANTINE ",30,4.133333333333334,6.432402709909014
8436,TINGSTAD AS KANTINE ,45,6.311111111111111,11.324748323418865
5065,TJUGEN CAMPING ,5,7.6,15.237178716067204
13330,TOMA KANT.1184701 POSTVEGEN 2 ,46,4.173913043478261,19.672131147540984
13333,"TOMA KANT.NØRESTRANDA,1188202 ",27,9.074074074074074,26.923076923076923
13312,"TOMA KANT.SOR.SK.B.GT,1116201 ",44,3.272727272727273,73.65728900255755
13332,"TOMA KANT.TORVMYRANE,1188201",37,5.837837837837838,22.847471969536702
13245,TOMMELITEN BARNEHAGE SA ,20,5.0,400.0
7088,TORGET MAT ,13,5.230769230769231,8.647262886965015
7070,TOTLANDS BOKHANDEL ,48,8.0625,4.83769350774031
9131,TRANKOKERIET ANTIKK ,5,1.0,34.674063800277395
13095,TREDET ,69,5.6521739130434785,11.741969320943848
5089,TROLLBU AABREKK GARD ,22,5.090909090909091,22.323608611332016
12233,TRSP.O BR. REMØ ,1,0.0,
6536,TUSENFRYD BARNEHAGE ,2,15.0,206.46937370956638
9279,TYRHOLM OG FARSTAD ,94,7.074468085106383,22.994888910481414
6822,ULLAVIK BARNEHAGE ,19,5.2105263157894735,19.39693175806736
13283,ULSHAV AVD. MJØL OG MEIR ,43,4.023255813953488,91.05263157894737
7312,ULSTEIN ARENA 252201 ,77,5.012987012987013,25.68837867065968
7327,ULSTEIN KOMM.RÅDHUSET 110100 ,6,1.6666666666666667,20.161290322580644
7313,ULSTEIN KOMMUNE OMSORGSTENESTA ,52,5.903846153846154,16.747494694808278
7328,ULSTEIN KOMMUNE TEK.UTESEKSJ. ,6,5.5,97.57539917208754
7311,ULSTEIN SJUKEHEIM 304101 ,99,5.6767676767676765,5.469728507787016
7276,ULSTEIN VIDAREGÅANDE SKULE ,67,5.134328358208955,7.1378564933952
9099,UNGDOM I OPPDRAG  ÅLESUND ,30,7.333333333333333,11.28381618663432
7272,UNGDOMSKLUBBEN BELL UK 250200 ,6,3.6666666666666665,10.580992689495961
7384,VALAKER AVD. FOSNAVÅG ,51,6.96078431372549,26.323380129629673
7382,VALAKER AVD. MOA NORD ,46,2.0869565217391304,5.65981337944509
7381,VALAKER AVD. MOA SYD ,75,6.1466666666666665,10.180830093208703
7385,VALAKER AVD. RÅDHUSET ÅLESUND ,50,4.38,8.564560162906536
7387,VALAKER AVD. VESTNES ,52,5.0,6.011492586557977
13220,VALAKER AVD. ÅLESUND STORSENTE ,96,4.625,13.832150590997324
7383,VALAKER BLÅHUSET ULSTEINVIK ,54,8.25925925925926,12.586656732803057
7388,VALAKER HOVEDKONTOR/KONDITORI ,14,4.357142857142857,11.194242122281498
7380,VALLDAL BILSENTER ,49,6.061224489795919,11.205741565415687
7350,VALLDAL FJORD LODGE ,15,5.6,9.124949894248347
7355,VALLDAL SJUKEHEIM ,58,8.982758620689655,8.259794475386526
7933,VALLE BARNEHAGE 2024 ,16,2.4375,10.95167223610682
7435,VANYLVEN OMSORGSENTER 50401 ,54,3.240740740740741,2.715861734392757
8478,VARD GROUP SKANSEKAIA 422571 ,89,6.044943820224719,10.707614068929173
7445,VARTDAL HELSETUN 31096 ,52,3.8076923076923075,6.618093868636854
8133,VELLE BARNESKULE ,9,2.6666666666666665,12.217470983506413
8127,VELLE BARNESKULE KAFFEKONTO ,2,26.5,187.3453517143867
7417,VERONA PIZZA ,52,7.8076923076923075,4.305767618145862
9245,VEST RESTAURANT ,83,7.698795180722891,9.210897111108068
7515,VESTBORG VIDAREGÅANDE SKULE ,36,8.11111111111111,5.7670388842596765
6715,VESTLANDSKE BURGERKOMPANI ,6,1.8333333333333333,3.8222314882379513
13023,VESTNES FJORDHOTEL ,44,4.340909090909091,45.422116527942926
13123,VESTNES SENTRALKJØKKEN ,99,4.929292929292929,4.741923716828641
7508,VESTVANG BOKHANDEL ,24,3.6666666666666665,4.014001567285156
9314,VIDDALS GARTNERI ,1,1.0,4.405286343612334
9130,VIDESETER HOTELL ,15,12.6,5.558373955047753
7579,VIGRA BARNEHAGE ,14,5.928571428571429,28.29577608836464
7578,VIGRA SERVICENTER ,51,9.235294117647058,3.1345219005584575
7645,VIK BILVERKSTED ,32,3.59375,8.8894454454733
6859,VIKEDALEN BARNEHAGE ,43,8.0,21.408345520739335
8005,VINNI BAR OG RESTAURANT ,94,4.8936170212765955,8.12336638660478
8517,VINTERHAGEN ,105,8.295238095238096,7.507754708982707
6714,VOLDA CAMPUS ARENA ,7,1.7142857142857142,4.650802263390435
1640,VOLDA OMSORGSSENTER 410401 ,99,8.222222222222221,4.045376601700768
1838,VOLDA SJUKEHUS HF AVD 9033 ,91,5.615384615384615,29.431923557634153
7864,VOLDA TURISTHOTELL AS ,18,4.277777777777778,21.48449489115453
2212,VOLDA VIDAREGÅANDE SKULE/KANTI ,36,4.222222222222222,5.258931447406707
1641,VOLDABADET ,14,3.642857142857143,11.523861171366594
272,VOLSDALEN CAMPING ,11,11.090909090909092,11.142570097725818
8053,WELLE GRAVFERDSTJENESTER ,4,2.5,13.607293509320996
8017,WESTRES BAKERI RYSTELANDET ,34,3.1176470588235294,4.588383079774665
8027,WESTRES KOND. AVD SUNN OG GOD ,81,5.098765432098766,11.748815446307061
8026,WESTRES KOND. AVD VOLDA ,61,3.721311475409836,13.91127426046563
8028,WESTRES KOND. AVD ØRSTA AMFI ,65,2.0923076923076924,7.072076944197154
8633,WOK & GRILL ,13,2.1538461538461537,6.21577163255022
8343,XL DINER ,103,7.504854368932039,10.701839955021816
8515,XL FOOD COMPANY ,72,7.458333333333333,9.763492574018457
8025,YONG HONG RESTAURANT ,1,1.0,1.329433661260303
5086,YRI OUTDOOR ,3,2.6666666666666665,6.456298926640303
7938,YSTENESET BOLIGER ,15,4.0,11.017867308151386
376,YUSUF ,19,2.6842105263157894,112.58278145695364
13329,YX KNUTEPUNKTET ,27,5.0,17.857142857142858
3297,YX LARSNES ,9,8.11111111111111,40.60292563546359
8555,ZUUMA ,85,2.9176470588235293,6.879679673237406
10097,ØDEGAARD ENGROS SPISEROM ,35,4.514285714285714,50.93488072211476
7941,ØHD,29,1.1379310344827587,8.071222423323388
6024,ØRSKOG BILSENTER ,4,5.25,6.586582191136341
6027,ØRSKOG KINO ,1,1.0,2.1753317380900588
7909,ØRSKOG SJUKEHEIM 2024 ,53,4.566037735849057,5.4931098923872534
7912,ØRSKOG SKULE SFO 2024 ,20,1.85,18.712385576290902
8054,ØRSTA CAMPING AS ,74,12.594594594594595,3.2697278874214444
8172,ØRSTA KULTURHUS OG  KINO ,4,2.25,3.1005615461466913
8137,ØRSTA RÅDHUS KANTINE ,3,3.6666666666666665,17.64234161988773
8183,ØRSTA VGS REST.&MATFAG ,36,4.027777777777778,12.334053812200846
8130,ØRSTAHEIMEN  FELLESKJ 31266 ,100,6.73,4.667635241436727
9204,AAFK FORTUNA ,1,15.0,7.780082987551867
1976,ÅHJEMSBUA ,7,3.4285714285714284,6.832156684126622
7319,ÅLESUND ASIA SHOP ,2,3.0,3.398470688190314
9125,ÅLESUND BEH.SENTER AVD 6711 ,52,3.519230769230769,34.31850573850424
8285,ÅLESUND FENGSEL 3390KARSANDN ,48,8.541666666666666,37.7174503003597
8348,ÅLESUND FOLKEHØGSKOLE ,65,3.2615384615384615,3.560575294914726
8280,ÅLESUND FOTBALL AS ,1,0.0,
1982,ÅLESUND GOLFKLUBB ,20,9.35,11.97934683732431
7901,ÅLESUND KOMMUNE KONSERNINNKJØP ,1,1.0,3.5765379113018594
7586,ÅLESUND PADEL ,9,2.5555555555555554,6.067961165048544
8258,AALESUND PROTECTIVE WEAR AS ,16,3.6875,9.833333333333334
8963,ÅLESUND SJUKEHUS HF AVD 9034 ,100,2.86,6.583369396079444
9179,ÅLESUND STORSENTER ,10,3.8,3.1900068836990654
9231,ÅLESUND SUSHI ,2,3.0,15.166835187057634
13202,ÅLESUND VGS VOLSDALSBERGA ,35,7.428571428571429,10.637396914418458
8989,AARFLOT HAVNEVIK AS ,46,6.478260869565218,6.003888424382235
7928,ÅRØYHAUGEN BARNEHAGE 2024 ,43,3.488372093023256,10.474787187240311
7919,ÅSE HELSEHUS 2024 ,52,5.019230769230769,6.305886218618553
