,FLISNESVEGEN 1,LERSTADVEGEN 545,LORKENESTORGET,SMEDGARDEN 1,Øvre Geilegrend 1,FOGD GREVES VEG 3,KONGENS GATE 6,Gamle Blindheimsveg 25,Spjelkavikvegen 61,SPJELKAVIKVEGEN 42,SKAREGATA 1,Rasmus Rønnebergs gate 21,BROGATA 1,KONGENS GATE 28A,SKANSEKAIA 4A,SORENSKRIVER BULLS GATE 7,PARKGATA 11B,KONGENS GATE 27,RASMUS RØNNEBERGS GATE 4,LARSGÅRDSVEGEN 19,SUNDGATA 8,RASMUS RØNNEBERGS GATE 6,NEDRE STRANDGATE 51,NØRVEGATA 23,NEDRE KLOKKERSUNDVEGEN 2,LERSTADVEGEN 291,APOTEKERGATA 1-3,APOTEKERGATA 5,SKARBØVIKGATA 25,OLE THORESENS GATE 16,JOHS. AARFLOTS GATE 4,KIPERVIKGATA 5,KIRKEGATA 1 A,SKARBØVIKGATA 26,APOTEKERGATA 8,KONGENS GATE 28,SJØMANNSVEGEN 14,NEDRE STRANDGATE 9,FJORDGATA 52,KEISER WILHELMS GATE 39,GJERDEGATA 4,NOTENESGATA 3,HATLASKARET 1,SJØMANNSVEGEN 1,KIRKEGATA 2,KONGENS GATE 11,KONGENS GATE 30,SKATEFLUKAIA 1B,KEISER WILHELMS GATE 2,RINGGATA 15E,KORSEGATA 4,RASMUS RØNNEBERGS GATE 21,PARKGATA 22,TOLLBUGATA 2,LORKENESGATA 1,RÅDSTUGATA 3B,SOLAVÅGSEIDET 76,APOTEKERGATA 6,KEISER WILHELMS GATE 32,POSTVEGEN 17,POSTVEGEN 11,POSTVEGEN 15,KONGENS GATE 25,KONGENS GATE 32A,BLINDHEIM INDUSTRIVEG 2D,Depot
FLISNESVEGEN 1,0.0,519.8,1201.0,907.8,638.7,955.1,1188.0,225.4,390.3,415.8,1207.6,1198.1,1336.2,1230.2,1241.3,1212.8,1177.6,1235.5,1198.8,934.7,1112.7,1197.6,1253.6,1033.9,967.0,754.6,1216.1,1214.7,1435.1,1484.6,1308.5,1157.8,1229.3,1422.9,1210.9,1230.2,1108.6,1211.1,1302.0,1170.2,1154.2,1197.0,860.8,1032.1,1214.8,1194.1,1230.7,1209.5,1233.4,1348.3,1166.7,1198.1,1181.2,1217.0,1216.3,1143.8,468.4,1213.7,1162.6,473.9,506.5,478.1,1229.8,1231.5,294.3,546.9
LERSTADVEGEN 545,524.2,0.0,854.1,647.2,379.6,608.2,841.1,407.7,166.9,165.6,860.7,851.2,989.3,883.3,894.4,865.9,830.7,888.6,851.9,587.8,765.8,850.7,906.7,687.0,624.5,412.1,869.2,867.8,1088.2,1137.7,961.6,810.9,882.4,1076.0,864.0,883.3,761.7,864.2,955.1,823.3,807.3,850.1,600.2,685.2,867.9,847.2,883.8,862.6,886.5,1001.4,819.8,851.2,834.3,870.1,869.4,796.9,535.9,866.8,815.7,127.0,159.6,131.2,882.9,884.6,494.5,614.4
LORKENESTORGET,1206.8,851.1,0.0,596.8,676.4,383.7,83.4,1090.3,896.4,904.5,71.6,72.4,149.9,94.2,105.3,94.0,88.5,99.5,18.9,386.7,104.1,22.7,67.3,269.5,425.4,556.0,29.8,28.4,248.8,298.3,122.2,74.9,43.0,236.6,24.6,94.2,327.0,24.8,115.7,76.3,95.9,23.3,533.8,250.5,28.5,58.1,94.7,73.5,62.0,162.0,52.1,72.4,92.1,81.0,16.9,90.1,1218.5,27.4,68.7,793.8,826.4,798.0,93.8,95.5,1177.1,1297.0
SMEDGARDEN 1,892.5,659.6,603.9,0.0,351.4,339.8,590.9,776.0,582.1,607.6,610.5,601.0,739.1,633.1,644.2,615.7,580.5,638.4,601.7,302.4,515.6,600.5,656.5,436.8,233.1,346.0,619.0,617.6,838.0,887.5,711.4,560.7,632.2,825.8,613.8,633.1,511.5,614.0,704.9,573.1,557.1,599.9,60.4,435.0,617.7,597.0,633.6,612.4,636.3,751.2,569.6,601.0,584.1,619.9,619.2,546.7,904.2,616.6,565.5,602.3,634.9,606.5,632.7,634.4,862.8,982.7
Øvre Geilegrend 1,641.4,375.3,712.2,370.7,0.0,466.3,699.2,524.9,331.0,324.4,718.8,709.3,847.4,741.4,752.5,724.0,688.8,746.7,710.0,445.9,623.9,708.8,764.8,545.1,429.9,217.5,727.3,725.9,946.3,995.8,819.7,669.0,740.5,934.1,722.1,741.4,619.8,722.3,813.2,681.4,665.4,708.2,323.7,543.3,726.0,705.3,741.9,720.7,744.6,859.5,677.9,709.3,692.4,728.2,727.5,655.0,653.1,724.9,673.8,341.6,374.2,345.8,741.0,742.7,611.7,731.6
FOGD GREVES VEG 3,974.3,618.6,367.0,334.3,443.9,0.0,354.0,857.8,663.9,672.0,373.6,364.1,502.2,396.2,407.3,378.8,343.6,401.5,364.8,67.1,278.7,363.6,419.6,143.6,162.9,323.5,382.1,380.7,601.1,650.6,474.5,323.8,395.3,588.9,376.9,396.2,267.6,377.1,468.0,336.2,320.2,363.0,271.3,191.1,380.8,360.1,396.7,375.5,399.4,514.3,332.7,364.1,341.3,383.0,382.3,309.8,986.0,379.7,328.6,561.3,593.9,565.5,395.8,397.5,944.6,1064.5
KONGENS GATE 6,1203.2,847.5,72.3,593.2,672.8,380.1,0.0,1086.7,892.8,900.9,35.1,47.6,207.5,68.2,79.3,48.7,46.9,73.5,57.2,383.1,77.9,53.4,124.9,265.9,421.8,552.4,87.4,86.0,306.4,355.9,179.8,33.3,100.6,294.2,82.2,68.2,323.4,82.4,173.3,42.2,54.3,52.8,530.2,246.9,86.1,57.9,68.7,46.0,117.2,219.6,81.7,47.6,50.5,55.0,72.1,62.3,1214.9,85.0,53.2,790.2,822.8,794.4,67.8,69.5,1173.5,1293.4
Gamle Blindheimsveg 25,235.7,410.3,1091.5,798.3,529.2,845.6,1078.5,0.0,280.8,306.3,1098.1,1088.6,1226.7,1120.7,1131.8,1103.3,1068.1,1126.0,1089.3,825.2,1003.2,1088.1,1144.1,924.4,857.5,645.1,1106.6,1105.2,1325.6,1375.1,1199.0,1048.3,1119.8,1313.4,1101.4,1120.7,999.1,1101.6,1192.5,1060.7,1044.7,1087.5,751.3,922.6,1105.3,1084.6,1121.2,1100.0,1123.9,1238.8,1057.2,1088.6,1071.7,1107.5,1106.8,1034.3,358.9,1104.2,1053.1,364.4,397.0,368.6,1120.3,1122.0,194.9,437.4
Spjelkavikvegen 61,400.1,159.2,894.5,601.3,332.2,648.6,881.5,283.6,0.0,25.5,901.1,891.6,1029.7,923.7,934.8,906.3,871.1,929.0,892.3,628.2,806.2,891.1,947.1,727.4,660.5,448.1,909.6,908.2,1128.6,1178.1,1002.0,851.3,922.8,1116.4,904.4,923.7,802.1,904.6,995.5,863.7,847.7,890.5,554.3,725.6,908.3,887.6,924.2,903.0,926.9,1041.8,860.2,891.6,874.7,910.5,909.8,837.3,411.8,907.2,856.1,167.4,200.0,171.6,923.3,925.0,370.4,490.3
SPJELKAVIKVEGEN 42,422.5,160.5,913.0,600.8,354.6,667.1,900.0,306.0,22.4,0.0,919.6,910.1,1048.2,942.2,953.3,924.8,889.6,947.5,910.8,646.7,824.7,909.6,965.6,745.9,660.0,447.6,928.1,926.7,1147.1,1196.6,1020.5,869.8,941.3,1134.9,922.9,942.2,820.6,923.1,1014.0,882.2,866.2,909.0,553.8,744.1,926.8,906.1,942.7,921.5,945.4,1060.3,878.7,910.1,893.2,929.0,928.3,855.8,434.2,925.7,874.6,185.9,218.5,190.1,941.8,943.5,392.8,512.7
SKAREGATA 1,1214.3,858.6,65.4,604.3,683.9,391.2,28.5,1097.8,903.9,912.0,0.0,58.7,200.6,33.1,44.2,32.1,58.0,38.4,50.3,394.2,89.0,46.5,118.0,277.0,432.9,563.5,80.5,79.1,299.5,349.0,172.9,44.4,93.7,287.3,75.3,33.1,334.5,75.5,166.4,53.3,65.4,45.9,541.3,258.0,79.2,37.7,33.6,10.9,110.3,212.7,68.8,58.7,61.6,19.9,65.2,73.4,1226.0,78.1,64.3,801.3,833.9,805.5,32.7,34.4,1184.6,1304.5
Rasmus Rønnebergs gate 21,1208.6,852.9,67.0,598.6,678.2,385.5,47.2,1092.1,898.2,906.3,58.4,0.0,202.2,88.7,99.8,72.0,52.3,94.0,51.9,388.5,83.3,48.1,119.6,271.3,427.2,557.8,82.1,80.7,301.1,350.6,174.5,38.7,95.3,288.9,76.9,88.7,328.8,77.1,168.0,47.6,59.7,47.5,535.6,252.3,80.8,52.6,89.2,68.0,111.9,214.3,76.4,0.0,55.9,75.5,66.8,67.7,1220.3,79.7,58.6,795.6,828.2,799.8,88.3,90.0,1178.9,1298.8
BROGATA 1,1339.9,984.2,153.7,729.9,809.5,516.8,216.5,1223.4,1029.5,1037.6,204.7,205.5,0.0,227.3,238.4,227.1,221.6,232.6,152.0,519.8,237.2,155.8,83.7,402.6,558.5,689.1,145.5,144.1,117.3,166.8,53.2,208.0,130.2,105.1,140.3,227.3,460.1,141.4,91.6,209.4,229.0,156.4,666.9,383.6,132.2,191.2,227.8,206.6,195.1,33.4,185.2,205.5,225.2,214.1,150.0,223.2,1351.6,143.1,201.8,926.9,959.5,931.1,226.9,228.6,1310.2,1430.1
KONGENS GATE 28A,1233.5,877.8,96.6,623.5,703.1,410.4,47.7,1117.0,923.1,931.2,31.2,77.9,231.8,0.0,55.3,16.9,77.2,5.3,81.5,413.4,108.2,77.7,149.2,296.2,452.1,582.7,111.7,110.3,330.7,380.2,204.1,63.6,124.9,318.5,106.5,0.0,353.7,106.7,197.6,72.5,84.6,77.1,560.5,277.2,110.4,68.9,0.5,42.1,141.5,243.9,100.0,77.9,80.8,35.0,96.4,92.6,1245.2,109.3,83.5,820.5,853.1,824.7,45.0,1.3,1203.8,1323.7
SKANSEKAIA 4A,1251.5,895.8,96.1,641.5,721.1,428.4,74.7,1135.0,941.1,949.2,46.2,104.9,231.3,35.9,0.0,39.9,104.2,41.2,81.0,431.4,135.2,77.2,148.7,314.2,470.1,600.7,111.2,109.8,330.2,379.7,203.6,90.6,124.4,318.0,106.0,35.9,371.7,106.2,197.1,99.5,111.6,76.6,578.5,295.2,109.9,68.4,36.4,41.6,141.0,243.4,99.5,104.9,107.8,24.3,95.9,119.6,1263.2,108.8,110.5,838.5,871.1,842.7,35.5,37.2,1221.8,1341.7
SORENSKRIVER BULLS GATE 7,1228.1,872.4,89.9,618.1,697.7,405.0,42.3,1111.6,917.7,925.8,25.8,72.5,225.1,28.5,38.4,0.0,71.8,33.8,74.8,408.0,102.8,71.0,142.5,290.8,446.7,577.3,105.0,103.6,324.0,373.5,197.4,58.2,118.2,311.8,99.8,28.5,348.3,100.0,190.9,67.1,79.2,70.4,555.1,271.8,103.7,62.2,29.0,35.4,134.8,237.2,93.3,72.5,75.4,18.1,89.7,87.2,1239.8,102.6,78.1,815.1,847.7,819.3,28.1,29.8,1198.4,1318.3
PARKGATA 11B,1173.9,818.2,82.9,563.9,643.5,347.2,48.1,1057.4,863.5,871.6,59.3,58.2,218.1,92.4,103.5,72.9,0.0,97.7,67.8,353.8,48.6,64.0,135.5,233.0,392.5,523.1,98.0,96.6,317.0,366.5,190.4,49.8,111.2,304.8,92.8,92.4,294.1,93.0,183.9,58.7,22.6,63.4,500.9,217.6,96.7,68.5,92.9,70.2,127.8,230.2,75.5,58.2,3.6,79.2,82.7,42.5,1185.6,95.6,69.7,760.9,793.5,765.1,92.0,93.7,1144.2,1264.1
KONGENS GATE 27,1228.2,872.5,91.3,618.2,697.8,405.1,42.4,1111.7,917.8,925.9,25.9,72.6,226.5,40.1,50.0,11.6,71.9,0.0,76.2,408.1,102.9,72.4,143.9,290.9,446.8,577.4,106.4,105.0,325.4,374.9,198.8,58.3,119.6,313.2,101.2,40.1,348.4,101.4,192.3,67.2,79.3,71.8,555.2,271.9,105.1,63.6,40.6,36.8,136.2,238.6,94.7,72.6,75.5,29.7,91.1,87.3,1239.9,104.0,78.2,815.2,847.8,819.4,39.7,41.4,1198.5,1318.4
RASMUS RØNNEBERGS GATE 4,1204.8,849.1,15.1,594.8,674.4,381.7,64.5,1088.3,894.4,902.5,52.7,53.5,150.3,75.3,86.4,75.1,69.6,80.6,0.0,384.7,100.6,3.8,67.7,267.5,423.4,554.0,30.2,28.8,249.2,298.7,122.6,56.0,43.4,237.0,25.0,75.3,325.0,25.2,116.1,64.9,77.0,4.4,531.8,248.5,28.9,39.2,75.8,54.6,60.0,162.4,50.1,53.5,73.2,62.1,14.9,85.0,1216.5,27.8,66.7,791.8,824.4,796.0,74.9,76.6,1175.1,1295.0
LARSGÅRDSVEGEN 19,947.0,591.3,367.0,307.0,416.6,71.7,354.0,830.5,636.6,644.7,373.6,364.1,502.2,396.2,407.3,378.8,343.6,401.5,364.8,0.0,278.7,363.6,419.6,198.8,135.6,296.2,382.1,380.7,601.1,650.6,474.5,323.8,395.3,588.9,376.9,396.2,274.6,377.1,468.0,336.2,320.2,363.0,244.0,198.1,380.8,360.1,396.7,375.5,399.4,514.3,332.7,364.1,347.2,383.0,382.3,309.8,958.7,379.7,328.6,534.0,566.6,538.2,395.8,397.5,917.3,1037.2
SUNDGATA 8,1125.3,769.6,99.6,515.3,594.9,302.2,85.5,1008.8,814.9,823.0,96.7,95.6,234.8,128.8,139.9,110.3,64.9,134.1,97.4,305.2,0.0,96.2,152.2,188.0,343.9,474.5,114.7,113.3,333.7,383.2,207.1,55.3,127.9,321.5,109.5,128.8,245.5,109.7,200.6,68.8,41.5,95.6,452.3,169.0,113.4,92.7,129.3,108.1,132.0,246.9,65.3,95.6,68.5,115.6,114.9,32.3,1137.0,112.3,61.2,712.3,744.9,716.5,128.4,130.1,1095.6,1215.5
RASMUS RØNNEBERGS GATE 6,1203.8,848.1,18.9,593.8,673.4,380.7,60.7,1087.3,893.4,901.5,48.9,49.7,154.1,71.5,82.6,71.3,65.8,76.8,3.8,383.7,96.8,0.0,71.5,266.5,422.4,553.0,34.0,32.6,253.0,302.5,126.4,52.2,47.2,240.8,28.8,71.5,324.0,29.0,119.9,61.1,73.2,0.6,530.8,247.5,32.7,35.4,72.0,50.8,63.8,166.2,51.8,49.7,69.4,58.3,18.7,81.2,1215.5,31.6,65.7,790.8,823.4,795.0,71.1,72.8,1174.1,1294.0
NEDRE STRANDGATE 51,1256.2,900.5,70.0,646.2,725.8,433.1,132.8,1139.7,945.8,953.9,121.0,121.8,82.6,143.6,154.7,143.4,137.9,148.9,68.3,436.1,153.5,72.1,0.0,318.9,474.8,605.4,72.5,71.1,181.5,231.0,56.1,124.3,57.2,169.3,67.3,143.6,376.4,57.7,48.4,125.7,145.3,72.7,583.2,299.9,59.2,107.5,144.1,122.9,111.4,94.7,101.5,121.8,141.5,130.4,66.3,139.5,1267.9,70.1,118.1,843.2,875.8,847.4,143.2,144.9,1226.5,1346.4
NØRVEGATA 23,1058.5,702.8,251.9,445.8,528.1,144.9,238.9,942.0,748.1,756.2,258.5,249.0,387.1,281.1,292.2,263.7,228.5,286.4,249.7,202.1,163.6,248.5,304.5,0.0,274.4,407.7,267.0,265.6,486.0,535.5,359.4,208.7,280.2,473.8,261.8,281.1,152.5,262.0,352.9,221.1,205.1,247.9,382.8,76.0,265.7,245.0,281.6,260.4,284.3,399.2,217.6,249.0,226.2,267.9,267.2,194.7,1070.2,264.6,213.5,645.5,678.1,649.7,280.7,282.4,1028.8,1148.7
NEDRE KLOKKERSUNDVEGEN 2,960.6,617.2,439.6,233.7,419.5,175.5,426.6,844.1,650.2,670.6,446.2,436.7,574.8,468.8,479.9,451.4,416.2,474.1,437.4,138.1,351.3,436.2,492.2,272.5,0.0,275.6,454.7,453.3,673.7,723.2,547.1,396.4,467.9,661.5,449.5,468.8,347.2,449.7,540.6,408.8,392.8,435.6,170.7,270.7,453.4,432.7,469.3,448.1,472.0,586.9,405.3,436.7,419.8,455.6,454.9,382.4,972.3,452.3,401.2,559.9,592.5,564.1,468.4,470.1,930.9,1050.8
LERSTADVEGEN 291,750.1,410.4,591.5,352.0,209.0,345.6,578.5,633.6,439.7,463.8,598.1,588.6,726.7,620.7,631.8,603.3,568.1,626.0,589.3,325.2,503.2,588.1,644.1,424.4,271.2,0.0,606.6,605.2,825.6,875.1,699.0,548.3,619.8,813.4,601.4,620.7,499.1,601.6,692.5,560.7,544.7,587.5,305.0,422.6,605.3,584.6,621.2,600.0,623.9,738.8,557.2,588.6,571.7,607.5,606.8,534.3,761.8,604.2,553.1,353.1,385.7,357.3,620.3,622.0,720.4,840.3
APOTEKERGATA 1-3,1226.6,870.9,40.4,616.6,696.2,403.5,103.2,1110.1,916.2,924.3,91.4,92.2,142.8,114.0,125.1,113.8,108.3,119.3,38.7,406.5,123.9,42.5,70.7,289.3,445.2,575.8,0.0,1.4,241.7,291.2,106.7,94.7,27.6,229.5,5.2,114.0,346.8,31.1,119.1,96.1,115.7,43.1,553.6,270.3,13.0,77.9,114.5,93.3,81.8,154.9,71.9,92.2,111.9,100.8,36.7,109.9,1238.3,2.4,88.5,813.6,846.2,817.8,113.6,115.3,1196.9,1316.8
APOTEKERGATA 5,1225.2,869.5,39.0,615.2,694.8,402.1,101.8,1108.7,914.8,922.9,90.0,90.8,141.4,112.6,123.7,112.4,106.9,117.9,37.3,405.1,122.5,41.1,69.3,287.9,443.8,574.4,1.4,0.0,240.3,289.8,105.3,93.3,26.2,228.1,3.8,112.6,345.4,29.7,117.7,94.7,114.3,41.7,552.2,268.9,11.6,76.5,113.1,91.9,80.4,153.5,70.5,90.8,110.5,99.4,35.3,108.5,1236.9,1.0,87.1,812.2,844.8,816.4,112.2,113.9,1195.5,1315.4
SKARBØVIKGATA 25,1437.0,1081.3,250.8,827.0,906.6,613.9,313.6,1320.5,1126.6,1134.7,301.8,302.6,116.3,324.4,335.5,324.2,318.7,329.7,249.1,616.9,334.3,252.9,180.8,499.7,655.6,786.2,242.6,241.2,0.0,78.9,150.3,305.1,227.3,11.5,237.4,324.4,557.2,238.5,188.7,306.5,326.1,253.5,764.0,480.7,229.3,288.3,324.9,303.7,292.2,137.4,282.3,302.6,322.3,311.2,247.1,320.3,1448.7,240.2,298.9,1024.0,1056.6,1028.2,324.0,325.7,1407.3,1527.2
OLE THORESENS GATE 16,1490.4,1134.7,304.2,880.4,960.0,667.3,367.0,1373.9,1180.0,1188.1,355.2,356.0,169.7,377.8,388.9,377.6,372.1,383.1,302.5,670.3,387.7,306.3,234.2,553.1,709.0,839.6,296.0,294.6,81.9,0.0,203.7,358.5,280.7,80.0,290.8,377.8,610.6,291.9,242.1,359.9,379.5,306.9,817.4,534.1,282.7,341.7,378.3,357.1,345.6,190.8,335.7,356.0,375.7,364.6,300.5,373.7,1502.1,293.6,352.3,1077.4,1110.0,1081.6,377.4,379.1,1460.7,1580.6
JOHS. AARFLOTS GATE 4,1311.8,956.1,125.6,701.8,781.4,488.7,188.4,1195.3,1001.4,1009.5,176.6,177.4,49.5,199.2,210.3,199.0,193.5,204.5,123.9,491.7,209.1,127.7,57.6,374.5,530.4,661.0,108.5,107.1,148.4,197.9,0.0,179.9,93.2,136.2,103.3,199.2,432.0,112.8,65.5,181.3,200.9,128.3,638.8,355.5,95.2,163.1,199.7,178.5,160.5,61.6,157.1,177.4,197.1,186.0,121.9,195.1,1323.5,106.1,173.7,898.8,931.4,903.0,198.8,200.5,1282.1,1402.0
KIPERVIKGATA 5,1193.3,837.6,101.7,583.3,662.9,370.2,66.9,1076.8,882.9,891.0,78.1,77.0,236.9,111.2,122.3,91.7,77.5,116.5,86.6,373.2,69.8,82.8,154.3,256.0,411.9,542.5,116.8,115.4,335.8,385.3,209.2,0.0,130.0,323.6,111.6,111.2,313.5,111.8,202.7,27.5,55.4,82.2,520.3,237.0,115.5,87.3,111.7,89.0,145.0,249.0,78.3,77.0,81.1,98.0,101.5,47.6,1205.0,114.4,19.9,780.3,812.9,784.5,110.8,112.5,1163.6,1283.5
KIRKEGATA 1 A,1228.5,872.8,42.3,618.5,698.1,405.4,105.1,1112.0,918.1,926.2,93.3,94.1,131.1,115.9,127.0,115.7,110.2,121.2,40.6,408.4,125.8,44.4,59.0,291.2,447.1,577.7,24.7,23.3,230.0,279.5,95.0,96.6,0.0,217.8,19.5,115.9,348.7,29.0,107.4,98.0,117.6,45.0,555.5,272.2,11.4,79.8,116.4,95.2,83.7,143.2,73.8,94.1,113.8,102.7,38.6,111.8,1240.2,22.3,90.4,815.5,848.1,819.7,115.5,117.2,1198.8,1318.7
SKARBØVIKGATA 26,1425.5,1069.8,239.3,815.5,895.1,602.4,302.1,1309.0,1115.1,1123.2,290.3,291.1,104.8,312.9,324.0,312.7,307.2,318.2,237.6,605.4,322.8,241.4,169.3,488.2,644.1,774.7,231.1,229.7,12.2,76.6,138.8,293.6,215.8,0.0,225.9,312.9,545.7,227.0,177.2,295.0,314.6,242.0,752.5,469.2,217.8,276.8,313.4,292.2,280.7,125.9,270.8,291.1,310.8,299.7,235.6,308.8,1437.2,228.7,287.4,1012.5,1045.1,1016.7,312.5,314.2,1395.8,1515.7
APOTEKERGATA 8,1221.4,865.7,35.2,611.4,691.0,398.3,98.0,1104.9,911.0,919.1,86.2,87.0,137.6,108.8,119.9,108.6,103.1,114.1,33.5,401.3,118.7,37.3,65.5,284.1,440.0,570.6,5.2,3.8,236.5,286.0,101.5,89.5,22.4,224.3,0.0,108.8,341.6,25.9,113.9,90.9,110.5,37.9,548.4,265.1,7.8,72.7,109.3,88.1,76.6,149.7,66.7,87.0,106.7,95.6,31.5,104.7,1233.1,2.8,83.3,808.4,841.0,812.6,108.4,110.1,1191.7,1311.6
KONGENS GATE 28,1233.5,877.8,96.6,623.5,703.1,410.4,47.7,1117.0,923.1,931.2,31.2,77.9,231.8,0.0,55.3,16.9,77.2,5.3,81.5,413.4,108.2,77.7,149.2,296.2,452.1,582.7,111.7,110.3,330.7,380.2,204.1,63.6,124.9,318.5,106.5,0.0,353.7,106.7,197.6,72.5,84.6,77.1,560.5,277.2,110.4,68.9,0.5,42.1,141.5,243.9,100.0,77.9,80.8,35.0,96.4,92.6,1245.2,109.3,83.5,820.5,853.1,824.7,45.0,1.3,1203.8,1323.7
SJØMANNSVEGEN 14,1121.5,765.8,332.6,511.5,591.1,274.3,319.6,1005.0,811.1,819.2,339.2,329.7,467.8,361.8,372.9,344.4,309.2,367.1,330.4,301.4,244.3,329.2,385.2,160.1,340.1,470.7,347.7,346.3,566.7,616.2,440.1,289.4,360.9,554.5,342.5,361.8,0.0,342.7,433.6,301.8,285.8,328.6,448.5,97.6,346.4,325.7,362.3,341.1,365.0,479.9,298.3,329.7,312.8,348.6,347.9,275.4,1133.2,345.3,294.2,708.5,741.1,712.7,361.4,363.1,1091.8,1211.7
NEDRE STRANDGATE 9,1211.8,856.1,25.6,601.8,681.4,388.7,88.4,1095.3,901.4,909.5,76.6,77.4,142.7,99.2,110.3,99.0,93.5,104.5,23.9,391.7,109.1,27.7,60.1,274.5,430.4,561.0,51.1,49.7,241.6,291.1,115.0,79.9,35.8,229.4,45.9,99.2,332.0,0.0,108.5,81.3,100.9,28.3,538.8,255.5,37.8,63.1,99.7,78.5,67.0,154.8,57.1,77.4,97.1,86.0,21.9,95.1,1223.5,48.7,73.7,798.8,831.4,803.0,98.8,100.5,1182.1,1302.0
FJORDGATA 52,1307.7,952.0,121.5,697.7,777.3,484.6,184.3,1191.2,997.3,1005.4,172.5,173.3,87.0,195.1,206.2,194.9,189.4,200.4,119.8,487.6,205.0,123.6,51.5,370.4,526.3,656.9,124.0,122.6,185.9,235.4,60.5,175.8,108.7,173.7,118.8,195.1,427.9,109.2,0.0,177.2,196.8,124.2,634.7,351.4,110.7,159.0,195.6,174.4,162.9,99.1,153.0,173.3,193.0,181.9,117.8,191.0,1319.4,121.6,169.6,894.7,927.3,898.9,194.7,196.4,1278.0,1397.9
KEISER WILHELMS GATE 39,1165.8,810.1,85.1,555.8,635.4,342.7,62.4,1049.3,855.4,863.5,73.6,72.5,220.3,114.3,125.4,87.2,51.3,119.6,82.9,345.7,42.3,81.7,137.7,228.5,384.4,515.0,100.2,98.8,319.2,368.7,192.6,32.2,113.4,307.0,95.0,114.3,286.0,95.2,186.1,0.0,27.9,81.1,492.8,209.5,98.9,78.2,114.8,93.6,117.5,232.4,50.8,72.5,54.9,101.1,100.4,20.1,1177.5,97.8,46.7,752.8,785.4,757.0,113.9,115.6,1136.1,1256.0
GJERDEGATA 4,1183.3,827.6,92.3,573.3,652.9,340.4,57.5,1066.8,872.9,881.0,68.7,67.6,227.5,101.8,112.9,82.3,23.4,107.1,77.2,363.2,58.0,73.4,144.9,226.2,401.9,532.5,107.4,106.0,326.4,375.9,199.8,59.2,120.6,314.2,102.2,101.8,303.5,102.4,193.3,68.1,0.0,72.8,510.3,227.0,106.1,77.9,102.3,79.6,137.2,239.6,84.9,67.6,27.0,88.6,92.1,51.9,1195.0,105.0,79.1,770.3,802.9,774.5,101.4,103.1,1153.6,1273.5
NOTENESGATA 3,1203.2,847.5,19.5,593.2,672.8,380.1,60.1,1086.7,892.8,900.9,48.3,49.1,154.7,70.9,82.0,70.7,65.2,76.2,4.4,383.1,96.2,0.6,72.1,265.9,421.8,552.4,34.6,33.2,253.6,303.1,127.0,51.6,47.8,241.4,29.4,70.9,323.4,29.6,120.5,60.5,72.6,0.0,530.2,246.9,33.3,34.8,71.4,50.2,64.4,166.8,51.2,49.1,68.8,57.7,19.3,80.6,1214.9,32.2,65.1,790.2,822.8,794.4,70.5,72.2,1173.5,1293.4
HATLASKARET 1,854.4,621.5,543.5,63.0,313.3,279.4,530.5,737.9,544.0,569.5,550.1,540.6,678.7,572.7,583.8,555.3,520.1,578.0,541.3,242.0,455.2,540.1,596.1,376.4,172.7,307.9,558.6,557.2,777.6,827.1,651.0,500.3,571.8,765.4,553.4,572.7,451.1,553.6,644.5,512.7,496.7,539.5,0.0,374.6,557.3,536.6,573.2,552.0,575.9,690.8,509.2,540.6,523.7,559.5,558.8,486.3,866.1,556.2,505.1,564.2,596.8,568.4,572.3,574.0,824.7,944.6
SJØMANNSVEGEN 1,1037.3,681.6,248.4,427.3,506.9,190.1,235.4,920.8,726.9,735.0,255.0,245.5,383.6,277.6,288.7,260.2,225.0,282.9,246.2,217.2,160.1,245.0,301.0,75.9,255.9,386.5,263.5,262.1,482.5,532.0,355.9,205.2,276.7,470.3,258.3,277.6,96.5,258.5,349.4,217.6,201.6,244.4,364.3,0.0,262.2,241.5,278.1,256.9,280.8,395.7,214.1,245.5,228.6,264.4,263.7,191.2,1049.0,261.1,210.0,624.3,656.9,628.5,277.2,278.9,1007.6,1127.5
KIRKEGATA 2,1222.2,866.5,36.0,612.2,691.8,399.1,98.8,1105.7,911.8,919.9,87.0,87.8,129.8,109.6,120.7,109.4,103.9,114.9,34.3,402.1,119.5,38.1,57.7,284.9,440.8,571.4,13.3,11.9,228.7,278.2,93.7,90.3,14.6,216.5,8.1,109.6,342.4,22.9,106.1,91.7,111.3,38.7,549.2,265.9,0.0,73.5,110.1,88.9,77.4,141.9,67.5,87.8,107.5,96.4,32.3,105.5,1233.9,10.9,84.1,809.2,841.8,813.4,109.2,110.9,1192.5,1312.4
KONGENS GATE 11,1224.3,868.6,68.9,614.3,693.9,401.2,42.0,1107.8,913.9,922.0,13.5,72.2,204.1,36.1,47.2,35.9,71.5,41.4,53.8,404.2,102.5,50.0,121.5,287.0,442.9,573.5,84.0,82.6,303.0,352.5,176.4,57.9,97.2,290.8,78.8,36.1,344.5,79.0,169.9,66.8,78.9,49.4,551.3,268.0,82.7,0.0,36.6,15.4,113.8,216.2,72.3,72.2,75.1,22.9,68.7,86.9,1236.0,81.6,77.8,811.3,843.9,815.5,35.7,37.4,1194.6,1314.5
KONGENS GATE 30,1233.0,877.3,96.1,623.0,702.6,409.9,47.2,1116.5,922.6,930.7,30.7,77.4,231.3,44.9,54.8,16.4,76.7,4.8,81.0,412.9,107.7,77.2,148.7,295.7,451.6,582.2,111.2,109.8,330.2,379.7,203.6,63.1,124.4,318.0,106.0,44.9,353.2,106.2,197.1,72.0,84.1,76.6,560.0,276.7,109.9,68.4,0.0,41.6,141.0,243.4,99.5,77.4,80.3,34.5,95.9,92.1,1244.7,108.8,83.0,820.0,852.6,824.2,44.5,0.8,1203.3,1323.2
SKATEFLUKAIA 1B,1217.4,861.7,62.0,607.4,687.0,394.3,40.4,1100.9,907.0,915.1,11.9,70.6,197.2,34.5,45.6,34.3,69.9,39.8,46.9,397.3,100.9,43.1,114.6,280.1,436.0,566.6,77.1,75.7,296.1,345.6,169.5,56.3,90.3,283.9,71.9,34.5,337.6,72.1,163.0,65.2,77.3,42.5,544.4,261.1,75.8,34.3,35.0,0.0,106.9,209.3,65.4,70.6,73.5,21.3,61.8,85.3,1229.1,74.7,76.2,804.4,837.0,808.6,34.1,35.8,1187.7,1307.6
KEISER WILHELMS GATE 2,1227.5,871.8,57.8,617.5,697.1,404.4,114.4,1111.0,917.1,925.2,102.6,103.4,193.0,125.2,136.3,125.0,119.5,130.5,55.6,407.4,124.8,53.7,110.4,290.2,446.1,576.7,72.9,71.5,291.9,341.4,161.0,105.9,86.1,279.7,67.7,125.2,347.7,67.9,158.8,97.0,124.9,54.3,554.5,271.2,71.6,89.1,125.7,104.5,0.0,205.1,72.8,103.4,123.1,112.0,72.1,110.8,1239.2,70.5,89.4,814.5,847.1,818.7,124.8,126.5,1197.8,1317.7
RINGGATA 15E,1348.0,992.3,161.8,738.0,817.6,524.9,224.6,1231.5,1037.6,1045.7,212.8,213.6,36.0,235.4,246.5,235.2,229.7,240.7,160.1,527.9,245.3,163.9,91.8,410.7,566.6,697.2,153.6,152.2,138.8,188.3,61.3,216.1,138.3,126.6,148.4,235.4,468.2,149.5,99.7,217.5,237.1,164.5,675.0,391.7,140.3,199.3,235.9,214.7,203.2,0.0,193.3,213.6,233.3,222.2,158.1,231.3,1359.7,151.2,209.9,935.0,967.6,939.2,235.0,236.7,1318.3,1438.2
KORSEGATA 4,1211.3,855.6,49.9,601.3,680.9,388.2,59.7,1094.8,900.9,909.0,41.0,48.7,185.1,63.6,74.7,63.4,64.8,68.9,34.8,391.2,95.8,31.0,102.5,274.0,429.9,560.5,65.0,63.6,284.0,333.5,157.4,51.2,78.2,271.8,59.8,63.6,331.5,60.0,150.9,60.1,72.2,30.4,538.3,255.0,63.7,27.5,64.1,42.9,94.8,197.2,0.0,48.7,68.4,50.4,49.7,80.2,1223.0,62.6,71.1,798.3,830.9,802.5,63.2,64.9,1181.6,1301.5
RASMUS RØNNEBERGS GATE 21,1208.6,852.9,67.0,598.6,678.2,385.5,47.2,1092.1,898.2,906.3,58.4,0.0,202.2,88.7,99.8,72.0,52.3,94.0,51.9,388.5,83.3,48.1,119.6,271.3,427.2,557.8,82.1,80.7,301.1,350.6,174.5,38.7,95.3,288.9,76.9,88.7,328.8,77.1,168.0,47.6,59.7,47.5,535.6,252.3,80.8,52.6,89.2,68.0,111.9,214.3,76.4,0.0,55.9,75.5,66.8,67.7,1220.3,79.7,58.6,795.6,828.2,799.8,88.3,90.0,1178.9,1298.8
PARKGATA 22,1177.5,821.8,86.5,567.5,647.1,343.6,51.7,1061.0,867.1,875.2,62.9,61.8,221.7,96.0,107.1,76.5,3.6,101.3,71.4,357.4,52.2,67.6,139.1,229.4,396.1,526.7,101.6,100.2,320.6,370.1,194.0,53.4,114.8,308.4,96.4,96.0,297.7,96.6,187.5,62.3,26.2,67.0,504.5,221.2,100.3,72.1,96.5,73.8,131.4,233.8,79.1,61.8,0.0,82.8,86.3,46.1,1189.2,99.2,73.3,764.5,797.1,768.7,95.6,97.3,1147.8,1267.7
TOLLBUGATA 2,1227.2,871.5,71.8,617.2,696.8,404.1,50.4,1110.7,916.8,924.9,21.9,80.6,207.0,11.6,24.3,13.0,79.9,16.9,56.7,407.1,110.9,52.9,124.4,289.9,445.8,576.4,86.9,85.5,305.9,355.4,179.3,66.3,100.1,293.7,81.7,11.6,347.4,81.9,172.8,75.2,87.3,52.3,554.2,270.9,85.6,44.1,12.1,17.3,116.7,219.1,75.2,80.6,83.5,0.0,71.6,95.3,1238.9,84.5,86.2,814.2,846.8,818.4,11.2,12.9,1197.5,1317.4
LORKENESGATA 1,1189.9,834.2,26.7,579.9,659.5,366.8,83.3,1073.4,879.5,887.6,71.5,72.3,161.9,94.1,105.2,93.9,88.4,99.4,24.5,369.8,87.2,22.6,79.3,252.6,408.5,539.1,41.8,40.4,260.8,310.3,134.2,74.7,55.0,248.6,36.6,94.1,310.1,36.8,127.7,59.4,87.3,23.2,516.9,233.6,40.5,58.0,94.6,73.4,45.1,174.0,35.2,72.3,92.0,80.9,0.0,73.2,1201.6,39.4,51.8,776.9,809.5,781.1,93.7,95.4,1160.2,1280.1
RÅDSTUGATA 3B,1156.9,801.2,85.3,546.9,626.5,333.8,67.9,1040.4,846.5,854.6,79.1,78.0,220.5,114.5,125.6,92.7,64.2,119.8,83.1,336.8,31.6,81.9,137.9,219.6,375.5,506.1,100.4,99.0,319.4,368.9,192.8,37.7,113.6,307.2,95.2,114.5,277.1,95.4,186.3,54.5,40.8,81.3,483.9,200.6,99.1,78.4,115.0,93.8,117.7,232.6,51.0,78.0,67.8,101.3,100.6,0.0,1168.6,98.0,46.9,743.9,776.5,748.1,114.1,115.8,1127.2,1247.1
SOLAVÅGSEIDET 76,456.6,540.8,1222.0,928.8,659.7,976.1,1209.0,340.1,411.3,436.8,1228.6,1219.1,1357.2,1251.2,1262.3,1233.8,1198.6,1256.5,1219.8,955.7,1133.7,1218.6,1274.6,1054.9,988.0,775.6,1237.1,1235.7,1456.1,1505.6,1329.5,1178.8,1250.3,1443.9,1231.9,1251.2,1129.6,1232.1,1323.0,1191.2,1175.2,1218.0,881.8,1053.1,1235.8,1215.1,1251.7,1230.5,1254.4,1369.3,1187.7,1219.1,1202.2,1238.0,1237.3,1164.8,0.0,1234.7,1183.6,494.9,527.5,499.1,1250.8,1252.5,343.7,337.4
APOTEKERGATA 6,1224.2,868.5,38.0,614.2,693.8,401.1,100.8,1107.7,913.8,921.9,89.0,89.8,140.4,111.6,122.7,111.4,105.9,116.9,36.3,404.1,121.5,40.1,68.3,286.9,442.8,573.4,2.4,1.0,239.3,288.8,104.3,92.3,25.2,227.1,2.8,111.6,344.4,28.7,116.7,93.7,113.3,40.7,551.2,267.9,10.6,75.5,112.1,90.9,79.4,152.5,69.5,89.8,109.5,98.4,34.3,107.5,1235.9,0.0,86.1,811.2,843.8,815.4,111.2,112.9,1194.5,1314.4
KEISER WILHELMS GATE 32,1173.4,817.7,81.8,563.4,643.0,350.3,47.0,1056.9,863.0,871.1,58.2,57.1,217.0,91.3,102.4,71.8,57.6,96.6,66.7,353.3,49.9,62.9,134.4,236.1,392.0,522.6,96.9,95.5,315.9,365.4,189.3,22.9,110.1,303.7,91.7,91.3,293.6,91.9,182.8,7.6,35.5,62.3,500.4,217.1,95.6,67.4,91.8,69.1,125.1,229.1,58.4,57.1,61.2,78.1,81.6,27.7,1185.1,94.5,0.0,760.4,793.0,764.6,90.9,92.6,1143.7,1263.6
POSTVEGEN 17,485.0,129.3,792.5,613.9,340.4,546.6,779.5,368.5,174.6,182.7,799.1,789.6,927.7,821.7,832.8,804.3,769.1,827.0,790.3,526.2,704.2,789.1,845.1,625.4,562.9,350.5,807.6,806.2,1026.6,1076.1,900.0,749.3,820.8,1014.4,802.4,821.7,700.1,802.6,893.5,761.7,745.7,788.5,566.9,623.6,806.3,785.6,822.2,801.0,824.9,939.8,758.2,789.6,772.7,808.5,807.8,735.3,496.7,805.2,754.1,0.0,52.0,14.8,821.3,823.0,455.3,575.2
POSTVEGEN 11,511.9,156.2,819.4,640.8,367.3,573.5,806.4,395.4,201.5,209.6,826.0,816.5,954.6,848.6,859.7,831.2,796.0,853.9,817.2,553.1,731.1,816.0,872.0,652.3,589.8,377.4,834.5,833.1,1053.5,1103.0,926.9,776.2,847.7,1041.3,829.3,848.6,727.0,829.5,920.4,788.6,772.6,815.4,593.8,650.5,833.2,812.5,849.1,827.9,851.8,966.7,785.1,816.5,799.6,835.4,834.7,762.2,523.6,832.1,781.0,52.8,0.0,52.6,848.2,849.9,482.2,602.1
POSTVEGEN 15,486.7,131.0,794.2,615.6,342.1,548.3,781.2,370.2,176.3,184.4,800.8,791.3,929.4,823.4,834.5,806.0,770.8,828.7,792.0,527.9,705.9,790.8,846.8,627.1,564.6,352.2,809.3,807.9,1028.3,1077.8,901.7,751.0,822.5,1016.1,804.1,823.4,701.8,804.3,895.2,763.4,747.4,790.2,568.6,625.3,808.0,787.3,823.9,802.7,826.6,941.5,759.9,791.3,774.4,810.2,809.5,737.0,498.4,806.9,755.8,17.9,52.7,0.0,823.0,824.7,457.0,576.9
KONGENS GATE 25,1233.9,878.2,97.0,623.9,703.5,410.8,48.1,1117.4,923.5,931.6,31.6,78.3,232.2,0.4,55.7,17.3,77.6,5.7,81.9,413.8,108.6,78.1,149.6,296.6,452.5,583.1,112.1,110.7,331.1,380.6,204.5,64.0,125.3,318.9,106.9,0.4,354.1,107.1,198.0,72.9,85.0,77.5,560.9,277.6,110.8,69.3,0.9,42.5,141.9,244.3,100.4,78.3,81.2,35.4,96.8,93.0,1245.6,109.7,83.9,820.9,853.5,825.1,0.0,1.7,1204.2,1324.1
KONGENS GATE 32A,1232.2,876.5,95.3,622.2,701.8,409.1,46.4,1115.7,921.8,929.9,29.9,76.6,230.5,44.1,54.0,15.6,75.9,4.0,80.2,412.1,106.9,76.4,147.9,294.9,450.8,581.4,110.4,109.0,329.4,378.9,202.8,62.3,123.6,317.2,105.2,44.1,352.4,105.4,196.3,71.2,83.3,75.8,559.2,275.9,109.1,67.6,44.6,40.8,140.2,242.6,98.7,76.6,79.5,33.7,95.1,91.3,1243.9,108.0,82.2,819.2,851.8,823.4,43.7,0.0,1202.5,1322.4
BLINDHEIM INDUSTRIVEG 2D,302.0,493.9,1175.1,881.9,612.8,929.2,1162.1,197.5,364.4,389.9,1181.7,1172.2,1310.3,1204.3,1215.4,1186.9,1151.7,1209.6,1172.9,908.8,1086.8,1171.7,1227.7,1008.0,941.1,728.7,1190.2,1188.8,1409.2,1458.7,1282.6,1131.9,1203.4,1397.0,1185.0,1204.3,1082.7,1185.2,1276.1,1144.3,1128.3,1171.1,834.9,1006.2,1188.9,1168.2,1204.8,1183.6,1207.5,1322.4,1140.8,1172.2,1155.3,1191.1,1190.4,1117.9,354.2,1187.8,1136.7,448.0,480.6,452.2,1203.9,1205.6,0.0,432.7
Depot,534.5,618.7,1299.9,1006.7,737.6,1054.0,1286.9,418.0,489.2,514.7,1306.5,1297.0,1435.1,1329.1,1340.2,1311.7,1276.5,1334.4,1297.7,1033.6,1211.6,1296.5,1352.5,1132.8,1065.9,853.5,1315.0,1313.6,1534.0,1583.5,1407.4,1256.7,1328.2,1521.8,1309.8,1329.1,1207.5,1310.0,1400.9,1269.1,1253.1,1295.9,959.7,1131.0,1313.7,1293.0,1329.6,1308.4,1332.3,1447.2,1265.6,1297.0,1280.1,1315.9,1315.2,1242.7,331.7,1312.6,1261.5,572.8,605.4,577.0,1328.7,1330.4,421.6,0.0
