customer_id,x_coord,y_coord,demand,ready_time,due_date,service_time
1,385.0,56.0,10.0,473.0,544.0,90.0
2,201.0,297.0,10.0,805.0,855.0,90.0
3,57.0,353.0,10.0,364.0,418.0,90.0
4,201.0,386.0,20.0,806.0,862.0,90.0
5,359.0,23.0,30.0,298.0,358.0,90.0
6,210.0,268.0,30.0,68.0,102.0,90.0
7,219.0,148.0,10.0,55.0,110.0,90.0
8,306.0,390.0,20.0,279.0,344.0,90.0
9,32.0,251.0,20.0,804.0,857.0,90.0
10,130.0,70.0,30.0,956.0,1015.0,90.0
11,103.0,172.0,10.0,631.0,679.0,90.0
12,319.0,217.0,10.0,648.0,704.0,90.0
13,99.0,241.0,20.0,173.0,225.0,90.0
14,368.0,102.0,20.0,250.0,319.0,90.0
15,307.0,310.0,10.0,587.0,635.0,90.0
16,158.0,366.0,20.0,521.0,566.0,90.0
17,286.0,9.0,20.0,551.0,606.0,90.0
18,267.0,161.0,10.0,1079.0,1146.0,90.0
19,304.0,141.0,10.0,757.0,798.0,90.0
20,143.0,261.0,30.0,605.0,669.0,90.0
21,183.0,303.0,20.0,442.0,493.0,90.0
22,218.0,284.0,20.0,905.0,965.0,90.0
23,318.0,335.0,40.0,708.0,767.0,90.0
24,53.0,330.0,30.0,624.0,690.0,90.0
25,233.0,208.0,30.0,93.0,155.0,90.0
26,113.0,179.0,10.0,986.0,1037.0,90.0
27,109.0,170.0,20.0,151.0,220.0,90.0
28,276.0,16.0,10.0,199.0,241.0,90.0
29,128.0,93.0,10.0,925.0,1000.0,90.0
30,221.0,379.0,30.0,430.0,494.0,90.0
31,185.0,386.0,10.0,602.0,689.0,90.0
32,14.0,210.0,10.0,623.0,677.0,90.0
33,180.0,375.0,10.0,176.0,227.0,90.0
34,164.0,69.0,30.0,135.0,188.0,90.0
35,53.0,354.0,10.0,1020.0,1079.0,90.0
36,275.0,8.0,10.0,625.0,696.0,90.0
37,142.0,260.0,20.0,683.0,773.0,90.0
38,183.0,294.0,20.0,95.0,169.0,90.0
39,373.0,253.0,10.0,618.0,666.0,90.0
40,15.0,100.0,10.0,356.0,426.0,90.0
41,51.0,288.0,10.0,236.0,291.0,90.0
42,131.0,130.0,40.0,336.0,403.0,90.0
43,184.0,343.0,30.0,478.0,535.0,90.0
44,56.0,351.0,10.0,273.0,325.0,90.0
45,208.0,384.0,20.0,236.0,312.0,90.0
46,204.0,87.0,30.0,175.0,231.0,90.0
47,61.0,333.0,10.0,913.0,969.0,90.0
48,313.0,194.0,10.0,444.0,504.0,90.0
49,271.0,154.0,10.0,145.0,213.0,90.0
50,314.0,399.0,10.0,930.0,993.0,90.0
51,14.0,100.0,30.0,446.0,518.0,90.0
52,273.0,160.0,10.0,813.0,860.0,90.0
53,359.0,38.0,10.0,478.0,520.0,90.0
54,173.0,381.0,10.0,993.0,1053.0,90.0
55,153.0,368.0,30.0,331.0,385.0,90.0
56,270.0,151.0,20.0,85.0,158.0,90.0
57,29.0,355.0,10.0,490.0,517.0,90.0
58,310.0,395.0,10.0,747.0,804.0,90.0
59,312.0,200.0,30.0,533.0,608.0,90.0
60,107.0,247.0,20.0,818.0,879.0,90.0
61,126.0,91.0,30.0,663.0,708.0,90.0
62,229.0,229.0,50.0,667.0,724.0,90.0
63,196.0,293.0,20.0,333.0,396.0,90.0
64,82.0,247.0,20.0,280.0,345.0,90.0
65,42.0,384.0,10.0,770.0,834.0,90.0
66,83.0,357.0,10.0,923.0,978.0,90.0
67,280.0,282.0,10.0,918.0,978.0,90.0
68,270.0,106.0,30.0,182.0,247.0,90.0
69,369.0,106.0,10.0,810.0,875.0,90.0
70,393.0,272.0,10.0,447.0,508.0,90.0
71,93.0,62.0,20.0,511.0,562.0,90.0
72,275.0,15.0,20.0,259.0,321.0,90.0
73,372.0,104.0,20.0,629.0,688.0,90.0
74,134.0,98.0,10.0,121.0,175.0,90.0
75,339.0,41.0,20.0,542.0,608.0,90.0
76,303.0,61.0,30.0,966.0,1055.0,90.0
77,97.0,10.0,10.0,550.0,614.0,90.0
78,211.0,274.0,20.0,315.0,381.0,90.0
79,159.0,207.0,20.0,41.0,92.0,90.0
80,111.0,184.0,10.0,616.0,668.0,90.0
81,155.0,206.0,10.0,376.0,441.0,90.0
82,95.0,47.0,10.0,900.0,952.0,90.0
83,18.0,100.0,20.0,265.0,331.0,90.0
84,21.0,96.0,20.0,635.0,707.0,90.0
85,126.0,126.0,20.0,624.0,674.0,90.0
86,102.0,169.0,20.0,898.0,960.0,90.0
87,35.0,293.0,20.0,349.0,399.0,90.0
88,240.0,246.0,20.0,122.0,188.0,90.0
89,255.0,239.0,20.0,591.0,646.0,90.0
90,179.0,383.0,20.0,524.0,572.0,90.0
91,147.0,263.0,20.0,324.0,387.0,90.0
92,367.0,104.0,20.0,192.0,272.0,90.0
93,277.0,154.0,20.0,430.0,485.0,90.0
94,179.0,336.0,10.0,952.0,1001.0,90.0
95,157.0,205.0,20.0,557.0,625.0,90.0
96,231.0,243.0,10.0,685.0,755.0,90.0
97,92.0,50.0,10.0,1081.0,1140.0,90.0
98,375.0,247.0,10.0,243.0,300.0,90.0
99,152.0,240.0,30.0,308.0,370.0,90.0
100,187.0,341.0,30.0,383.0,444.0,90.0
101,234.0,214.0,10.0,660.0,710.0,90.0
102,364.0,27.0,20.0,766.0,834.0,90.0
103,52.0,297.0,20.0,503.0,585.0,90.0
104,103.0,168.0,10.0,984.0,1058.0,90.0
105,23.0,98.0,10.0,1201.0,1254.0,90.0
106,153.0,107.0,20.0,446.0,501.0,90.0
107,14.0,201.0,10.0,530.0,571.0,90.0
108,386.0,57.0,10.0,560.0,639.0,90.0
109,244.0,109.0,20.0,259.0,308.0,90.0
110,393.0,307.0,10.0,649.0,706.0,90.0
111,96.0,235.0,30.0,834.0,879.0,90.0
112,49.0,353.0,10.0,653.0,710.0,90.0
113,28.0,356.0,30.0,570.0,619.0,90.0
114,85.0,155.0,20.0,651.0,714.0,90.0
115,248.0,243.0,20.0,64.0,132.0,90.0
116,94.0,13.0,30.0,457.0,519.0,90.0
117,134.0,279.0,30.0,102.0,158.0,90.0
118,158.0,64.0,10.0,1030.0,1099.0,90.0
119,346.0,179.0,20.0,777.0,839.0,90.0
120,20.0,127.0,10.0,341.0,411.0,90.0
121,46.0,378.0,10.0,956.0,1025.0,90.0
122,337.0,47.0,20.0,352.0,421.0,90.0
123,250.0,241.0,30.0,212.0,283.0,90.0
124,200.0,89.0,30.0,736.0,799.0,90.0
125,289.0,11.0,20.0,459.0,511.0,90.0
126,393.0,301.0,10.0,272.0,348.0,90.0
127,182.0,379.0,20.0,413.0,494.0,90.0
128,301.0,57.0,10.0,599.0,678.0,90.0
129,111.0,170.0,10.0,93.0,146.0,90.0
130,249.0,239.0,20.0,776.0,834.0,90.0
131,294.0,311.0,10.0,386.0,449.0,90.0
132,352.0,162.0,10.0,212.0,281.0,90.0
133,363.0,270.0,10.0,333.0,390.0,90.0
134,106.0,173.0,10.0,247.0,314.0,90.0
135,72.0,257.0,10.0,1043.0,1105.0,90.0
136,311.0,334.0,10.0,1079.0,1141.0,90.0
137,305.0,336.0,20.0,171.0,246.0,90.0
138,22.0,125.0,10.0,193.0,258.0,90.0
139,293.0,310.0,30.0,482.0,536.0,90.0
140,40.0,54.0,10.0,285.0,331.0,90.0
141,234.0,212.0,10.0,374.0,428.0,90.0
142,91.0,27.0,20.0,623.0,704.0,90.0
143,351.0,153.0,30.0,598.0,651.0,90.0
144,304.0,301.0,20.0,855.0,926.0,90.0
145,291.0,301.0,20.0,135.0,219.0,90.0
146,92.0,162.0,20.0,1110.0,1185.0,90.0
147,135.0,167.0,10.0,228.0,278.0,90.0
148,300.0,132.0,10.0,459.0,513.0,90.0
149,93.0,23.0,10.0,445.0,513.0,90.0
150,236.0,210.0,30.0,181.0,255.0,90.0
151,41.0,56.0,10.0,1308.0,1359.0,90.0
152,114.0,250.0,20.0,1000.0,1074.0,90.0
153,161.0,233.0,30.0,499.0,564.0,90.0
154,344.0,283.0,20.0,704.0,749.0,90.0
155,346.0,385.0,10.0,301.0,350.0,90.0
156,129.0,278.0,20.0,1010.0,1071.0,90.0
157,238.0,101.0,20.0,809.0,865.0,90.0
158,127.0,87.0,20.0,473.0,528.0,90.0
159,185.0,299.0,10.0,171.0,210.0,90.0
160,37.0,56.0,10.0,1023.0,1096.0,90.0
161,55.0,357.0,10.0,462.0,509.0,90.0
162,272.0,154.0,20.0,234.0,305.0,90.0
163,158.0,283.0,10.0,238.0,311.0,90.0
164,298.0,137.0,10.0,269.0,330.0,90.0
165,266.0,116.0,10.0,650.0,717.0,90.0
166,306.0,329.0,20.0,1172.0,1241.0,90.0
167,302.0,203.0,30.0,821.0,885.0,90.0
168,115.0,257.0,10.0,339.0,412.0,90.0
169,329.0,241.0,20.0,300.0,363.0,90.0
170,362.0,28.0,10.0,864.0,920.0,90.0
171,53.0,347.0,20.0,1294.0,1360.0,90.0
172,345.0,178.0,10.0,872.0,926.0,90.0
173,244.0,106.0,40.0,433.0,501.0,90.0
174,149.0,234.0,10.0,61.0,107.0,90.0
175,84.0,359.0,20.0,834.0,881.0,90.0
176,243.0,244.0,30.0,61.0,126.0,90.0
177,122.0,281.0,20.0,824.0,882.0,90.0
178,68.0,263.0,10.0,585.0,634.0,90.0
179,84.0,363.0,20.0,265.0,323.0,90.0
180,68.0,254.0,20.0,200.0,266.0,90.0
181,32.0,357.0,20.0,746.0,811.0,90.0
182,314.0,390.0,10.0,1122.0,1179.0,90.0
183,393.0,312.0,30.0,928.0,989.0,90.0
184,82.0,365.0,30.0,358.0,414.0,90.0
185,276.0,157.0,20.0,335.0,395.0,90.0
186,179.0,134.0,30.0,404.0,467.0,90.0
187,106.0,177.0,20.0,440.0,489.0,90.0
188,140.0,264.0,20.0,421.0,485.0,90.0
189,172.0,383.0,20.0,902.0,960.0,90.0
190,347.0,45.0,20.0,639.0,710.0,90.0
191,305.0,198.0,20.0,105.0,163.0,90.0
192,100.0,175.0,10.0,536.0,585.0,90.0
193,168.0,178.0,20.0,103.0,156.0,90.0
194,177.0,379.0,10.0,1082.0,1152.0,90.0
195,280.0,290.0,20.0,271.0,335.0,90.0
196,165.0,63.0,10.0,478.0,542.0,90.0
197,308.0,393.0,30.0,378.0,433.0,90.0
198,243.0,106.0,10.0,529.0,588.0,90.0
199,210.0,141.0,20.0,215.0,280.0,90.0
200,366.0,251.0,20.0,988.0,1044.0,90.0
201,131.0,131.0,10.0,244.0,312.0,90.0
202,129.0,134.0,30.0,810.0,867.0,90.0
203,369.0,19.0,10.0,570.0,651.0,90.0
204,153.0,280.0,20.0,996.0,1045.0,90.0
205,91.0,70.0,20.0,896.0,948.0,90.0
206,328.0,239.0,10.0,489.0,550.0,90.0
207,131.0,127.0,10.0,438.0,486.0,90.0
208,230.0,241.0,10.0,786.0,837.0,90.0
209,20.0,204.0,20.0,328.0,393.0,90.0
210,116.0,181.0,20.0,1168.0,1224.0,90.0
211,371.0,244.0,20.0,176.0,244.0,90.0
212,182.0,300.0,10.0,260.0,309.0,90.0
213,49.0,291.0,10.0,416.0,479.0,90.0
214,76.0,206.0,10.0,749.0,807.0,90.0
215,37.0,286.0,40.0,710.0,780.0,90.0
216,349.0,275.0,10.0,408.0,486.0,90.0
217,21.0,104.0,30.0,203.0,254.0,90.0
218,17.0,96.0,10.0,546.0,608.0,90.0
219,126.0,284.0,10.0,734.0,783.0,90.0
220,154.0,288.0,20.0,614.0,674.0,90.0
221,129.0,85.0,20.0,378.0,438.0,90.0
222,199.0,290.0,10.0,90.0,142.0,90.0
223,198.0,295.0,20.0,598.0,681.0,90.0
224,237.0,109.0,10.0,990.0,1060.0,90.0
225,385.0,55.0,20.0,386.0,449.0,90.0
226,101.0,239.0,10.0,106.0,166.0,90.0
227,54.0,348.0,20.0,1206.0,1266.0,90.0
228,250.0,236.0,10.0,869.0,928.0,90.0
229,65.0,298.0,10.0,1355.0,1415.0,90.0
230,57.0,291.0,20.0,979.0,1034.0,90.0
231,230.0,225.0,20.0,752.0,828.0,90.0
232,200.0,83.0,10.0,552.0,609.0,90.0
233,328.0,243.0,20.0,202.0,277.0,90.0
234,188.0,133.0,20.0,688.0,746.0,90.0
235,88.0,150.0,10.0,274.0,333.0,90.0
236,113.0,183.0,30.0,785.0,865.0,90.0
237,209.0,85.0,10.0,363.0,415.0,90.0
238,174.0,375.0,30.0,1168.0,1257.0,90.0
239,281.0,16.0,20.0,1020.0,1058.0,90.0
240,87.0,155.0,10.0,830.0,900.0,90.0
241,85.0,67.0,10.0,790.0,862.0,90.0
242,125.0,95.0,10.0,752.0,806.0,90.0
243,235.0,212.0,20.0,279.0,341.0,90.0
244,153.0,281.0,10.0,896.0,962.0,90.0
245,347.0,385.0,20.0,389.0,444.0,90.0
246,156.0,111.0,20.0,632.0,704.0,90.0
247,302.0,60.0,10.0,226.0,300.0,90.0
248,75.0,368.0,10.0,453.0,516.0,90.0
249,207.0,381.0,20.0,181.0,232.0,90.0
250,38.0,49.0,20.0,741.0,793.0,90.0
251,110.0,254.0,20.0,441.0,502.0,90.0
252,102.0,252.0,10.0,634.0,688.0,90.0
253,220.0,288.0,20.0,624.0,689.0,90.0
254,295.0,19.0,30.0,204.0,260.0,90.0
255,344.0,176.0,10.0,145.0,207.0,90.0
256,188.0,338.0,10.0,295.0,345.0,90.0
257,167.0,174.0,30.0,285.0,343.0,90.0
258,318.0,219.0,20.0,740.0,797.0,90.0
259,281.0,291.0,40.0,364.0,425.0,90.0
260,96.0,69.0,10.0,1075.0,1141.0,90.0
261,314.0,396.0,10.0,1024.0,1085.0,90.0
262,97.0,242.0,20.0,552.0,598.0,90.0
263,27.0,251.0,10.0,620.0,670.0,90.0
264,166.0,170.0,30.0,377.0,438.0,90.0
265,157.0,283.0,20.0,324.0,406.0,90.0
266,236.0,204.0,10.0,937.0,1001.0,90.0
267,177.0,300.0,30.0,911.0,968.0,90.0
268,75.0,206.0,20.0,373.0,439.0,90.0
269,151.0,111.0,20.0,166.0,224.0,90.0
270,74.0,253.0,10.0,649.0,719.0,90.0
271,350.0,182.0,20.0,599.0,645.0,90.0
272,360.0,46.0,20.0,943.0,990.0,90.0
273,369.0,107.0,20.0,912.0,956.0,90.0
274,109.0,186.0,10.0,518.0,580.0,90.0
275,286.0,308.0,10.0,942.0,1001.0,90.0
276,222.0,284.0,10.0,237.0,296.0,90.0
277,93.0,149.0,20.0,118.0,175.0,90.0
278,152.0,237.0,10.0,221.0,271.0,90.0
279,152.0,109.0,30.0,346.0,415.0,90.0
280,357.0,160.0,20.0,407.0,462.0,90.0
281,395.0,310.0,10.0,737.0,806.0,90.0
282,179.0,338.0,10.0,845.0,923.0,90.0
283,243.0,104.0,20.0,715.0,767.0,90.0
284,40.0,53.0,10.0,460.0,521.0,90.0
285,70.0,256.0,10.0,952.0,1012.0,90.0
286,396.0,59.0,20.0,941.0,1011.0,90.0
287,103.0,171.0,10.0,816.0,858.0,90.0
288,79.0,154.0,10.0,550.0,623.0,90.0
289,370.0,104.0,10.0,717.0,785.0,90.0
290,110.0,188.0,10.0,338.0,392.0,90.0
291,73.0,213.0,10.0,127.0,177.0,90.0
292,85.0,44.0,20.0,612.0,679.0,90.0
293,361.0,39.0,30.0,567.0,616.0,90.0
294,344.0,49.0,20.0,827.0,892.0,90.0
295,48.0,326.0,20.0,436.0,501.0,90.0
296,344.0,280.0,20.0,786.0,853.0,90.0
297,54.0,285.0,20.0,168.0,223.0,90.0
298,233.0,214.0,10.0,458.0,530.0,90.0
299,197.0,293.0,30.0,249.0,298.0,90.0
300,21.0,201.0,20.0,421.0,486.0,90.0
301,78.0,246.0,20.0,948.0,998.0,90.0
302,31.0,353.0,20.0,284.0,351.0,90.0
303,52.0,295.0,10.0,605.0,668.0,90.0
304,277.0,285.0,10.0,114.0,181.0,90.0
305,393.0,306.0,20.0,464.0,526.0,90.0
306,268.0,114.0,30.0,570.0,611.0,90.0
307,219.0,377.0,20.0,520.0,591.0,90.0
308,99.0,16.0,20.0,209.0,268.0,90.0
309,51.0,354.0,20.0,925.0,990.0,90.0
310,353.0,276.0,10.0,329.0,377.0,90.0
311,217.0,286.0,10.0,812.0,875.0,90.0
312,359.0,178.0,20.0,489.0,555.0,90.0
313,78.0,251.0,10.0,383.0,433.0,90.0
314,62.0,258.0,20.0,385.0,456.0,90.0
315,237.0,247.0,30.0,417.0,464.0,90.0
316,310.0,196.0,20.0,353.0,408.0,90.0
317,24.0,96.0,10.0,1017.0,1073.0,90.0
318,128.0,68.0,10.0,673.0,737.0,90.0
319,383.0,273.0,10.0,197.0,262.0,90.0
320,362.0,272.0,30.0,239.0,299.0,90.0
321,245.0,106.0,20.0,351.0,402.0,90.0
322,39.0,285.0,20.0,806.0,869.0,90.0
323,327.0,242.0,40.0,679.0,726.0,90.0
324,127.0,279.0,10.0,920.0,977.0,90.0
325,162.0,69.0,10.0,1124.0,1198.0,90.0
326,237.0,108.0,20.0,906.0,963.0,90.0
327,129.0,288.0,10.0,451.0,497.0,90.0
328,306.0,303.0,10.0,389.0,459.0,90.0
329,122.0,183.0,20.0,79.0,131.0,90.0
330,348.0,179.0,20.0,682.0,749.0,90.0
331,127.0,286.0,10.0,635.0,697.0,90.0
332,382.0,266.0,30.0,721.0,800.0,90.0
333,222.0,383.0,30.0,336.0,401.0,90.0
334,209.0,150.0,30.0,593.0,642.0,90.0
335,308.0,296.0,30.0,205.0,268.0,90.0
336,161.0,182.0,20.0,479.0,542.0,90.0
337,340.0,388.0,10.0,1051.0,1104.0,90.0
338,253.0,243.0,10.0,399.0,463.0,90.0
339,181.0,134.0,10.0,501.0,554.0,90.0
340,342.0,384.0,10.0,1228.0,1296.0,90.0
341,301.0,58.0,10.0,324.0,386.0,90.0
342,90.0,53.0,40.0,242.0,305.0,90.0
343,131.0,132.0,10.0,149.0,226.0,90.0
344,60.0,328.0,10.0,1006.0,1065.0,90.0
345,281.0,155.0,10.0,519.0,585.0,90.0
346,369.0,100.0,30.0,357.0,398.0,90.0
347,358.0,23.0,20.0,237.0,304.0,90.0
348,53.0,353.0,20.0,1117.0,1163.0,90.0
349,26.0,247.0,10.0,340.0,381.0,90.0
350,234.0,243.0,20.0,599.0,654.0,90.0
351,76.0,251.0,10.0,562.0,621.0,90.0
352,172.0,178.0,20.0,35.0,103.0,90.0
353,74.0,201.0,10.0,555.0,630.0,90.0
354,174.0,387.0,20.0,808.0,864.0,90.0
355,161.0,63.0,10.0,847.0,907.0,90.0
356,317.0,335.0,20.0,620.0,674.0,90.0
357,140.0,260.0,20.0,790.0,851.0,90.0
358,52.0,292.0,20.0,698.0,761.0,90.0
359,290.0,311.0,30.0,566.0,638.0,90.0
360,89.0,154.0,10.0,930.0,985.0,90.0
361,130.0,279.0,10.0,1100.0,1164.0,90.0
362,273.0,12.0,10.0,441.0,508.0,90.0
363,147.0,283.0,10.0,808.0,859.0,90.0
364,135.0,134.0,10.0,92.0,149.0,90.0
365,49.0,352.0,10.0,750.0,795.0,90.0
366,195.0,91.0,20.0,841.0,885.0,90.0
367,105.0,250.0,30.0,720.0,789.0,90.0
368,159.0,367.0,40.0,226.0,299.0,90.0
369,304.0,297.0,30.0,142.0,203.0,90.0
370,197.0,292.0,20.0,151.0,214.0,90.0
371,300.0,144.0,10.0,1015.0,1098.0,90.0
372,158.0,239.0,20.0,405.0,465.0,90.0
373,69.0,245.0,30.0,847.0,900.0,90.0
374,195.0,294.0,10.0,416.0,497.0,90.0
375,356.0,274.0,30.0,172.0,223.0,90.0
376,133.0,137.0,20.0,903.0,964.0,90.0
377,91.0,150.0,10.0,173.0,249.0,90.0
378,46.0,292.0,30.0,179.0,223.0,90.0
379,203.0,88.0,30.0,112.0,174.0,90.0
380,55.0,291.0,10.0,790.0,855.0,90.0
381,299.0,58.0,30.0,418.0,477.0,90.0
382,158.0,364.0,10.0,704.0,748.0,90.0
383,86.0,47.0,10.0,528.0,577.0,90.0
384,72.0,210.0,20.0,197.0,245.0,90.0
385,132.0,279.0,20.0,1197.0,1252.0,90.0
386,128.0,94.0,10.0,1029.0,1078.0,90.0
387,39.0,56.0,10.0,1121.0,1182.0,90.0
388,39.0,54.0,20.0,372.0,426.0,90.0
389,203.0,388.0,30.0,530.0,589.0,90.0
390,92.0,26.0,20.0,544.0,601.0,90.0
391,321.0,217.0,20.0,460.0,527.0,90.0
392,111.0,165.0,10.0,1278.0,1324.0,90.0
393,232.0,232.0,20.0,479.0,541.0,90.0
394,155.0,202.0,20.0,658.0,710.0,90.0
395,201.0,387.0,20.0,721.0,765.0,90.0
396,303.0,59.0,20.0,789.0,855.0,90.0
397,131.0,283.0,20.0,167.0,229.0,90.0
398,131.0,95.0,20.0,187.0,244.0,90.0
399,73.0,250.0,10.0,752.0,804.0,90.0
400,150.0,236.0,20.0,130.0,177.0,90.0
401,278.0,7.0,20.0,818.0,880.0,90.0
402,33.0,247.0,10.0,895.0,955.0,90.0
403,234.0,203.0,10.0,1033.0,1091.0,90.0
404,22.0,96.0,10.0,733.0,791.0,90.0
405,180.0,387.0,10.0,712.0,768.0,90.0
406,287.0,307.0,10.0,851.0,910.0,90.0
407,129.0,98.0,20.0,1218.0,1257.0,90.0
408,127.0,90.0,20.0,561.0,627.0,90.0
409,39.0,48.0,10.0,647.0,705.0,90.0
410,316.0,336.0,10.0,528.0,583.0,90.0
411,128.0,95.0,10.0,1117.0,1172.0,90.0
412,370.0,98.0,20.0,438.0,500.0,90.0
413,90.0,26.0,30.0,730.0,780.0,90.0
414,204.0,381.0,10.0,1077.0,1145.0,90.0
415,363.0,24.0,20.0,489.0,536.0,90.0
416,277.0,163.0,10.0,705.0,777.0,90.0
417,315.0,341.0,20.0,335.0,391.0,90.0
418,222.0,283.0,20.0,146.0,205.0,90.0
419,109.0,167.0,10.0,1177.0,1239.0,90.0
420,124.0,69.0,10.0,770.0,829.0,90.0
421,41.0,297.0,10.0,243.0,310.0,90.0
422,302.0,136.0,20.0,551.0,609.0,90.0
423,108.0,186.0,10.0,430.0,485.0,90.0
424,321.0,209.0,30.0,121.0,186.0,90.0
425,92.0,155.0,20.0,1014.0,1087.0,90.0
426,108.0,250.0,10.0,900.0,982.0,90.0
427,100.0,243.0,20.0,261.0,321.0,90.0
428,113.0,184.0,10.0,705.0,762.0,90.0
429,211.0,147.0,30.0,494.0,554.0,90.0
430,41.0,52.0,30.0,551.0,612.0,90.0
431,25.0,118.0,10.0,1009.0,1064.0,90.0
432,94.0,31.0,10.0,917.0,971.0,90.0
433,87.0,365.0,20.0,199.0,258.0,90.0
434,300.0,62.0,20.0,170.0,236.0,90.0
435,34.0,385.0,20.0,577.0,646.0,90.0
436,83.0,248.0,30.0,195.0,248.0,90.0
437,186.0,304.0,10.0,518.0,603.0,90.0
438,317.0,331.0,10.0,806.0,858.0,90.0
439,348.0,176.0,10.0,207.0,273.0,90.0
440,211.0,154.0,10.0,676.0,749.0,90.0
441,298.0,138.0,20.0,185.0,232.0,90.0
442,182.0,378.0,10.0,334.0,391.0,90.0
443,100.0,6.0,20.0,1014.0,1069.0,90.0
444,279.0,12.0,20.0,912.0,977.0,90.0
445,308.0,396.0,10.0,467.0,530.0,90.0
446,275.0,287.0,10.0,175.0,241.0,90.0
447,363.0,267.0,10.0,521.0,570.0,90.0
448,104.0,171.0,20.0,717.0,776.0,90.0
449,391.0,271.0,30.0,349.0,422.0,90.0
450,320.0,216.0,20.0,562.0,608.0,90.0
451,389.0,271.0,10.0,268.0,319.0,90.0
452,349.0,272.0,20.0,165.0,213.0,90.0
453,28.0,246.0,20.0,241.0,295.0,90.0
454,92.0,46.0,20.0,731.0,755.0,90.0
455,24.0,93.0,10.0,913.0,990.0,90.0
456,307.0,59.0,10.0,889.0,944.0,90.0
457,293.0,15.0,10.0,353.0,427.0,90.0
458,300.0,299.0,30.0,952.0,1019.0,90.0
459,272.0,161.0,20.0,899.0,956.0,90.0
460,24.0,121.0,20.0,1096.0,1164.0,90.0
461,152.0,263.0,20.0,79.0,139.0,90.0
462,156.0,367.0,10.0,428.0,474.0,90.0
463,48.0,361.0,10.0,552.0,616.0,90.0
464,280.0,283.0,20.0,827.0,886.0,90.0
465,31.0,357.0,20.0,651.0,724.0,90.0
466,275.0,12.0,20.0,550.0,583.0,90.0
467,264.0,112.0,20.0,384.0,426.0,90.0
468,58.0,346.0,20.0,203.0,263.0,90.0
469,21.0,204.0,30.0,236.0,302.0,90.0
470,295.0,307.0,20.0,290.0,358.0,90.0
471,72.0,253.0,20.0,138.0,188.0,90.0
472,111.0,179.0,10.0,889.0,950.0,90.0
473,336.0,387.0,10.0,954.0,1013.0,90.0
474,58.0,294.0,20.0,1081.0,1118.0,90.0
475,84.0,360.0,40.0,733.0,800.0,90.0
476,278.0,159.0,10.0,610.0,683.0,90.0
477,98.0,28.0,20.0,259.0,321.0,90.0
478,346.0,155.0,20.0,787.0,837.0,90.0
479,295.0,16.0,20.0,272.0,323.0,90.0
480,337.0,388.0,10.0,872.0,912.0,90.0
481,182.0,338.0,20.0,568.0,636.0,90.0
482,308.0,389.0,20.0,1217.0,1277.0,90.0
483,392.0,307.0,20.0,551.0,621.0,90.0
484,34.0,289.0,30.0,619.0,682.0,90.0
485,342.0,385.0,10.0,1140.0,1203.0,90.0
486,43.0,386.0,10.0,680.0,740.0,90.0
487,227.0,231.0,10.0,103.0,161.0,90.0
488,302.0,392.0,20.0,217.0,287.0,90.0
489,221.0,281.0,20.0,83.0,150.0,90.0
490,60.0,293.0,20.0,1163.0,1221.0,90.0
491,177.0,137.0,30.0,129.0,185.0,90.0
492,157.0,281.0,10.0,91.0,155.0,90.0
493,90.0,54.0,20.0,182.0,227.0,90.0
494,232.0,234.0,10.0,386.0,451.0,90.0
495,189.0,306.0,40.0,623.0,685.0,90.0
496,229.0,237.0,30.0,300.0,349.0,90.0
497,126.0,70.0,10.0,867.0,917.0,90.0
498,230.0,290.0,20.0,430.0,484.0,90.0
499,99.0,7.0,20.0,913.0,987.0,90.0
500,171.0,179.0,10.0,667.0,735.0,90.0
501,346.0,163.0,30.0,150.0,205.0,90.0
502,313.0,334.0,10.0,895.0,959.0,90.0
503,382.0,54.0,40.0,233.0,294.0,90.0
504,329.0,236.0,10.0,394.0,458.0,90.0
505,335.0,47.0,30.0,265.0,325.0,90.0
506,17.0,125.0,20.0,535.0,585.0,90.0
507,305.0,306.0,20.0,679.0,733.0,90.0
508,356.0,41.0,20.0,222.0,285.0,90.0
509,89.0,51.0,10.0,343.0,389.0,90.0
510,47.0,328.0,50.0,534.0,588.0,90.0
511,117.0,187.0,30.0,145.0,207.0,90.0
512,391.0,54.0,20.0,843.0,915.0,90.0
513,299.0,141.0,10.0,930.0,998.0,90.0
514,336.0,42.0,10.0,463.0,501.0,90.0
515,109.0,252.0,30.0,534.0,595.0,90.0
516,324.0,216.0,20.0,282.0,337.0,90.0
517,40.0,380.0,30.0,302.0,360.0,90.0
518,86.0,154.0,30.0,736.0,811.0,90.0
519,225.0,288.0,20.0,324.0,399.0,90.0
520,294.0,136.0,10.0,113.0,163.0,90.0
521,154.0,284.0,20.0,526.0,574.0,90.0
522,361.0,269.0,30.0,617.0,660.0,90.0
523,181.0,339.0,20.0,657.0,731.0,90.0
524,257.0,239.0,10.0,501.0,552.0,90.0
525,119.0,179.0,10.0,1259.0,1321.0,90.0
526,346.0,48.0,30.0,738.0,797.0,90.0
527,238.0,250.0,20.0,320.0,374.0,90.0
528,95.0,64.0,20.0,313.0,394.0,90.0
529,389.0,307.0,10.0,1026.0,1085.0,90.0
530,22.0,205.0,20.0,178.0,232.0,90.0
531,89.0,48.0,20.0,434.0,484.0,90.0
532,217.0,289.0,20.0,725.0,775.0,90.0
533,280.0,288.0,10.0,457.0,518.0,90.0
534,389.0,306.0,30.0,1117.0,1176.0,90.0
535,97.0,248.0,10.0,354.0,420.0,90.0
536,55.0,324.0,10.0,190.0,254.0,90.0
537,56.0,289.0,10.0,886.0,944.0,90.0
538,187.0,338.0,20.0,203.0,255.0,90.0
539,366.0,39.0,20.0,647.0,725.0,90.0
540,339.0,384.0,20.0,1303.0,1356.0,90.0
541,40.0,56.0,10.0,1215.0,1271.0,90.0
542,46.0,380.0,10.0,871.0,926.0,90.0
543,351.0,177.0,10.0,393.0,455.0,90.0
544,393.0,297.0,20.0,216.0,280.0,90.0
545,351.0,176.0,30.0,312.0,353.0,90.0
546,249.0,242.0,20.0,120.0,192.0,90.0
547,63.0,262.0,20.0,475.0,553.0,90.0
548,346.0,53.0,10.0,923.0,985.0,90.0
549,297.0,135.0,30.0,356.0,426.0,90.0
550,12.0,117.0,20.0,727.0,773.0,90.0
551,279.0,4.0,20.0,728.0,783.0,90.0
552,291.0,308.0,30.0,663.0,728.0,90.0
553,157.0,102.0,30.0,542.0,596.0,90.0
554,15.0,116.0,20.0,906.0,968.0,90.0
555,364.0,43.0,10.0,754.0,807.0,90.0
556,242.0,113.0,10.0,151.0,227.0,90.0
557,82.0,360.0,10.0,649.0,700.0,90.0
558,133.0,68.0,20.0,409.0,451.0,90.0
559,274.0,14.0,20.0,349.0,414.0,90.0
560,34.0,242.0,30.0,171.0,224.0,90.0
561,331.0,251.0,20.0,140.0,205.0,90.0
562,344.0,391.0,10.0,486.0,541.0,90.0
563,301.0,66.0,10.0,1083.0,1128.0,90.0
564,309.0,397.0,30.0,656.0,712.0,90.0
565,213.0,271.0,10.0,413.0,470.0,90.0
566,397.0,313.0,20.0,842.0,887.0,90.0
567,348.0,280.0,10.0,611.0,653.0,90.0
568,150.0,284.0,30.0,701.0,779.0,90.0
569,172.0,180.0,30.0,770.0,816.0,90.0
570,132.0,159.0,10.0,511.0,579.0,90.0
571,376.0,254.0,20.0,428.0,490.0,90.0
572,242.0,105.0,20.0,615.0,685.0,90.0
573,383.0,53.0,10.0,290.0,359.0,90.0
574,276.0,116.0,50.0,113.0,163.0,90.0
575,322.0,242.0,10.0,859.0,918.0,90.0
576,134.0,63.0,10.0,304.0,365.0,90.0
577,158.0,206.0,20.0,99.0,167.0,90.0
578,237.0,213.0,20.0,748.0,807.0,90.0
579,52.0,334.0,30.0,815.0,869.0,90.0
580,101.0,10.0,20.0,1114.0,1157.0,90.0
581,52.0,331.0,10.0,712.0,785.0,90.0
582,17.0,209.0,20.0,709.0,776.0,90.0
583,102.0,67.0,20.0,165.0,231.0,90.0
584,321.0,339.0,10.0,430.0,489.0,90.0
585,167.0,180.0,10.0,584.0,630.0,90.0
586,29.0,250.0,30.0,718.0,756.0,90.0
587,254.0,240.0,10.0,682.0,738.0,90.0
588,371.0,253.0,30.0,698.0,769.0,90.0
589,203.0,384.0,10.0,997.0,1040.0,90.0
590,350.0,271.0,10.0,228.0,286.0,90.0
591,114.0,178.0,10.0,1068.0,1136.0,90.0
592,186.0,306.0,10.0,721.0,774.0,90.0
593,137.0,64.0,30.0,149.0,207.0,90.0
594,393.0,305.0,20.0,368.0,441.0,90.0
595,215.0,143.0,20.0,113.0,191.0,90.0
596,256.0,231.0,20.0,971.0,1022.0,90.0
597,267.0,112.0,30.0,469.0,527.0,90.0
598,33.0,293.0,10.0,440.0,491.0,90.0
599,94.0,70.0,30.0,982.0,1049.0,90.0
600,166.0,67.0,30.0,292.0,351.0,90.0
601,164.0,66.0,20.0,202.0,256.0,90.0
602,183.0,332.0,10.0,1042.0,1103.0,90.0
603,73.0,203.0,20.0,476.0,525.0,90.0
604,232.0,230.0,20.0,569.0,636.0,90.0
605,345.0,158.0,20.0,874.0,936.0,90.0
606,360.0,23.0,20.0,379.0,460.0,90.0
607,142.0,262.0,10.0,524.0,567.0,90.0
608,353.0,164.0,20.0,306.0,371.0,90.0
609,129.0,67.0,30.0,582.0,645.0,90.0
610,308.0,204.0,30.0,730.0,784.0,90.0
611,82.0,65.0,30.0,701.0,763.0,90.0
612,210.0,144.0,10.0,306.0,375.0,90.0
613,341.0,394.0,20.0,672.0,738.0,90.0
614,26.0,250.0,30.0,425.0,483.0,90.0
615,148.0,112.0,20.0,102.0,174.0,90.0
616,177.0,138.0,40.0,66.0,128.0,90.0
617,313.0,340.0,10.0,243.0,299.0,90.0
618,240.0,210.0,10.0,837.0,908.0,90.0
619,75.0,208.0,30.0,292.0,337.0,90.0
620,293.0,306.0,20.0,208.0,255.0,90.0
621,372.0,256.0,20.0,796.0,858.0,90.0
622,324.0,217.0,30.0,369.0,432.0,90.0
623,282.0,282.0,10.0,735.0,794.0,90.0
624,374.0,104.0,10.0,542.0,592.0,90.0
625,376.0,251.0,20.0,332.0,400.0,90.0
626,156.0,207.0,20.0,186.0,265.0,90.0
627,183.0,375.0,30.0,236.0,302.0,90.0
628,364.0,267.0,20.0,427.0,481.0,90.0
629,129.0,293.0,20.0,547.0,591.0,90.0
630,220.0,296.0,20.0,527.0,590.0,90.0
631,75.0,367.0,10.0,545.0,606.0,90.0
632,196.0,295.0,20.0,519.0,576.0,90.0
633,97.0,6.0,10.0,822.0,893.0,90.0
634,93.0,51.0,20.0,1170.0,1233.0,90.0
635,95.0,243.0,20.0,459.0,507.0,90.0
636,206.0,81.0,20.0,449.0,519.0,90.0
637,357.0,39.0,10.0,379.0,434.0,90.0
638,358.0,266.0,30.0,700.0,765.0,90.0
639,16.0,120.0,30.0,623.0,687.0,90.0
640,374.0,253.0,20.0,531.0,570.0,90.0
641,99.0,67.0,10.0,233.0,283.0,90.0
642,99.0,28.0,20.0,199.0,260.0,90.0
643,289.0,306.0,10.0,766.0,811.0,90.0
644,210.0,271.0,20.0,129.0,195.0,90.0
645,21.0,125.0,10.0,261.0,307.0,90.0
646,359.0,30.0,20.0,1058.0,1100.0,90.0
647,327.0,241.0,20.0,578.0,645.0,90.0
648,361.0,44.0,20.0,855.0,893.0,90.0
649,211.0,266.0,10.0,496.0,579.0,90.0
650,29.0,59.0,20.0,928.0,993.0,90.0
651,132.0,170.0,30.0,316.0,380.0,90.0
652,310.0,143.0,20.0,651.0,710.0,90.0
653,139.0,161.0,30.0,617.0,667.0,90.0
654,97.0,29.0,20.0,358.0,406.0,90.0
655,35.0,291.0,10.0,520.0,596.0,90.0
656,227.0,240.0,10.0,213.0,249.0,90.0
657,175.0,299.0,20.0,1013.0,1051.0,90.0
658,227.0,229.0,10.0,39.0,103.0,90.0
659,303.0,58.0,10.0,701.0,761.0,90.0
660,203.0,387.0,10.0,621.0,681.0,90.0
661,53.0,326.0,20.0,253.0,315.0,90.0
662,96.0,14.0,10.0,368.0,423.0,90.0
663,66.0,254.0,20.0,294.0,356.0,90.0
664,214.0,378.0,20.0,178.0,240.0,90.0
665,41.0,382.0,20.0,390.0,457.0,90.0
666,96.0,237.0,10.0,736.0,792.0,90.0
667,388.0,267.0,30.0,639.0,690.0,90.0
668,263.0,110.0,10.0,281.0,345.0,90.0
669,79.0,209.0,10.0,937.0,987.0,90.0
670,168.0,62.0,20.0,388.0,444.0,90.0
671,76.0,207.0,10.0,838.0,899.0,90.0
672,157.0,282.0,20.0,151.0,214.0,90.0
673,345.0,382.0,20.0,232.0,289.0,90.0
674,308.0,196.0,10.0,264.0,314.0,90.0
675,130.0,286.0,10.0,258.0,325.0,90.0
676,176.0,132.0,20.0,229.0,275.0,90.0
677,313.0,335.0,20.0,992.0,1043.0,90.0
678,164.0,62.0,10.0,580.0,622.0,90.0
679,338.0,391.0,40.0,753.0,845.0,90.0
680,390.0,52.0,10.0,748.0,825.0,90.0
681,355.0,39.0,10.0,272.0,357.0,90.0
682,309.0,399.0,10.0,570.0,614.0,90.0
683,363.0,30.0,10.0,954.0,1015.0,90.0
684,162.0,61.0,10.0,750.0,820.0,90.0
685,129.0,132.0,30.0,719.0,773.0,90.0
686,179.0,305.0,10.0,816.0,873.0,90.0
687,207.0,391.0,10.0,435.0,495.0,90.0
688,305.0,304.0,10.0,776.0,820.0,90.0
689,22.0,210.0,20.0,1000.0,1043.0,90.0
690,114.0,254.0,10.0,247.0,318.0,90.0
691,208.0,274.0,30.0,225.0,285.0,90.0
692,349.0,157.0,10.0,693.0,745.0,90.0
693,364.0,25.0,40.0,672.0,745.0,90.0
694,391.0,269.0,10.0,544.0,598.0,90.0
695,244.0,114.0,10.0,96.0,155.0,90.0
696,95.0,63.0,10.0,420.0,468.0,90.0
697,23.0,97.0,20.0,1105.0,1168.0,90.0
698,32.0,352.0,30.0,226.0,295.0,90.0
699,86.0,357.0,10.0,1107.0,1160.0,90.0
700,51.0,326.0,10.0,344.0,408.0,90.0
701,220.0,283.0,10.0,1008.0,1047.0,90.0
702,87.0,153.0,20.0,452.0,525.0,90.0
703,299.0,52.0,30.0,517.0,570.0,90.0
704,129.0,124.0,10.0,526.0,585.0,90.0
705,93.0,237.0,20.0,637.0,706.0,90.0
706,142.0,168.0,10.0,66.0,133.0,90.0
707,204.0,385.0,10.0,900.0,954.0,90.0
708,301.0,139.0,30.0,843.0,898.0,90.0
709,197.0,300.0,10.0,714.0,756.0,90.0
710,44.0,54.0,20.0,213.0,291.0,90.0
711,70.0,264.0,30.0,679.0,724.0,90.0
712,311.0,395.0,10.0,842.0,892.0,90.0
713,229.0,209.0,20.0,30.0,98.0,90.0
714,84.0,252.0,10.0,127.0,193.0,90.0
715,323.0,243.0,20.0,761.0,833.0,90.0
716,251.0,241.0,20.0,308.0,368.0,90.0
717,103.0,167.0,20.0,1078.0,1146.0,90.0
718,308.0,301.0,30.0,303.0,360.0,90.0
719,367.0,255.0,20.0,905.0,939.0,90.0
720,131.0,67.0,30.0,488.0,556.0,90.0
721,386.0,60.0,30.0,1042.0,1110.0,90.0
722,151.0,264.0,40.0,152.0,190.0,90.0
723,186.0,336.0,20.0,136.0,200.0,90.0
724,359.0,49.0,20.0,1022.0,1096.0,90.0
725,154.0,282.0,10.0,436.0,480.0,90.0
726,150.0,108.0,10.0,259.0,318.0,90.0
727,28.0,353.0,20.0,380.0,442.0,90.0
728,93.0,48.0,10.0,982.0,1054.0,90.0
729,156.0,206.0,40.0,470.0,528.0,90.0
730,11.0,115.0,20.0,810.0,875.0,90.0
731,93.0,47.0,10.0,802.0,866.0,90.0
732,138.0,168.0,10.0,135.0,185.0,90.0
733,280.0,287.0,10.0,545.0,612.0,90.0
734,268.0,160.0,20.0,995.0,1049.0,90.0
735,20.0,91.0,10.0,824.0,891.0,90.0
736,134.0,62.0,20.0,211.0,276.0,90.0
737,147.0,264.0,20.0,241.0,288.0,90.0
738,307.0,196.0,20.0,170.0,225.0,90.0
739,49.0,351.0,20.0,837.0,891.0,90.0
740,160.0,366.0,20.0,170.0,251.0,90.0
741,154.0,206.0,30.0,288.0,347.0,90.0
742,156.0,63.0,10.0,942.0,1001.0,90.0
743,168.0,177.0,10.0,189.0,252.0,90.0
744,220.0,381.0,20.0,245.0,306.0,90.0
745,68.0,261.0,20.0,766.0,824.0,90.0
746,389.0,54.0,30.0,663.0,726.0,90.0
747,96.0,8.0,20.0,739.0,793.0,90.0
748,126.0,161.0,20.0,414.0,482.0,90.0
749,231.0,219.0,10.0,568.0,610.0,90.0
750,114.0,252.0,10.0,163.0,219.0,90.0
751,89.0,29.0,30.0,809.0,888.0,90.0
752,355.0,156.0,20.0,503.0,556.0,90.0
753,236.0,243.0,20.0,498.0,572.0,90.0
754,127.0,94.0,10.0,846.0,897.0,90.0
755,176.0,342.0,10.0,757.0,821.0,90.0
756,62.0,301.0,10.0,1266.0,1315.0,90.0
757,41.0,378.0,20.0,238.0,306.0,90.0
758,34.0,355.0,30.0,837.0,906.0,90.0
759,183.0,301.0,20.0,352.0,399.0,90.0
760,277.0,19.0,20.0,1103.0,1165.0,90.0
761,211.0,389.0,30.0,343.0,397.0,90.0
762,115.0,185.0,10.0,240.0,299.0,90.0
763,133.0,94.0,10.0,283.0,333.0,90.0
764,98.0,13.0,10.0,273.0,334.0,90.0
765,306.0,306.0,10.0,496.0,538.0,90.0
766,85.0,358.0,10.0,1020.0,1065.0,90.0
767,93.0,59.0,20.0,601.0,658.0,90.0
768,282.0,283.0,10.0,639.0,707.0,90.0
769,25.0,256.0,20.0,517.0,582.0,90.0
770,76.0,250.0,20.0,470.0,532.0,90.0
771,212.0,146.0,20.0,400.0,465.0,90.0
772,202.0,85.0,10.0,640.0,706.0,90.0
773,178.0,133.0,20.0,309.0,379.0,90.0
774,204.0,292.0,10.0,987.0,1051.0,90.0
775,39.0,384.0,40.0,488.0,543.0,90.0
776,321.0,212.0,30.0,178.0,250.0,90.0
777,239.0,254.0,10.0,221.0,285.0,90.0
778,206.0,296.0,30.0,893.0,956.0,90.0
779,116.0,252.0,20.0,98.0,153.0,90.0
780,33.0,56.0,20.0,829.0,903.0,90.0
781,67.0,258.0,20.0,858.0,919.0,90.0
782,347.0,395.0,10.0,575.0,643.0,90.0
783,310.0,200.0,30.0,638.0,688.0,90.0
784,163.0,63.0,10.0,662.0,723.0,90.0
785,348.0,279.0,10.0,516.0,565.0,90.0
786,106.0,174.0,20.0,342.0,401.0,90.0
787,95.0,8.0,30.0,649.0,701.0,90.0
788,129.0,287.0,10.0,350.0,415.0,90.0
789,19.0,127.0,20.0,433.0,502.0,90.0
790,286.0,17.0,20.0,656.0,698.0,90.0
791,158.0,365.0,10.0,605.0,664.0,90.0
792,223.0,372.0,30.0,621.0,682.0,90.0
793,75.0,203.0,10.0,652.0,717.0,90.0
794,207.0,87.0,20.0,265.0,327.0,90.0
795,19.0,206.0,20.0,904.0,949.0,90.0
796,49.0,289.0,10.0,325.0,385.0,90.0
797,335.0,50.0,20.0,201.0,289.0,90.0
798,181.0,132.0,30.0,599.0,641.0,90.0
799,18.0,208.0,20.0,805.0,864.0,90.0
800,89.0,152.0,20.0,372.0,421.0,90.0
