Kundenr,Tur-id,Kundenavn,Hvorav PPL frys,Volum,Antall leveranser,PPL,Leveringsdag kunde,Leveringstid kunde fra,Leveringstid kunde til
361,3501,Asko Mat,0.0,0.0,1,0.0,Onsdag,08:20,10:20
8353,3055,4341 Apotekergata 5,0.0,300.0,1,1.0,Onsdag,15:55,17:55
9325,3041,Akademiet Vgs Åles.elevkantine,0.5,252.6,1,1.0,Onsdag,08:05,10:05
3319,3751,Alnes Fyr Og Opplevelsessenter,0.5,313.2,1,1.0,Onsdag,10:35,12:35
9142,3055,Anno,0.5,318.6,2,1.0,Onsdag,15:45,17:45
8288,3051,Atlanterhavsparken Ålesund,0.5,560.96,1,1.5,Onsdag,09:00,11:00
7811,3151,"Avd Vatne, Tennfjord Bhg",0.5,476.1,1,1.0,Onsdag,08:20,10:20
582,3451,Bakeriet Kaffebar,0.5,1136.0,1,1.5,Onsdag,10:20,12:20
7923,3051,Blindheim Omsorgssenter 2024,0.5,637.5,1,1.0,Onsdag,07:00,09:00
7396,3751,Braud Valderøy,0.5,679.4,1,1.5,Onsdag,08:55,10:55
9336,3055,Brooklyn 24/26,0.5,477.9,1,1.04,Onsdag,17:40,19:40
3070,3151,Bunnpris Brattvåg,1.0,5266.28,1,5.0,Onsdag,10:35,12:35
6343,3451,Bunnpris Bryggja,1.0,9850.77,1,9.166,Onsdag,08:25,10:25
3096,3452,Bunnpris Eid,1.5,8603.26,1,8.0,Onsdag,09:50,11:50
3095,3701,Bunnpris Hareid,1.0,6767.5,1,6.85,Onsdag,07:00,09:00
2943,3053,Bunnpris Nørve,0.0,389.27,1,0.5,Onsdag,06:55,08:55
13116,3451,Bunnpris Oldeide,1.0,8889.64,1,8.666,Onsdag,10:50,12:50
3071,3651,Bunnpris Sjøholt,0.0,3172.98,1,2.0,Onsdag,06:45,08:45
3097,3551,Bunnpris Stryn,1.0,5360.53,1,5.666,Onsdag,07:50,09:50
3078,3055,Bunnpris Torghallen,0.0,2424.3,1,2.5,Onsdag,16:05,18:05
3077,3702,Bunnpris Ulsteinvik,1.0,5350.04,1,5.333,Onsdag,17:40,19:40
3080,3752,Bunnpris Valderøy,0.0,5096.44,1,5.85,Onsdag,17:05,19:05
3089,3201,Bunnpris Valldal,1.0,5569.05,1,6.0,Onsdag,08:30,10:30
3075,3151,Bunnpris Vatne,1.0,4510.17,1,4.5,Onsdag,08:05,10:05
3081,3401,Bunnpris Vedde,0.0,6499.68,1,5.0,Onsdag,15:55,17:55
3066,3502,Bunnpris Volda,0.0,112.87,1,0.5,Onsdag,17:40,19:40
3093,3502,Bunnpris Ørsta,2.5,8743.38,1,8.666,Onsdag,16:45,18:45
6672,3151,Burger King Digernes Avd 5065,0.0,300.0,1,0.5,Onsdag,07:40,09:40
902,3452,China Restaurant Eid,0.5,313.5,1,1.0,Onsdag,11:05,13:05
1048,3452,Didriks Kafe & Gaver,0.5,346.4,1,1.0,Onsdag,11:00,13:00
6460,3601,Dreges Hotel,0.5,209.9,1,0.5,Onsdag,08:50,10:50
8945,3051,Daaskogen Renex,0.5,473.1,1,1.0,Onsdag,09:20,11:20
13246,3042,Ebbegarden Barnehage Emblem,0.0,300.0,1,0.5,Onsdag,11:15,13:15
7806,3151,Eidet Omsorgs. Kjøkken 2024,0.5,982.91,1,1.5,Onsdag,08:25,10:25
8562,3102,"Elektroimportøren Norge As,åle",0.0,259.1,1,0.5,Onsdag,13:00,15:00
7931,3041,Ellingsøy Barnehage 2024,0.5,457.6,1,1.5,Onsdag,08:40,10:40
9018,3106,Eurospar Blindheim,0.0,6661.05,1,6.0,Onsdag,16:00,18:00
6360,3701,Eurospar Hareid,1.5,5749.3,1,6.0,Onsdag,06:40,08:40
9200,3053,Eurospar Larsgården,0.0,11458.42,1,10.833,Onsdag,06:25,08:25
8900,3057,Eurospar Moa,1.5,14215.91,1,13.203,Onsdag,10:05,12:05
7740,3601,Eurospar Sykkylven,0.0,7115.34,1,7.35,Onsdag,06:50,08:50
7390,3752,Eurospar Valderøy,3.5,16429.0,1,13.71,Onsdag,17:35,19:35
4110,3502,Eurospar Ørsta,0.0,4422.48,1,4.5,Onsdag,17:10,19:10
9037,3054,Eurospar Ålesund Storsenter,3.5,12174.26,1,10.69,Onsdag,16:30,18:30
8260,3151,Facilitec Brattvåg,0.5,802.08,1,1.0,Onsdag,09:45,11:45
1377,3452,Factory Grodås,0.5,470.3,1,1.0,Onsdag,08:35,10:35
6762,3551,Felleskjøpet Stryn 4570,0.0,7.1,1,0.5,Onsdag,09:55,11:55
9317,3101,Felleskjøpet Ålesund 6110,0.0,23.5,1,0.5,Onsdag,08:05,10:05
1615,3452,Fjordane Folkehøgskule,0.0,300.0,1,0.5,Onsdag,11:50,13:50
1631,3451,Fjordly Ungdomssenter,0.5,380.0,1,1.0,Onsdag,12:05,14:05
1041,3452,Flammen 6770,0.5,462.2,1,1.0,Onsdag,11:40,13:40
4044,3102,Fole Festlig,0.5,635.92,1,1.5,Onsdag,11:00,13:00
7585,3751,Giske Omsorgssenter,0.5,293.2,1,1.0,Onsdag,06:45,08:45
8437,3051,Grimmergata 5 As Kantine,0.5,484.4,1,1.0,Onsdag,07:40,09:40
7934,3042,Hatlahaugen Dagsenter 2024,0.5,214.0,1,1.0,Onsdag,11:50,13:50
1159,3451,Havfruen Måløy,0.5,1221.59,1,1.5,Onsdag,11:25,13:25
2617,3601,Hellesylt Boutique Og Bar,0.0,71.1,1,0.5,Onsdag,10:30,12:30
3339,3651,Helsehuset Stella Maris,0.5,547.3,1,1.5,Onsdag,09:05,11:05
1835,3452,Hf Nordfjord Sjukehus,0.5,170.1,1,1.0,Onsdag,11:45,13:45
2819,3551,Isehaug Kafeteria,1.0,1666.57,1,2.5,Onsdag,09:10,11:10
13181,3151,Iss 422565 Haramsenteret,0.5,2455.81,1,3.0,Onsdag,10:00,12:00
7646,3101,Iss 460080 Statens Vegvesen,0.5,529.95,1,1.0,Onsdag,08:10,10:10
3615,3751,Joker Godøy,0.5,2318.58,1,3.0,Onsdag,10:05,12:05
5280,3601,Joker Hellesylt 708000993239,0.5,2510.68,1,3.5,Onsdag,10:00,12:00
643,3551,Joker Hjelledalen,0.5,2335.03,1,3.0,Onsdag,11:00,13:00
7755,3201,Joker Stordal,0.5,4960.63,1,5.0,Onsdag,07:30,09:30
1890,3651,Joker Tomrefjord,0.5,2359.82,1,2.0,Onsdag,11:30,13:30
7018,3151,Joker Vatne,0.5,2782.12,1,3.0,Onsdag,08:15,10:15
1715,3751,Joker Vikane,0.5,2976.63,1,3.5,Onsdag,07:25,09:25
3328,3701,Jr Ulsteinvik As,0.0,760.5,1,1.5,Onsdag,08:00,10:00
7943,3042,Kaos Kollektivet Ungdomshus,0.5,306.4,1,1.0,Onsdag,11:35,13:35
9176,3102,Keiseren Frukt Og Grønt,0.5,448.4,1,1.0,Onsdag,12:30,14:30
355,3501,Kiwi 827 Ørsta,0.0,10191.01,1,9.183,Onsdag,08:05,10:05
7642,3502,Kiwi 830 Skjellebreida Volda,0.5,5923.98,1,6.35,Onsdag,18:10,20:10
9045,3056,Kiwi 832 Sundgata,1.0,8937.6,1,9.53,Onsdag,19:50,21:50
2958,3057,Kiwi 841 Skodje,0.5,6937.77,1,7.35,Onsdag,10:40,12:40
2936,3502,Kiwi 843 Volda,0.0,16855.51,1,14.8,Onsdag,18:25,20:25
2935,3601,Kiwi 844 Sykkylven,2.0,8565.0,1,7.333,Onsdag,07:20,09:20
9093,3056,Kiwi 849 Skarbøvik,3.0,11204.13,1,10.85,Onsdag,20:35,22:35
2931,3056,Kiwi 901 Nørve,0.0,13786.19,1,11.713,Onsdag,19:15,21:15
2932,3105,Kiwi 902 Spjelkavik,2.0,8740.13,1,9.7,Onsdag,19:20,21:20
2920,3251,Kiwi 905 Eggesbønes,1.0,10851.22,1,10.2,Onsdag,18:10,20:10
2927,3451,Kiwi 906 Deknepollen,0.0,1323.44,1,1.7,Onsdag,09:10,11:10
2908,3103,Kiwi 908 Klokkersund,0.0,10980.74,1,10.406,Onsdag,20:20,22:20
2939,3103,Kiwi 909 Flisnes,0.0,9742.96,1,8.549,Onsdag,19:30,21:30
2942,3057,Kiwi 910 Kverve,1.0,11055.08,1,10.0,Onsdag,13:10,15:10
2946,3401,Kiwi 911 Fiskarstrand,0.0,6945.39,1,6.516,Onsdag,15:25,17:25
2948,3601,Kiwi 912 Stranda,0.0,4617.15,1,4.5,Onsdag,08:30,10:30
2950,3551,Kiwi 913 Stryn,0.0,8992.55,1,8.839,Onsdag,07:45,09:15
2928,3702,Kiwi 914 Ulsteinvik,0.0,15486.09,1,12.38,Onsdag,18:00,20:00
2953,3752,Kiwi 915 Valderøy,0.0,7891.46,1,7.85,Onsdag,16:40,18:40
2955,3055,Kiwi 916 Kremmergaarden,2.0,8580.35,1,9.35,Onsdag,17:05,19:05
2957,3701,Kiwi 917 Myrvåg,0.0,14123.73,1,10.35,Onsdag,08:50,10:50
2959,3401,Kiwi 918 Langevåg,0.0,16020.51,1,12.5,Onsdag,16:25,18:25
2956,3055,Kiwi 919 Nedre Strandgate,1.0,4175.65,1,4.833,Onsdag,16:35,18:35
2947,3104,Kiwi 920 Breivika,0.0,9200.07,1,8.033,Onsdag,15:15,17:15
2930,3651,Kiwi 921 Vestnes,2.0,8853.41,1,7.08,Onsdag,07:50,09:50
2963,3452,Kiwi 922 Nordfjordeid,0.0,4341.13,1,5.0,Onsdag,09:20,11:20
2940,3108,Kiwi 923 Hatlane,1.0,7333.3,1,6.533,Onsdag,19:05,21:05
2961,3151,Kiwi 924 Vallekrysset,0.0,4618.49,1,4.35,Onsdag,06:35,08:35
2937,3501,Kiwi 925 Meieribygget Ørsta,0.0,6632.72,1,6.85,Onsdag,07:45,09:45
7927,3041,Klipra Kafe,0.5,174.61,1,1.0,Onsdag,07:40,09:40
6544,3601,Lille Siena,0.5,840.84,1,1.5,Onsdag,09:00,11:00
3907,3101,Linja Avd Høgvoll 10012-1000,0.5,475.45,1,1.0,Onsdag,08:20,10:20
8266,3102,M Supply 5 Ålesund,0.5,1177.1,1,1.5,Onsdag,11:25,13:25
1056,3452,Magnifikk,0.5,827.05,1,1.5,Onsdag,10:10,12:10
3438,3452,Mardini Spiseri,0.5,800.6,1,1.5,Onsdag,10:15,12:15
5263,3551,Matstova Oppstryn,0.5,518.0,1,1.0,Onsdag,10:35,12:35
3735,3251,Meny Fosnavåg,0.5,6504.82,1,7.75,Onsdag,17:35,19:35
8620,3108,Meny Lerstad,1.0,7244.3,1,8.5,Onsdag,19:40,21:40
8588,3701,Mf Suløy Catering 100004,0.5,1340.76,1,1.5,Onsdag,06:10,08:10
12009,3051,Miljøstasjonen Hig,0.0,0.0,28,0.0,Onsdag,09:30,11:30
1097,3452,Minibakeriet,0.0,30.0,1,0.33,Onsdag,10:25,12:25
3643,3451,Mix Måløy Ny,1.0,2514.98,1,4.5,Onsdag,11:45,13:45
7587,3151,Mmc First Process Digernes,0.5,664.0,1,1.5,Onsdag,07:20,09:20
3770,3201,Muritunet As,0.5,1428.25,1,2.5,Onsdag,08:55,10:55
8764,3102,Møre Supply,0.5,208.2,1,1.0,Onsdag,11:25,13:25
3623,3451,Måløy Spiskammers,0.5,824.56,1,1.5,Onsdag,11:15,13:15
3865,3451,Måløy Vg Skule,0.5,421.4,1,1.5,Onsdag,10:30,12:30
3984,3501,Naustet Grill,1.0,2916.95,1,2.5,Onsdag,10:00,12:00
6644,3201,Nilsgardstunet,0.5,900.58,1,2.5,Onsdag,07:25,09:25
8038,3151,Nor F. Bertel.o Steen,0.5,675.06,1,1.0,Onsdag,07:10,09:10
9258,3052,Nor F. Color Line,0.5,612.4,1,1.5,Onsdag,12:00,14:00
8032,3751,Nor F. Optimar,0.5,178.03,1,1.0,Onsdag,09:25,11:25
2393,3151,Nor F. Vard Brattvåg,0.5,438.4,1,1.0,Onsdag,10:50,12:50
8073,3057,Nor F. Vard Electro,0.02,815.9,1,1.02,Onsdag,11:55,13:55
7489,3151,Norbruk Vard Søvika,0.5,531.16,1,1.0,Onsdag,09:15,11:15
4002,3452,Nordfjord Hotell,0.5,991.27,1,2.0,Onsdag,11:35,13:35
10096,3101,Norengros Ødegaard Engros,0.0,370.2,1,0.5,Onsdag,09:20,11:20
7925,3041,Nørve Barnehage 2024,0.5,128.4,1,1.0,Onsdag,07:30,09:30
774,3551,O.l. Brekke Kafe Catering,0.5,530.83,1,1.0,Onsdag,08:55,10:55
4047,3151,Obs Bygg Digernes,0.0,257.6,1,0.5,Onsdag,07:30,09:30
13115,3451,Oldeide Matsenter Storhush.,0.5,860.8,1,1.5,Onsdag,10:50,12:50
2373,3702,Posten Restaurant Og Bar,0.5,1701.6,1,2.95,Onsdag,16:45,18:45
13124,3701,Quality Hotel Ulstein,1.0,4040.3,1,4.0,Onsdag,07:50,09:50
8929,3054,Racoon Coffee,0.0,160.1,1,0.5,Onsdag,16:20,18:20
3338,3651,Remmemsvik Kiosk & Gatekjøkken,1.0,1087.5,1,1.5,Onsdag,09:15,11:15
5901,3701,Rem-servering,0.5,1009.4,1,2.0,Onsdag,08:25,10:25
13067,3101,Sabrura Moa,0.0,300.0,1,0.5,Onsdag,08:50,10:50
7905,3052,Sanitetshjemmet Bokollektiv,0.5,907.0,1,1.0,Onsdag,11:26,13:26
8850,3052,Scandic Parken Hotell Mat,0.0,302.0,1,1.0,Onsdag,12:35,14:35
8564,3751,Seafood Farmers Of Norway,0.5,1145.8,1,2.5,Onsdag,09:15,11:15
9330,3052,Sjøbua Restaurant,0.5,228.6,1,1.0,Onsdag,13:10,15:10
6017,3651,Sjøholt Catering As,0.5,186.6,1,1.0,Onsdag,07:10,09:10
5904,3452,Sjøkanten Cafe,1.0,2173.7,1,2.5,Onsdag,09:45,11:45
7915,3057,Skodje Barnehage 2024,0.5,292.3,1,1.0,Onsdag,11:25,13:25
6769,3551,Smak Kafe & Catering,0.0,300.0,1,0.5,Onsdag,08:05,10:05
7325,3702,Snorrebuda,1.0,2489.14,1,3.5,Onsdag,17:35,19:35
9055,3106,Spar Eidsnes,0.0,3198.99,1,3.07,Onsdag,15:25,17:25
4220,3057,Spar Ellingsøy,1.0,4089.84,1,3.5,Onsdag,12:25,14:25
1845,3251,Spar Fosnavåg,1.0,8472.29,1,8.0,Onsdag,17:00,19:00
2170,3452,Spar Hornindal,2.0,8094.69,1,7.563,Onsdag,07:50,09:50
5550,3501,Spar Hovdebygda,1.0,10855.45,1,9.27,Onsdag,09:20,11:20
1090,3401,Spar Langevåg,1.0,2981.37,1,2.5,Onsdag,16:55,18:55
8697,3105,Spar Spjelkavik,1.0,6087.65,1,6.74,Onsdag,18:50,20:50
6780,3601,Spar Svingen,1.5,4182.76,1,4.25,Onsdag,09:20,11:20
7010,3151,Spar Søvik,0.0,4788.6,1,4.5,Onsdag,09:00,11:00
6320,3651,Spar Tresfjord,1.0,5914.59,1,6.833,Onsdag,10:05,12:05
7765,3702,Spar Ulsteinvik,0.0,3104.02,1,3.5,Onsdag,17:10,19:10
4245,3201,Spar Valldal,1.0,9421.49,1,7.89,Onsdag,08:45,10:45
7450,3502,Spar Vartdal,1.0,7091.11,1,8.0,Onsdag,16:10,18:10
5540,3502,Spar Volda,0.0,3559.53,1,4.18,Onsdag,17:55,19:55
4225,3054,Spar Åse,1.0,4371.22,1,4.0,Onsdag,15:35,17:35
8997,3051,Sparebanken Møre Kantine,0.5,446.1,1,1.5,Onsdag,08:40,10:40
7910,3101,Spjelkavik Omsorgssenter 2024,0.5,1107.3,1,1.5,Onsdag,08:40,10:40
5888,3751,Ssp O'learys A327 Aes,0.5,860.6,1,1.5,Onsdag,08:15,10:15
5894,3751,Ssp Point Dom A328 Aes,0.0,295.2,1,0.5,Onsdag,08:15,10:15
5895,3751,Ssp Prod.kjøkken Y018 Aes,0.0,319.2,1,0.5,Onsdag,08:15,10:15
5887,3751,Ssp Upper Crust A326 Aes,0.5,987.8,1,1.0,Onsdag,08:15,10:15
1699,3701,St1 Ulsteinvik 9109,1.5,1573.04,1,2.0,Onsdag,08:10,10:10
1697,3651,St1 Vestnes 9289,1.0,2208.21,1,3.0,Onsdag,08:25,10:25
1696,3651,St1 Ørskog 9415,0.0,18.5,1,0.5,Onsdag,07:00,09:00
7913,3057,Stette Barnehage,0.5,139.2,1,1.0,Onsdag,12:10,14:10
6457,3601,Strandafjellet Rest.drift As,1.5,3346.3,1,4.0,Onsdag,08:10,10:10
6764,3551,Stryn Bensinstasjon Esso,1.0,1425.6,1,2.0,Onsdag,08:10,10:10
6645,3551,Stryn Hotel As,0.5,617.14,1,1.0,Onsdag,08:30,10:30
2161,3551,Stryn Kaffebar Og Vertshus,1.0,2440.9,1,2.5,Onsdag,09:30,11:30
5264,3551,"Stryn Torg,matstova",0.5,403.4,1,1.0,Onsdag,08:45,10:45
8675,3051,Stuen As,1.5,4083.18,1,4.0,Onsdag,08:10,10:10
7494,3751,Subsea 7 Vigra Spoolbase,1.0,2199.81,1,3.0,Onsdag,07:10,09:10
6878,3201,Sylteormen Bakeri,0.0,251.9,1,0.5,Onsdag,09:30,11:30
8174,3102,Thai Thai Ålesund,0.0,322.8,1,1.0,Onsdag,11:35,13:35
9248,3052,The Greedy Box,0.5,812.3,1,1.5,Onsdag,13:00,15:00
9090,3053,"Tine Sa, Kantine",0.5,623.5,1,1.0,Onsdag,07:05,09:05
13312,3051,"Toma Kant.sor.sk.b.gt,1116201",0.0,0.0,1,0.5,Onsdag,07:55,09:55
7088,3451,Torget Mat,0.5,680.14,1,2.0,Onsdag,11:20,13:20
7070,3452,Totlands Bokhandel,0.0,652.25,1,1.0,Onsdag,10:20,12:20
9131,3042,Trankokeriet Antikk,0.5,43.1,1,0.5,Onsdag,12:55,14:55
13095,3501,Tredet,0.5,615.3,1,1.5,Onsdag,10:05,12:05
12224,3201,Trsp.o Trollbryggeriet As,0.0,0.0,1,0.0,Onsdag,12:20,14:20
12203,3201,"Trsp.o. Berdal, Valldal",0.0,0.0,1,0.0,Onsdag,11:20,13:20
12227,3151,Trsp.o. Gjendemsjø Fisk,0.0,0.0,1,0.0,Onsdag,11:25,13:25
12205,3053,Trsp.o. Longvafisk,0.0,0.0,1,0.0,Onsdag,08:05,10:05
12209,3751,Trsp.o. Prestebrygga Farin,0.0,0.0,1,0.0,Onsdag,11:40,13:40
12215,3601,Trsp.o. Stranda Spekemat,0.0,0.0,1,0.0,Onsdag,11:50,13:50
12217,3201,Trsp.o. Valldal Grønt,0.0,0.0,1,0.0,Onsdag,11:25,13:25
7382,3102,Valaker Avd. Moa Nord,0.5,203.3,1,1.0,Onsdag,11:40,13:40
7387,3651,Valaker Avd. Vestnes,0.5,625.34,1,1.0,Onsdag,08:55,10:55
7388,3151,Valaker Hovedkontor/konditori,0.0,756.9,1,1.0,Onsdag,09:25,11:25
7380,3201,Valldal Bilsenter,0.5,403.78,1,1.0,Onsdag,09:10,11:10
7355,3201,Valldal Sjukeheim,0.5,1144.3,1,1.5,Onsdag,09:45,11:45
7933,3057,Valle Barnehage 2024,0.5,250.9,1,1.0,Onsdag,11:35,13:35
7445,3501,Vartdal Helsetun 31096,0.5,569.4,1,1.0,Onsdag,07:15,09:15
13123,3651,Vestnes Sentralkjøkken,1.0,1185.4,1,1.5,Onsdag,09:00,11:00
7579,3751,Vigra Barnehage,0.5,75.8,1,1.0,Onsdag,07:50,09:50
7578,3751,Vigra Servicenter,1.0,2100.1,1,2.5,Onsdag,08:45,10:45
6714,3501,Volda Campus Arena,0.0,431.8,1,1.0,Onsdag,10:45,12:45
1641,3501,Voldabadet,0.0,193.4,1,0.5,Onsdag,10:45,12:45
8017,3501,Westres Bakeri Rystelandet,1.0,580.7,1,1.5,Onsdag,09:10,11:10
10097,3101,Ødegaard Engros Spiserom,0.0,134.2,1,0.5,Onsdag,09:21,11:21
7941,3053,Øhd-åles.lokalmed.senter,0.0,338.0,1,0.5,Onsdag,06:06,08:06
9125,3041,Ålesund Beh.senter Avd 6711,0.5,165.6,1,1.0,Onsdag,07:00,09:00
8989,3053,Aarflot Havnevik As,0.0,1571.22,1,1.5,Onsdag,07:40,09:40
7919,3053,Åse Helsehus 2024,0.5,879.1,1,1.5,Onsdag,06:05,08:05
